propertyid,address,estateid,estatename,blockid,blockname,coreid,corename,propertytype,bedrooms,num_floors,is_higher_risk,accountableperson,buildingsafetymanager,safetycasereportdate,laststructuralinspectiondate,lastfireriskassessmentdate,firesafety_certificate_date,gas_safety_certificate_date,enforcementnotices,golden_thread,compliance_status,total_repairs,avg_repair_cost,avg_inspection_score,inspection_count,asb_incidents,patch_id,region_id,property_age_years,days_since_last_structural_inspection,days_since_last_fire_assessment,buildingregistrationdate,patchid,days_since_last_compliance_audit,fire_risk_flag,compliance_overdue_flag
1,"167 Pembridge Road, London",1.0,Estate 1,1.0,Block 1,,,Flat,3,,False,,,,,,,,,Not Required,Not Applicable,5.0,2576.7833333333333,0.0,5,,7.0,,31.0,,,,7.0,,False,False
2,"2 Ladbroke Grove, London",9.0,Estate 9,15.0,Block 15,28.0,Core 28,Flat,2,,False,,,,,,,,,Not Required,Not Applicable,1.0,,1.0,6,,4.0,,32.0,,,,4.0,,False,False
3,"196 Notting Hill Gate, London",5.0,Estate 5,10.0,Block 10,,,Flat,3,,False,,,,,,,,,Not Required,Not Applicable,5.0,2548.83,1.0,3,,5.0,,34.0,,,,5.0,,False,False
4,"155 Notting Hill Gate, London",6.0,Estate 6,11.0,Block 11,,,House,1,,False,,,,,,,,,Not Required,Not Applicable,4.0,1619.49,0.0,5,1.0,7.0,,35.0,,,,7.0,,False,False
5,"97 Portobello Road, London",9.0,Estate 9,16.0,Block 16,,,House,3,,False,,,,,,,,,Not Required,Not Applicable,5.0,1876.4366666666665,0.6,5,,3.0,,34.0,,,,3.0,,False,False
6,"181 Portobello Road, London",1.0,Estate 1,3.0,Block 3,,,Flat,3,,False,,,,,,,,,Not Required,Not Applicable,3.0,2937.16,0.0,2,1.0,8.0,,32.0,,,,8.0,,False,False
7,"60 Portobello Road, London",1.0,Estate 1,2.0,Block 2,5.0,Core 5,Flat,3,,False,,,,,,,,,Not Required,Not Applicable,2.0,2699.31,0.4,5,,5.0,,35.0,,,,5.0,,False,False
8,"91 Ladbroke Grove, London",9.0,Estate 9,14.0,Block 14,,,House,1,,False,,,,,,,,,Not Required,Not Applicable,1.0,2561.71,0.6666666666666666,6,1.0,5.0,,33.0,,,,5.0,,False,False
9,"44 Pembridge Road, London",6.0,Estate 6,11.0,Block 11,20.0,Core 20,Flat,4,,False,,,,,,,,,Not Required,Not Applicable,5.0,1901.3033333333333,0.6666666666666666,3,,7.0,,35.0,,,,7.0,,False,False
10,"164 Pembridge Road, London",4.0,Estate 4,6.0,Block 6,15.0,Core 15,Flat,1,,False,,,,,,,,,Not Required,Not Applicable,2.0,2046.79,1.3333333333333333,3,,2.0,,34.0,,,,2.0,,False,False
11,"9 Notting Hill Gate, London",10.0,Estate 10,17.0,Block 17,34.0,Core 34,Flat,3,,False,,,,,,,,,Not Required,Not Applicable,4.0,3306.425,1.25,4,,3.0,,35.0,,,,3.0,,False,False
12,"128 Westbourne Grove, London",10.0,Estate 10,17.0,Block 17,32.0,Core 32,Flat,2,,False,,,,,,,,,Not Required,Not Applicable,2.0,2739.18,0.5,4,,7.0,,35.0,,,,7.0,,False,False
13,"144 Pembridge Road, London",10.0,Estate 10,17.0,Block 17,34.0,Core 34,Flat,4,,False,,,,,,,,,Not Required,Not Applicable,3.0,3533.7749999999996,0.4,5,,3.0,,35.0,,,,3.0,,False,False
14,"36 Pembridge Road, London",6.0,Estate 6,11.0,Block 11,20.0,Core 20,House,1,,False,,,,,,,,,Not Required,Not Applicable,1.0,3970.86,0.6,5,1.0,3.0,,35.0,,,,3.0,,False,False
15,"41 Westbourne Grove, London",8.0,Estate 8,13.0,Block 13,,,Flat,4,,False,,,,,,,,,Not Required,Not Applicable,2.0,3942.02,1.0,6,,8.0,,32.0,,,,8.0,,False,False
16,"142 Portobello Road, London",4.0,Estate 4,8.0,Block 8,,,Flat,3,,False,,,,,,,,,Not Required,Not Applicable,4.0,2187.6233333333334,0.6666666666666666,6,1.0,5.0,,29.0,,,,5.0,,False,False
17,"88 Portobello Road, London",9.0,Estate 9,14.0,Block 14,,,Flat,1,,False,,,,,,,,,Not Required,Not Applicable,5.0,2206.585,0.8333333333333334,6,,4.0,,33.0,,,,4.0,,False,False
18,"185 Notting Hill Gate, London",4.0,Estate 4,8.0,Block 8,,,House,1,,False,,,,,,,,,Not Required,Not Applicable,1.0,,0.16666666666666666,6,,8.0,,29.0,,,,8.0,,False,False
19,"77 Pembridge Road, London",4.0,Estate 4,7.0,Block 7,,,Flat,2,,False,,,,,,,,,Not Required,Not Applicable,5.0,2978.1225,2.25,4,1.0,8.0,,35.0,,,,8.0,,False,False
20,"200 Pembridge Road, London",5.0,Estate 5,10.0,Block 10,19.0,Core 19,Flat,4,,False,,,,,,,,,Not Required,Not Applicable,1.0,1699.78,1.0,6,,3.0,,34.0,,,,3.0,,False,False
21,"93 Notting Hill Gate, London",8.0,Estate 8,13.0,Block 13,25.0,Core 25,Flat,1,,False,,,,,,,,,Not Required,Not Applicable,,,0.16666666666666666,6,,,,32.0,,,,,,False,False
22,"125 Portobello Road, London",4.0,Estate 4,8.0,Block 8,17.0,Core 17,Flat,2,,False,,,,,,,,,Not Required,Not Applicable,,,1.6,5,,,,29.0,,,,,,False,False
23,"122 Pembridge Road, London",1.0,Estate 1,2.0,Block 2,,,Flat,4,,False,,,,,,,,,Not Required,Not Applicable,3.0,2819.7966666666666,1.5,6,,2.0,,35.0,,,,2.0,,False,False
24,"139 Ladbroke Grove, London",10.0,Estate 10,17.0,Block 17,32.0,Core 32,Flat,3,,False,,,,,,,,,Not Required,Not Applicable,5.0,1990.1933333333334,0.75,4,2.0,8.0,,35.0,,,,8.0,,False,False
25,"133 Westbourne Grove, London",9.0,Estate 9,14.0,Block 14,27.0,Core 27,Flat,3,,False,,,,,,,,,Not Required,Not Applicable,5.0,2582.2033333333334,0.0,2,,4.0,,33.0,,,,4.0,,False,False
26,"142 Ladbroke Grove, London",3.0,Estate 3,5.0,Block 5,13.0,Core 13,Flat,1,,False,,,,,,,,,Not Required,Not Applicable,3.0,2958.59,0.6666666666666666,3,1.0,6.0,,33.0,,,,6.0,,False,False
27,"9 Notting Hill Gate, London",5.0,Estate 5,9.0,Block 9,18.0,Core 18,Flat,4,,False,,,,,,,,,Not Required,Not Applicable,5.0,2552.86,0.0,3,,6.0,,35.0,,,,6.0,,False,False
28,"34 Pembridge Road, London",7.0,Estate 7,12.0,Block 12,,,Flat,4,,False,,,,,,,,,Not Required,Not Applicable,4.0,1525.75,0.75,4,1.0,2.0,,35.0,,,,2.0,,False,False
29,"49 Portobello Road, London",4.0,Estate 4,8.0,Block 8,17.0,Core 17,Flat,4,,False,,,,,,,,,Not Required,Not Applicable,3.0,3312.6,0.6,5,,8.0,,29.0,,,,8.0,,False,False
30,"187 Portobello Road, London",2.0,Estate 2,4.0,Block 4,10.0,Core 10,Block of Flats,1,1.0,False,,,,,,,,,Not Required,Not Applicable,3.0,1165.325,0.0,4,1.0,4.0,,35.0,,,,4.0,,False,False
31,"87 Portobello Road, London",4.0,Estate 4,6.0,Block 6,14.0,Core 14,Flat,4,,False,,,,,,,,,Not Required,Not Applicable,4.0,1141.335,1.0,3,,5.0,,34.0,,,,5.0,,False,False
32,"47 Notting Hill Gate, London",5.0,Estate 5,9.0,Block 9,18.0,Core 18,House,1,,False,,,,,,,,,Not Required,Not Applicable,1.0,2865.12,0.4,5,,1.0,,35.0,,,,1.0,,False,False
33,"141 Portobello Road, London",9.0,Estate 9,15.0,Block 15,,,Block of Flats,1,2.0,False,,,,,,,,,Not Required,Not Applicable,4.0,2201.25,0.0,6,,4.0,,32.0,,,,4.0,,False,False
34,"61 Ladbroke Grove, London",9.0,Estate 9,16.0,Block 16,,,Flat,4,,False,,,,,,,,,Not Required,Not Applicable,1.0,4668.03,2.5,2,,2.0,,34.0,,,,2.0,,False,False
35,"43 Westbourne Grove, London",4.0,Estate 4,8.0,Block 8,17.0,Core 17,Block of Flats,4,5.0,False,,,,,,,,,Not Required,Not Applicable,1.0,,1.0,6,1.0,6.0,,29.0,,,,6.0,,False,False
36,"188 Pembridge Road, London",8.0,Estate 8,13.0,Block 13,25.0,Core 25,Flat,2,,False,,,,,,,,,Not Required,Not Applicable,5.0,2258.403333333333,0.5,6,,5.0,,32.0,,,,5.0,,False,False
37,"15 Pembridge Road, London",5.0,Estate 5,10.0,Block 10,19.0,Core 19,Flat,3,,False,,,,,,,,,Not Required,Not Applicable,2.0,708.51,0.8333333333333334,6,,4.0,,34.0,,,,4.0,,False,False
38,"150 Westbourne Grove, London",10.0,Estate 10,17.0,Block 17,,,Flat,1,,False,,,,,,,,,Not Required,Not Applicable,5.0,3026.42,2.0,3,1.0,1.0,,35.0,,,,1.0,,False,False
39,"18 Pembridge Road, London",2.0,Estate 2,4.0,Block 4,10.0,Core 10,House,4,,False,,,,,,,,,Not Required,Not Applicable,3.0,2935.0333333333333,1.2,5,,1.0,,35.0,,,,1.0,,False,False
40,"146 Ladbroke Grove, London",3.0,Estate 3,5.0,Block 5,12.0,Core 12,Flat,1,,False,,,,,,,,,Not Required,Not Applicable,5.0,2925.015,1.5,4,,3.0,,33.0,,,,3.0,,False,False
41,"150 Pembridge Road, London",5.0,Estate 5,9.0,Block 9,18.0,Core 18,Block of Flats,2,6.0,False,,,,,,,,,Not Required,Not Applicable,5.0,2625.46,1.5,2,1.0,3.0,,35.0,,,,3.0,,False,False
42,"102 Ladbroke Grove, London",1.0,Estate 1,1.0,Block 1,,,Flat,3,,False,,,,,,,,,Not Required,Not Applicable,5.0,740.6066666666667,0.4,5,2.0,7.0,,31.0,,,,7.0,,False,False
43,"19 Portobello Road, London",9.0,Estate 9,16.0,Block 16,,,Block of Flats,1,2.0,False,,,,,,,,,Not Required,Not Applicable,5.0,3591.9475,0.0,2,,2.0,,34.0,,,,2.0,,False,False
44,"130 Notting Hill Gate, London",7.0,Estate 7,12.0,Block 12,,,Flat,4,,False,,,,,,,,,Not Required,Not Applicable,5.0,2050.78,0.4,5,1.0,8.0,,35.0,,,,8.0,,False,False
45,"181 Notting Hill Gate, London",4.0,Estate 4,8.0,Block 8,,,House,1,,False,,,,,,,,,Not Required,Not Applicable,5.0,1787.0974999999999,1.3333333333333333,3,1.0,4.0,,29.0,,,,4.0,,False,False
46,"142 Notting Hill Gate, London",6.0,Estate 6,11.0,Block 11,20.0,Core 20,Flat,2,,False,,,,,,,,,Not Required,Not Applicable,5.0,2062.8050000000003,0.4,5,1.0,4.0,,35.0,,,,4.0,,False,False
47,"28 Pembridge Road, London",4.0,Estate 4,8.0,Block 8,,,Flat,2,,False,,,,,,,,,Not Required,Not Applicable,1.0,3750.0,1.1666666666666667,6,,8.0,,29.0,,,,8.0,,False,False
48,"53 Notting Hill Gate, London",2.0,Estate 2,4.0,Block 4,10.0,Core 10,Flat,1,,False,,,,,,,,,Not Required,Not Applicable,3.0,3134.14,0.0,2,,7.0,,35.0,,,,7.0,,False,False
49,"109 Notting Hill Gate, London",9.0,Estate 9,16.0,Block 16,,,Flat,2,,False,,,,,,,,,Not Required,Not Applicable,,,1.2,5,,,,34.0,,,,,,False,False
50,"68 Ladbroke Grove, London",2.0,Estate 2,4.0,Block 4,,,Flat,4,,False,,,,,,,,,Not Required,Not Applicable,3.0,3777.2799999999997,1.5,2,1.0,6.0,,35.0,,,,6.0,,False,False
51,"29 Portobello Road, London",1.0,Estate 1,3.0,Block 3,,,Flat,3,,False,,,,,,,,,Not Required,Not Applicable,,,0.5,2,,,,32.0,,,,,,False,False
52,"38 Westbourne Grove, London",9.0,Estate 9,15.0,Block 15,,,Flat,1,,False,,,,,,,,,Not Required,Not Applicable,5.0,2114.3266666666664,0.0,4,1.0,6.0,,32.0,,,,6.0,,False,False
53,"54 Ladbroke Grove, London",5.0,Estate 5,9.0,Block 9,,,Flat,4,,False,,,,,,,,,Not Required,Not Applicable,1.0,3381.35,1.0,5,,3.0,,35.0,,,,3.0,,False,False
54,"192 Ladbroke Grove, London",9.0,Estate 9,16.0,Block 16,31.0,Core 31,Flat,4,,False,,,,,,,,,Not Required,Not Applicable,2.0,3729.92,0.0,2,,4.0,,34.0,,,,4.0,,False,False
55,"189 Notting Hill Gate, London",9.0,Estate 9,15.0,Block 15,29.0,Core 29,House,2,,False,,,,,,,,,Not Required,Not Applicable,,,0.6,5,,,,32.0,,,,,,False,False
56,"180 Portobello Road, London",1.0,Estate 1,3.0,Block 3,7.0,Core 7,Flat,4,,False,,,,,,,,,Not Required,Not Applicable,3.0,2172.625,0.0,2,2.0,4.0,,32.0,,,,4.0,,False,False
57,"59 Ladbroke Grove, London",4.0,Estate 4,7.0,Block 7,16.0,Core 16,Flat,3,,False,,,,,,,,,Not Required,Not Applicable,1.0,3823.81,1.0,4,,8.0,,35.0,,,,8.0,,False,False
58,"18 Notting Hill Gate, London",6.0,Estate 6,11.0,Block 11,,,Flat,3,,False,,,,,,,,,Not Required,Not Applicable,4.0,1859.0833333333333,0.0,3,1.0,1.0,,35.0,,,,1.0,,False,False
59,"30 Notting Hill Gate, London",9.0,Estate 9,16.0,Block 16,31.0,Core 31,Block of Flats,3,1.0,False,,,,,,,,,Not Required,Not Applicable,,,0.0,4,,,,34.0,,,,,,False,False
60,"112 Notting Hill Gate, London",9.0,Estate 9,15.0,Block 15,28.0,Core 28,Flat,1,,False,,,,,,,,,Not Required,Not Applicable,5.0,2252.44,0.25,4,1.0,5.0,,32.0,,,,5.0,,False,False
61,"148 Ladbroke Grove, London",6.0,Estate 6,11.0,Block 11,,,House,1,,False,,,,,,,,,Not Required,Not Applicable,4.0,,0.0,6,,3.0,,35.0,,,,3.0,,False,False
62,"138 Ladbroke Grove, London",10.0,Estate 10,17.0,Block 17,,,Flat,3,,False,,,,,,,,,Not Required,Not Applicable,2.0,2029.26,0.0,5,1.0,7.0,,35.0,,,,7.0,,False,False
63,"170 Portobello Road, London",1.0,Estate 1,1.0,Block 1,3.0,Core 3,Flat,4,,False,,,,,,,,,Not Required,Not Applicable,5.0,2445.135,0.5,4,,5.0,,31.0,,,,5.0,,False,False
64,"179 Notting Hill Gate, London",1.0,Estate 1,1.0,Block 1,,,Flat,4,,False,,,,,,,,,Not Required,Not Applicable,3.0,4391.86,1.0,3,,1.0,,31.0,,,,1.0,,False,False
65,"45 Pembridge Road, London",4.0,Estate 4,8.0,Block 8,17.0,Core 17,Flat,1,,False,,,,,,,,,Not Required,Not Applicable,1.0,3841.7,0.0,2,,7.0,,29.0,,,,7.0,,False,False
66,"54 Westbourne Grove, London",9.0,Estate 9,14.0,Block 14,27.0,Core 27,House,3,,False,,,,,,,,,Not Required,Not Applicable,4.0,2160.7133333333336,0.75,4,1.0,2.0,,33.0,,,,2.0,,False,False
67,"114 Ladbroke Grove, London",5.0,Estate 5,9.0,Block 9,,,House,2,,False,,,,,,,,,Not Required,Not Applicable,3.0,1209.8233333333335,0.8333333333333334,6,,4.0,,35.0,,,,4.0,,False,False
68,"73 Pembridge Road, London",1.0,Estate 1,2.0,Block 2,,,House,1,,False,,,,,,,,,Not Required,Not Applicable,1.0,794.95,0.75,4,1.0,1.0,,35.0,,,,1.0,,False,False
69,"193 Ladbroke Grove, London",3.0,Estate 3,5.0,Block 5,12.0,Core 12,Flat,2,,False,,,,,,,,,Not Required,Not Applicable,3.0,2914.975,1.0,5,,4.0,,33.0,,,,4.0,,False,False
70,"12 Ladbroke Grove, London",8.0,Estate 8,13.0,Block 13,24.0,Core 24,House,1,,False,,,,,,,,,Not Required,Not Applicable,5.0,2374.8266666666664,0.0,5,1.0,6.0,,32.0,,,,6.0,,False,False
71,"162 Pembridge Road, London",1.0,Estate 1,2.0,Block 2,4.0,Core 4,House,4,,False,,,,,,,,,Not Required,Not Applicable,4.0,3550.6166666666663,0.0,5,1.0,2.0,,35.0,,,,2.0,,False,False
72,"38 Portobello Road, London",4.0,Estate 4,7.0,Block 7,,,House,1,,False,,,,,,,,,Not Required,Not Applicable,,,0.4,5,,,,35.0,,,,,,False,False
73,"57 Ladbroke Grove, London",1.0,Estate 1,1.0,Block 1,,,Flat,2,,False,,,,,,,,,Not Required,Not Applicable,5.0,2616.8920000000003,0.16666666666666666,6,1.0,1.0,,31.0,,,,1.0,,False,False
74,"32 Westbourne Grove, London",3.0,Estate 3,5.0,Block 5,,,Flat,3,,False,,,,,,,,,Not Required,Not Applicable,1.0,,1.1666666666666667,6,,2.0,,33.0,,,,2.0,,False,False
75,"114 Pembridge Road, London",2.0,Estate 2,4.0,Block 4,,,House,4,,False,,,,,,,,,Not Required,Not Applicable,5.0,3600.3500000000004,0.2,5,,5.0,,35.0,,,,5.0,,False,False
76,"141 Westbourne Grove, London",1.0,Estate 1,2.0,Block 2,5.0,Core 5,House,4,,False,,,,,,,,,Not Required,Not Applicable,1.0,1660.72,0.0,4,,2.0,,35.0,,,,2.0,,False,False
77,"193 Ladbroke Grove, London",6.0,Estate 6,11.0,Block 11,,,Flat,4,,False,,,,,,,,,Not Required,Not Applicable,1.0,1956.05,0.0,5,,4.0,,35.0,,,,4.0,,False,False
78,"71 Westbourne Grove, London",10.0,Estate 10,17.0,Block 17,33.0,Core 33,Flat,3,,False,,,,,,,,,Not Required,Not Applicable,4.0,1493.605,0.6,5,,4.0,,35.0,,,,4.0,,False,False
79,"139 Portobello Road, London",9.0,Estate 9,16.0,Block 16,,,Flat,2,,False,,,,,,,,,Not Required,Not Applicable,4.0,1698.6625,0.4,5,,7.0,,34.0,,,,7.0,,False,False
80,"17 Westbourne Grove, London",5.0,Estate 5,9.0,Block 9,18.0,Core 18,Flat,4,,False,,,,,,,,,Not Required,Not Applicable,1.0,,1.5,4,1.0,4.0,,35.0,,,,4.0,,False,False
81,"108 Westbourne Grove, London",10.0,Estate 10,17.0,Block 17,,,Flat,1,,False,,,,,,,,,Not Required,Not Applicable,4.0,1923.27,0.0,2,,7.0,,35.0,,,,7.0,,False,False
82,"196 Pembridge Road, London",5.0,Estate 5,9.0,Block 9,18.0,Core 18,Flat,3,,False,,,,,,,,,Not Required,Not Applicable,5.0,3240.7,0.75,4,,4.0,,35.0,,,,4.0,,False,False
83,"100 Westbourne Grove, London",9.0,Estate 9,14.0,Block 14,27.0,Core 27,House,2,,False,,,,,,,,,Not Required,Not Applicable,4.0,2719.733333333333,0.0,5,,5.0,,33.0,,,,5.0,,False,False
84,"70 Westbourne Grove, London",4.0,Estate 4,6.0,Block 6,,,Flat,4,,False,,,,,,,,,Not Required,Not Applicable,1.0,3984.12,0.75,4,,8.0,,34.0,,,,8.0,,False,False
85,"120 Ladbroke Grove, London",5.0,Estate 5,9.0,Block 9,,,Flat,4,,False,,,,,,,,,Not Required,Not Applicable,1.0,3598.17,0.0,3,2.0,7.0,,35.0,,,,7.0,,False,False
86,"170 Portobello Road, London",10.0,Estate 10,17.0,Block 17,34.0,Core 34,Flat,4,,False,,,,,,,,,Not Required,Not Applicable,3.0,3413.8199999999997,0.0,4,1.0,3.0,,35.0,,,,3.0,,False,False
87,"67 Westbourne Grove, London",6.0,Estate 6,11.0,Block 11,,,Flat,3,,False,,,,,,,,,Not Required,Not Applicable,4.0,2427.43,0.0,3,,6.0,,35.0,,,,6.0,,False,False
88,"98 Notting Hill Gate, London",1.0,Estate 1,3.0,Block 3,7.0,Core 7,Flat,1,,False,,,,,,,,,Not Required,Not Applicable,,,1.0,2,1.0,,,32.0,,,,,,False,False
89,"192 Pembridge Road, London",10.0,Estate 10,17.0,Block 17,,,Flat,1,,False,,,,,,,,,Not Required,Not Applicable,2.0,,0.0,2,,4.0,,35.0,,,,4.0,,False,False
90,"167 Portobello Road, London",4.0,Estate 4,8.0,Block 8,,,Block of Flats,2,1.0,False,,,,,,,,,Not Required,Not Applicable,4.0,1988.89,0.0,2,1.0,2.0,,29.0,,,,2.0,,False,False
91,"62 Ladbroke Grove, London",5.0,Estate 5,10.0,Block 10,19.0,Core 19,Flat,2,,False,,,,,,,,,Not Required,Not Applicable,4.0,2525.8800000000006,0.4,5,,8.0,,34.0,,,,8.0,,False,False
92,"66 Notting Hill Gate, London",8.0,Estate 8,13.0,Block 13,,,House,1,,False,,,,,,,,,Not Required,Not Applicable,4.0,1751.325,0.3333333333333333,6,,4.0,,32.0,,,,4.0,,False,False
93,"42 Notting Hill Gate, London",9.0,Estate 9,16.0,Block 16,,,Flat,3,,False,,,,,,,,,Not Required,Not Applicable,4.0,1798.3133333333335,1.2,5,,2.0,,34.0,,,,2.0,,False,False
94,"97 Westbourne Grove, London",10.0,Estate 10,17.0,Block 17,33.0,Core 33,Flat,2,,False,,,,,,,,,Not Required,Not Applicable,3.0,3647.4000000000005,1.4,5,1.0,6.0,,35.0,,,,6.0,,False,False
95,"198 Notting Hill Gate, London",8.0,Estate 8,13.0,Block 13,,,House,1,,False,,,,,,,,,Not Required,Not Applicable,4.0,2018.6225,0.0,5,,6.0,,32.0,,,,6.0,,False,False
96,"145 Portobello Road, London",4.0,Estate 4,8.0,Block 8,17.0,Core 17,Flat,3,,False,,,,,,,,,Not Required,Not Applicable,4.0,2378.5775000000003,0.8,5,,6.0,,29.0,,,,6.0,,False,False
97,"166 Notting Hill Gate, London",3.0,Estate 3,5.0,Block 5,,,Flat,3,,False,,,,,,,,,Not Required,Not Applicable,5.0,3278.8075,0.0,3,,2.0,,33.0,,,,2.0,,False,False
98,"118 Ladbroke Grove, London",9.0,Estate 9,15.0,Block 15,,,House,3,,False,,,,,,,,,Not Required,Not Applicable,1.0,,0.16666666666666666,6,1.0,4.0,,32.0,,,,4.0,,False,False
99,"138 Westbourne Grove, London",9.0,Estate 9,14.0,Block 14,27.0,Core 27,House,3,,False,,,,,,,,,Not Required,Not Applicable,4.0,3355.78,0.0,6,,6.0,,33.0,,,,6.0,,False,False
100,"63 Portobello Road, London",5.0,Estate 5,10.0,Block 10,19.0,Core 19,House,4,,False,,,,,,,,,Not Required,Not Applicable,,,1.0,5,,,,34.0,,,,,,False,False
101,"127 Notting Hill Gate, London",6.0,Estate 6,11.0,Block 11,20.0,Core 20,Flat,3,,False,,,,,,,,,Not Required,Not Applicable,1.0,1007.72,0.0,6,,7.0,,35.0,,,,7.0,,False,False
102,"153 Notting Hill Gate, London",10.0,Estate 10,17.0,Block 17,32.0,Core 32,Flat,2,,False,,,,,,,,,Not Required,Not Applicable,2.0,2290.57,1.4,5,,2.0,,35.0,,,,2.0,,False,False
103,"185 Westbourne Grove, London",9.0,Estate 9,15.0,Block 15,,,House,4,,False,,,,,,,,,Not Required,Not Applicable,,,0.6666666666666666,3,,,,32.0,,,,,,False,False
104,"126 Westbourne Grove, London",2.0,Estate 2,4.0,Block 4,10.0,Core 10,Flat,2,,False,,,,,,,,,Not Required,Not Applicable,1.0,4425.93,1.3333333333333333,6,,4.0,,35.0,,,,4.0,,False,False
105,"63 Notting Hill Gate, London",3.0,Estate 3,5.0,Block 5,11.0,Core 11,Flat,3,,False,,,,,,,,,Not Required,Not Applicable,4.0,1148.6000000000001,0.5,6,,2.0,,33.0,,,,2.0,,False,False
106,"191 Pembridge Road, London",5.0,Estate 5,10.0,Block 10,19.0,Core 19,House,3,,False,,,,,,,,,Not Required,Not Applicable,4.0,2313.5099999999998,1.0,2,,2.0,,34.0,,,,2.0,,False,False
107,"60 Portobello Road, London",9.0,Estate 9,16.0,Block 16,31.0,Core 31,Flat,2,,False,,,,,,,,,Not Required,Not Applicable,,,0.4,5,,,,34.0,,,,,,False,False
108,"190 Westbourne Grove, London",6.0,Estate 6,11.0,Block 11,,,Flat,3,,False,,,,,,,,,Not Required,Not Applicable,4.0,1753.8633333333335,2.25,4,,4.0,,35.0,,,,4.0,,False,False
109,"50 Notting Hill Gate, London",9.0,Estate 9,16.0,Block 16,,,Flat,1,,False,,,,,,,,,Not Required,Not Applicable,1.0,1078.27,0.8,5,1.0,6.0,,34.0,,,,6.0,,False,False
110,"33 Notting Hill Gate, London",9.0,Estate 9,16.0,Block 16,,,Flat,2,,False,,,,,,,,,Not Required,Not Applicable,4.0,2918.976666666667,0.6666666666666666,6,,7.0,,34.0,,,,7.0,,False,False
111,"193 Westbourne Grove, London",4.0,Estate 4,8.0,Block 8,17.0,Core 17,Flat,4,,False,,,,,,,,,Not Required,Not Applicable,4.0,2408.8366666666666,0.5,6,,8.0,,29.0,,,,8.0,,False,False
112,"48 Portobello Road, London",5.0,Estate 5,9.0,Block 9,18.0,Core 18,Flat,1,,False,,,,,,,,,Not Required,Not Applicable,1.0,,0.75,4,,7.0,,35.0,,,,7.0,,False,False
113,"19 Pembridge Road, London",1.0,Estate 1,3.0,Block 3,,,Flat,2,,False,,,,,,,,,Not Required,Not Applicable,1.0,1213.32,1.0,3,1.0,8.0,,32.0,,,,8.0,,False,False
114,"78 Portobello Road, London",4.0,Estate 4,6.0,Block 6,,,Flat,4,,False,,,,,,,,,Not Required,Not Applicable,3.0,2054.32,1.0,6,1.0,6.0,,34.0,,,,6.0,,False,False
115,"159 Ladbroke Grove, London",5.0,Estate 5,9.0,Block 9,18.0,Core 18,Flat,4,,False,,,,,,,,,Not Required,Not Applicable,3.0,1257.9,1.1666666666666667,6,,7.0,,35.0,,,,7.0,,False,False
116,"151 Westbourne Grove, London",5.0,Estate 5,10.0,Block 10,,,House,1,,False,,,,,,,,,Not Required,Not Applicable,3.0,2116.045,1.3333333333333333,6,,4.0,,34.0,,,,4.0,,False,False
117,"54 Ladbroke Grove, London",4.0,Estate 4,7.0,Block 7,16.0,Core 16,Flat,2,,False,,,,,,,,,Not Required,Not Applicable,4.0,1822.61,0.0,5,1.0,1.0,,35.0,,,,1.0,,False,False
118,"20 Ladbroke Grove, London",5.0,Estate 5,10.0,Block 10,19.0,Core 19,Flat,4,,False,,,,,,,,,Not Required,Not Applicable,2.0,1788.69,0.5,4,1.0,6.0,,34.0,,,,6.0,,False,False
119,"60 Notting Hill Gate, London",6.0,Estate 6,11.0,Block 11,20.0,Core 20,House,4,,False,,,,,,,,,Not Required,Not Applicable,3.0,2665.0,0.6666666666666666,6,1.0,8.0,,35.0,,,,8.0,,False,False
120,"60 Notting Hill Gate, London",4.0,Estate 4,7.0,Block 7,16.0,Core 16,House,2,,False,,,,,,,,,Not Required,Not Applicable,5.0,2135.6600000000003,0.6,5,,5.0,,35.0,,,,5.0,,False,False
121,"140 Ladbroke Grove, London",1.0,Estate 1,2.0,Block 2,6.0,Core 6,Block of Flats,2,2.0,False,,,,,,,,,Not Required,Not Applicable,4.0,3345.6966666666667,0.6666666666666666,6,1.0,8.0,,35.0,,,,8.0,,False,False
122,"79 Pembridge Road, London",9.0,Estate 9,14.0,Block 14,,,Flat,3,,False,,,,,,,,,Not Required,Not Applicable,,,0.2,5,,,,33.0,,,,,,False,False
123,"70 Pembridge Road, London",9.0,Estate 9,15.0,Block 15,,,Flat,1,,False,,,,,,,,,Not Required,Not Applicable,1.0,2670.2,0.3333333333333333,3,,2.0,,32.0,,,,2.0,,False,False
124,"189 Notting Hill Gate, London",8.0,Estate 8,13.0,Block 13,,,Flat,2,,False,,,,,,,,,Not Required,Not Applicable,2.0,3159.52,0.0,2,1.0,7.0,,32.0,,,,7.0,,False,False
125,"148 Pembridge Road, London",3.0,Estate 3,5.0,Block 5,11.0,Core 11,Block of Flats,3,10.0,True,John Smith 125,Sarah Johnson 125,,,,,,Notice 1,Complete,Non-compliant,2.0,2449.13,0.16666666666666666,6,2.0,5.0,,33.0,,,,5.0,,False,True
126,"150 Westbourne Grove, London",1.0,Estate 1,2.0,Block 2,4.0,Core 4,Flat,1,,False,,,,,,,,,Not Required,Not Applicable,4.0,1462.6533333333334,0.0,2,,8.0,,35.0,,,,8.0,,False,False
127,"105 Notting Hill Gate, London",2.0,Estate 2,4.0,Block 4,10.0,Core 10,Flat,2,,False,,,,,,,,,Not Required,Not Applicable,3.0,2323.0766666666664,1.4,5,,2.0,,35.0,,,,2.0,,False,False
128,"178 Westbourne Grove, London",4.0,Estate 4,6.0,Block 6,,,Block of Flats,1,8.0,True,John Smith 128,Sarah Johnson 128,,,,,,Notice 2,Complete,Non-compliant,1.0,,0.6,5,,1.0,,34.0,,,,1.0,,False,True
129,"1 Pembridge Road, London",6.0,Estate 6,11.0,Block 11,,,Flat,3,,False,,,,,,,,,Not Required,Not Applicable,1.0,,0.6,5,1.0,4.0,,35.0,,,,4.0,,False,False
130,"128 Westbourne Grove, London",9.0,Estate 9,16.0,Block 16,,,Flat,2,,False,,,,,,,,,Not Required,Not Applicable,3.0,971.2399999999999,0.3333333333333333,6,,4.0,,34.0,,,,4.0,,False,False
131,"113 Westbourne Grove, London",5.0,Estate 5,10.0,Block 10,19.0,Core 19,Block of Flats,2,3.0,False,,,,,,,,,Not Required,Not Applicable,,,0.3333333333333333,3,1.0,,,34.0,,,,,,False,False
132,"4 Pembridge Road, London",8.0,Estate 8,13.0,Block 13,26.0,Core 26,Flat,1,,False,,,,,,,,,Not Required,Not Applicable,2.0,1650.585,0.25,4,,5.0,,32.0,,,,5.0,,False,False
133,"31 Ladbroke Grove, London",1.0,Estate 1,2.0,Block 2,5.0,Core 5,Flat,3,,False,,,,,,,,,Not Required,Not Applicable,5.0,2583.8375,1.0,5,,1.0,,35.0,,,,1.0,,False,False
134,"124 Westbourne Grove, London",5.0,Estate 5,9.0,Block 9,18.0,Core 18,Flat,4,,False,,,,,,,,,Not Required,Not Applicable,4.0,1945.455,1.5,4,,5.0,,35.0,,,,5.0,,False,False
135,"154 Pembridge Road, London",9.0,Estate 9,16.0,Block 16,31.0,Core 31,House,4,,False,,,,,,,,,Not Required,Not Applicable,1.0,1871.13,1.0,2,,7.0,,34.0,,,,7.0,,False,False
136,"130 Notting Hill Gate, London",3.0,Estate 3,5.0,Block 5,,,Flat,3,,False,,,,,,,,,Not Required,Not Applicable,5.0,1992.146,0.0,2,,5.0,,33.0,,,,5.0,,False,False
137,"149 Westbourne Grove, London",2.0,Estate 2,4.0,Block 4,10.0,Core 10,Flat,4,,False,,,,,,,,,Not Required,Not Applicable,1.0,2311.79,0.75,4,,1.0,,35.0,,,,1.0,,False,False
138,"142 Pembridge Road, London",3.0,Estate 3,5.0,Block 5,,,Block of Flats,2,4.0,False,,,,,,,,,Not Required,Not Applicable,4.0,2196.75,1.3333333333333333,6,,1.0,,33.0,,,,1.0,,False,False
139,"60 Westbourne Grove, London",9.0,Estate 9,14.0,Block 14,27.0,Core 27,House,4,,False,,,,,,,,,Not Required,Not Applicable,2.0,3181.5699999999997,1.0,2,,7.0,,33.0,,,,7.0,,False,False
140,"170 Ladbroke Grove, London",1.0,Estate 1,1.0,Block 1,,,Flat,3,,False,,,,,,,,,Not Required,Not Applicable,4.0,2843.78,0.6666666666666666,3,,1.0,,31.0,,,,1.0,,False,False
141,"113 Portobello Road, London",9.0,Estate 9,14.0,Block 14,,,House,4,,False,,,,,,,,,Not Required,Not Applicable,4.0,3857.46,0.6666666666666666,3,,8.0,,33.0,,,,8.0,,False,False
142,"40 Portobello Road, London",9.0,Estate 9,14.0,Block 14,,,Block of Flats,3,10.0,True,,Sarah Johnson 142,2020-07-19 08:40:37.311550,2021-01-27 08:40:37.311550,2021-11-02 08:40:37.311550,2021-12-11 08:40:37.311550,2019-01-10 08:40:37.311550,Notice 1,Complete,Non-compliant,4.0,3786.9375,0.0,4,,1.0,,33.0,1549.0,1270.0,2018-10-12 08:40:37.311550,1.0,,True,True
143,"192 Portobello Road, London",7.0,Estate 7,12.0,Block 12,23.0,Core 23,House,1,,False,,,,,,,,,Not Required,Not Applicable,2.0,4665.8,0.0,2,,4.0,,35.0,,,,4.0,,False,False
144,"178 Notting Hill Gate, London",5.0,Estate 5,9.0,Block 9,18.0,Core 18,Flat,1,,False,,,,,,,,,Not Required,Not Applicable,3.0,3411.705,1.0,6,1.0,8.0,,35.0,,,,8.0,,False,False
145,"96 Westbourne Grove, London",4.0,Estate 4,7.0,Block 7,16.0,Core 16,Flat,2,,False,,,,,,,,,Not Required,Not Applicable,1.0,1662.14,0.3333333333333333,3,1.0,8.0,,35.0,,,,8.0,,False,False
146,"21 Pembridge Road, London",8.0,Estate 8,13.0,Block 13,26.0,Core 26,House,2,,False,,,,,,,,,Not Required,Not Applicable,2.0,2363.66,0.0,2,,7.0,,32.0,,,,7.0,,False,False
147,"150 Ladbroke Grove, London",1.0,Estate 1,3.0,Block 3,8.0,Core 8,House,4,,False,,,,,,,,,Not Required,Not Applicable,1.0,474.46,0.0,4,,3.0,,32.0,,,,3.0,,False,False
148,"3 Westbourne Grove, London",2.0,Estate 2,4.0,Block 4,10.0,Core 10,House,2,,False,,,,,,,,,Not Required,Not Applicable,2.0,2938.07,1.2,5,,3.0,,35.0,,,,3.0,,False,False
149,"89 Pembridge Road, London",8.0,Estate 8,13.0,Block 13,,,Block of Flats,3,8.0,True,John Smith 149,Sarah Johnson 149,2022-08-25 08:40:37.316520,2023-07-15 08:40:37.316520,2024-01-12 08:40:37.316520,,2021-08-31 08:40:37.316520,Notice 2,Complete,Non-compliant,3.0,387.64,1.0,3,,1.0,,32.0,650.0,469.0,2021-04-22 08:40:37.316520,1.0,,True,True
150,"200 Portobello Road, London",4.0,Estate 4,6.0,Block 6,,,House,3,,False,,,,,,,,,Not Required,Not Applicable,,,0.0,3,,,,34.0,,,,,,False,False
151,"59 Pembridge Road, London",4.0,Estate 4,8.0,Block 8,,,Flat,2,,False,,,,,,,,,Not Required,Not Applicable,1.0,2660.32,0.6666666666666666,3,1.0,3.0,,29.0,,,,3.0,,False,False
152,"174 Ladbroke Grove, London",7.0,Estate 7,12.0,Block 12,,,Block of Flats,1,5.0,False,,,,,,,,,Not Required,Not Applicable,,,0.0,3,1.0,,,35.0,,,,,,False,False
153,"9 Pembridge Road, London",9.0,Estate 9,16.0,Block 16,31.0,Core 31,Flat,3,,False,,,,,,,,,Not Required,Not Applicable,4.0,2340.105,0.0,6,2.0,1.0,,34.0,,,,1.0,,False,False
154,"107 Ladbroke Grove, London",9.0,Estate 9,15.0,Block 15,,,House,3,,False,,,,,,,,,Not Required,Not Applicable,3.0,1934.2733333333333,0.4,5,,3.0,,32.0,,,,3.0,,False,False
155,"70 Ladbroke Grove, London",1.0,Estate 1,3.0,Block 3,,,House,3,,False,,,,,,,,,Not Required,Not Applicable,5.0,3170.11,1.2,5,,5.0,,32.0,,,,5.0,,False,False
156,"120 Portobello Road, London",1.0,Estate 1,2.0,Block 2,,,Block of Flats,4,9.0,True,John Smith 156,Sarah Johnson 156,2019-04-18 08:40:37.320442,2020-04-26 08:40:37.320442,2020-12-07 08:40:37.320442,2021-04-11 08:40:37.320442,2018-03-26 08:40:37.320442,Notice 2,Complete,Compliant,1.0,,1.0,3,,2.0,,35.0,1825.0,1600.0,2017-12-27 08:40:37.320442,2.0,,True,False
157,"144 Notting Hill Gate, London",8.0,Estate 8,13.0,Block 13,,,Flat,1,,False,,,,,,,,,Not Required,Not Applicable,1.0,,1.0,6,,7.0,,32.0,,,,7.0,,False,False
158,"119 Notting Hill Gate, London",4.0,Estate 4,7.0,Block 7,,,Flat,1,,False,,,,,,,,,Not Required,Not Applicable,2.0,,1.0,3,,2.0,,35.0,,,,2.0,,False,False
159,"78 Westbourne Grove, London",5.0,Estate 5,9.0,Block 9,18.0,Core 18,Flat,2,,False,,,,,,,,,Not Required,Not Applicable,2.0,255.87,0.2,5,,1.0,,35.0,,,,1.0,,False,False
160,"95 Pembridge Road, London",1.0,Estate 1,1.0,Block 1,,,House,2,,False,,,,,,,,,Not Required,Not Applicable,4.0,1444.58,1.8,5,,4.0,,31.0,,,,4.0,,False,False
161,"168 Portobello Road, London",9.0,Estate 9,15.0,Block 15,30.0,Core 30,House,3,,False,,,,,,,,,Not Required,Not Applicable,,,0.0,4,,,,32.0,,,,,,False,False
162,"95 Ladbroke Grove, London",9.0,Estate 9,14.0,Block 14,,,Block of Flats,3,2.0,False,,,,,,,,,Not Required,Not Applicable,3.0,4787.91,0.0,3,,1.0,,33.0,,,,1.0,,False,False
163,"95 Pembridge Road, London",2.0,Estate 2,4.0,Block 4,10.0,Core 10,Flat,3,,False,,,,,,,,,Not Required,Not Applicable,4.0,1890.755,1.2,5,,8.0,,35.0,,,,8.0,,False,False
164,"32 Westbourne Grove, London",4.0,Estate 4,6.0,Block 6,14.0,Core 14,Flat,1,,False,,,,,,,,,Not Required,Not Applicable,3.0,2775.935,1.2,5,,4.0,,34.0,,,,4.0,,False,False
165,"86 Ladbroke Grove, London",9.0,Estate 9,15.0,Block 15,29.0,Core 29,House,2,,False,,,,,,,,,Not Required,Not Applicable,3.0,3029.273333333333,0.0,2,,2.0,,32.0,,,,2.0,,False,False
166,"196 Pembridge Road, London",5.0,Estate 5,9.0,Block 9,18.0,Core 18,Flat,2,,False,,,,,,,,,Not Required,Not Applicable,3.0,4288.26,0.25,4,,1.0,,35.0,,,,1.0,,False,False
167,"38 Pembridge Road, London",1.0,Estate 1,3.0,Block 3,,,House,2,,False,,,,,,,,,Not Required,Not Applicable,1.0,1123.07,0.6666666666666666,3,1.0,8.0,,32.0,,,,8.0,,False,False
168,"139 Notting Hill Gate, London",9.0,Estate 9,14.0,Block 14,27.0,Core 27,Flat,1,,False,,,,,,,,,Not Required,Not Applicable,5.0,2423.438,0.0,5,1.0,7.0,,33.0,,,,7.0,,False,False
169,"92 Ladbroke Grove, London",9.0,Estate 9,14.0,Block 14,27.0,Core 27,Flat,3,,False,,,,,,,,,Not Required,Not Applicable,2.0,858.28,0.3333333333333333,3,,7.0,,33.0,,,,7.0,,False,False
170,"190 Westbourne Grove, London",2.0,Estate 2,4.0,Block 4,10.0,Core 10,House,4,,False,,,,,,,,,Not Required,Not Applicable,,,0.75,4,1.0,,,35.0,,,,,,False,False
171,"93 Pembridge Road, London",2.0,Estate 2,4.0,Block 4,,,Flat,2,,False,,,,,,,,,Not Required,Not Applicable,3.0,2886.353333333333,0.0,4,1.0,8.0,,35.0,,,,8.0,,False,False
172,"12 Pembridge Road, London",1.0,Estate 1,2.0,Block 2,6.0,Core 6,House,1,,False,,,,,,,,,Not Required,Not Applicable,1.0,1008.64,1.0,3,,5.0,,35.0,,,,5.0,,False,False
173,"123 Westbourne Grove, London",2.0,Estate 2,4.0,Block 4,10.0,Core 10,Flat,4,,False,,,,,,,,,Not Required,Not Applicable,5.0,2650.636,0.6,5,1.0,3.0,,35.0,,,,3.0,,False,False
174,"21 Notting Hill Gate, London",6.0,Estate 6,11.0,Block 11,,,Flat,3,,False,,,,,,,,,Not Required,Not Applicable,2.0,65.38,0.0,5,,4.0,,35.0,,,,4.0,,False,False
175,"150 Pembridge Road, London",3.0,Estate 3,5.0,Block 5,11.0,Core 11,Flat,3,,False,,,,,,,,,Not Required,Not Applicable,,,0.75,4,1.0,,,33.0,,,,,,False,False
176,"155 Westbourne Grove, London",4.0,Estate 4,6.0,Block 6,15.0,Core 15,House,2,,False,,,,,,,,,Not Required,Not Applicable,4.0,2033.5449999999998,2.0,4,,6.0,,34.0,,,,6.0,,False,False
177,"59 Westbourne Grove, London",9.0,Estate 9,15.0,Block 15,30.0,Core 30,Flat,1,,False,,,,,,,,,Not Required,Not Applicable,4.0,2706.53,2.1666666666666665,6,,3.0,,32.0,,,,3.0,,False,False
178,"81 Notting Hill Gate, London",9.0,Estate 9,16.0,Block 16,,,Block of Flats,1,2.0,False,,,,,,,,,Not Required,Not Applicable,5.0,2452.4425,0.0,6,,3.0,,34.0,,,,3.0,,False,False
179,"24 Westbourne Grove, London",10.0,Estate 10,17.0,Block 17,,,House,2,,False,,,,,,,,,Not Required,Not Applicable,4.0,3009.4525,1.5,2,1.0,1.0,,35.0,,,,1.0,,False,False
180,"151 Pembridge Road, London",4.0,Estate 4,6.0,Block 6,14.0,Core 14,House,4,,False,,,,,,,,,Not Required,Not Applicable,3.0,2123.516666666667,2.0,3,,3.0,,34.0,,,,3.0,,False,False
181,"171 Westbourne Grove, London",5.0,Estate 5,10.0,Block 10,19.0,Core 19,Block of Flats,3,6.0,False,,,,,,,,,Not Required,Not Applicable,3.0,1008.215,1.6666666666666667,3,,5.0,,34.0,,,,5.0,,False,False
182,"130 Ladbroke Grove, London",1.0,Estate 1,1.0,Block 1,2.0,Core 2,Flat,1,,False,,,,,,,,,Not Required,Not Applicable,4.0,2378.32,1.0,4,,7.0,,31.0,,,,7.0,,False,False
183,"143 Notting Hill Gate, London",7.0,Estate 7,12.0,Block 12,,,Flat,2,,False,,,,,,,,,Not Required,Not Applicable,4.0,157.21,0.0,2,1.0,6.0,,35.0,,,,6.0,,False,False
184,"144 Pembridge Road, London",6.0,Estate 6,11.0,Block 11,,,House,1,,False,,,,,,,,,Not Required,Not Applicable,2.0,,0.6,5,,3.0,,35.0,,,,3.0,,False,False
185,"169 Notting Hill Gate, London",9.0,Estate 9,14.0,Block 14,,,Flat,3,,False,,,,,,,,,Not Required,Not Applicable,2.0,4467.16,0.25,4,2.0,1.0,,33.0,,,,1.0,,False,False
186,"90 Portobello Road, London",8.0,Estate 8,13.0,Block 13,25.0,Core 25,House,1,,False,,,,,,,,,Not Required,Not Applicable,2.0,1023.8,0.0,3,,5.0,,32.0,,,,5.0,,False,False
187,"163 Portobello Road, London",4.0,Estate 4,8.0,Block 8,17.0,Core 17,Flat,4,,False,,,,,,,,,Not Required,Not Applicable,4.0,3005.5,0.5,2,,2.0,,29.0,,,,2.0,,False,False
188,"88 Ladbroke Grove, London",7.0,Estate 7,12.0,Block 12,,,House,1,,False,,,,,,,,,Not Required,Not Applicable,,,0.4,5,,,,35.0,,,,,,False,False
189,"40 Ladbroke Grove, London",6.0,Estate 6,11.0,Block 11,20.0,Core 20,Flat,1,,False,,,,,,,,,Not Required,Not Applicable,,,0.0,4,,,,35.0,,,,,,False,False
190,"170 Westbourne Grove, London",9.0,Estate 9,15.0,Block 15,28.0,Core 28,Flat,3,,False,,,,,,,,,Not Required,Not Applicable,,,2.5,2,1.0,,,32.0,,,,,,False,False
191,"132 Portobello Road, London",7.0,Estate 7,12.0,Block 12,,,Flat,4,,False,,,,,,,,,Not Required,Not Applicable,2.0,1670.425,0.6666666666666666,3,,7.0,,35.0,,,,7.0,,False,False
192,"79 Portobello Road, London",10.0,Estate 10,17.0,Block 17,33.0,Core 33,Block of Flats,1,1.0,False,,,,,,,,,Not Required,Not Applicable,,,1.6666666666666667,3,,,,35.0,,,,,,False,False
193,"55 Ladbroke Grove, London",10.0,Estate 10,17.0,Block 17,32.0,Core 32,Flat,1,,False,,,,,,,,,Not Required,Not Applicable,4.0,1710.7875,1.0,3,1.0,1.0,,35.0,,,,1.0,,False,False
194,"192 Westbourne Grove, London",2.0,Estate 2,4.0,Block 4,,,Flat,2,,False,,,,,,,,,Not Required,Not Applicable,1.0,,0.5,2,,7.0,,35.0,,,,7.0,,False,False
195,"172 Notting Hill Gate, London",1.0,Estate 1,1.0,Block 1,2.0,Core 2,House,1,,False,,,,,,,,,Not Required,Not Applicable,5.0,3146.2233333333334,0.0,3,,7.0,,31.0,,,,7.0,,False,False
196,"118 Portobello Road, London",1.0,Estate 1,3.0,Block 3,,,Flat,4,,False,,,,,,,,,Not Required,Not Applicable,2.0,2357.795,0.5,6,1.0,2.0,,32.0,,,,2.0,,False,False
197,"107 Notting Hill Gate, London",3.0,Estate 3,5.0,Block 5,11.0,Core 11,Flat,3,,False,,,,,,,,,Not Required,Not Applicable,5.0,3507.054,0.0,3,,2.0,,33.0,,,,2.0,,False,False
198,"159 Westbourne Grove, London",9.0,Estate 9,14.0,Block 14,27.0,Core 27,Block of Flats,1,7.0,True,John Smith 198,Sarah Johnson 198,,,,,2021-05-17 08:40:37.346056,None,Complete,Non-compliant,1.0,,1.3333333333333333,3,,4.0,,33.0,,,2021-01-21 08:40:37.346056,4.0,,False,True
199,"163 Portobello Road, London",1.0,Estate 1,1.0,Block 1,1.0,Core 1,Flat,3,,False,,,,,,,,,Not Required,Not Applicable,3.0,3246.94,0.0,4,,5.0,,31.0,,,,5.0,,False,False
200,"166 Ladbroke Grove, London",5.0,Estate 5,10.0,Block 10,19.0,Core 19,Flat,2,,False,,,,,,,,,Not Required,Not Applicable,3.0,4912.975,0.5,2,,3.0,,34.0,,,,3.0,,False,False
201,"40 Portobello Road, London",5.0,Estate 5,10.0,Block 10,,,Flat,4,,False,,,,,,,,,Not Required,Not Applicable,5.0,2259.1299999999997,1.6666666666666667,3,1.0,7.0,,34.0,,,,7.0,,False,False
202,"145 Pembridge Road, London",4.0,Estate 4,6.0,Block 6,14.0,Core 14,Flat,4,,False,,,,,,,,,Not Required,Not Applicable,2.0,652.73,0.4,5,2.0,8.0,,34.0,,,,8.0,,False,False
203,"114 Notting Hill Gate, London",1.0,Estate 1,1.0,Block 1,,,Flat,3,,False,,,,,,,,,Not Required,Not Applicable,2.0,4872.24,0.3333333333333333,6,,7.0,,31.0,,,,7.0,,False,False
204,"80 Westbourne Grove, London",5.0,Estate 5,9.0,Block 9,18.0,Core 18,Flat,3,,False,,,,,,,,,Not Required,Not Applicable,2.0,2148.795,0.5,4,2.0,1.0,,35.0,,,,1.0,,False,False
205,"24 Pembridge Road, London",4.0,Estate 4,7.0,Block 7,16.0,Core 16,Flat,1,,False,,,,,,,,,Not Required,Not Applicable,2.0,235.22,0.8,5,,4.0,,35.0,,,,4.0,,False,False
206,"147 Ladbroke Grove, London",5.0,Estate 5,10.0,Block 10,,,Flat,2,,False,,,,,,,,,Not Required,Not Applicable,3.0,1999.0366666666666,0.6,5,,5.0,,34.0,,,,5.0,,False,False
207,"116 Portobello Road, London",6.0,Estate 6,11.0,Block 11,20.0,Core 20,Block of Flats,1,9.0,True,John Smith 207,Sarah Johnson 207,2023-12-10 08:40:37.351919,2024-07-13 08:40:37.351919,2025-01-03 08:40:37.351919,2025-04-29 08:40:37.351919,2022-04-27 08:40:37.351919,Notice 2,Complete,Compliant,5.0,1945.9066666666665,0.0,4,1.0,8.0,,35.0,286.0,112.0,2022-03-15 08:40:37.351919,8.0,,False,False
208,"85 Portobello Road, London",10.0,Estate 10,17.0,Block 17,,,Flat,3,,False,,,,,,,,,Not Required,Not Applicable,3.0,901.24,0.8333333333333334,6,,4.0,,35.0,,,,4.0,,False,False
209,"169 Pembridge Road, London",2.0,Estate 2,4.0,Block 4,,,Flat,2,,False,,,,,,,,,Not Required,Not Applicable,4.0,2244.346666666667,0.5,6,,6.0,,35.0,,,,6.0,,False,False
210,"80 Westbourne Grove, London",5.0,Estate 5,10.0,Block 10,19.0,Core 19,House,1,,False,,,,,,,,,Not Required,Not Applicable,2.0,3718.01,1.1666666666666667,6,,5.0,,34.0,,,,5.0,,False,False
211,"97 Notting Hill Gate, London",5.0,Estate 5,10.0,Block 10,,,House,1,,False,,,,,,,,,Not Required,Not Applicable,5.0,1110.185,0.3333333333333333,3,,7.0,,34.0,,,,7.0,,False,False
212,"109 Pembridge Road, London",7.0,Estate 7,12.0,Block 12,,,Flat,2,,False,,,,,,,,,Not Required,Not Applicable,2.0,3917.0950000000003,1.0,4,,7.0,,35.0,,,,7.0,,False,False
213,"88 Westbourne Grove, London",4.0,Estate 4,6.0,Block 6,14.0,Core 14,Block of Flats,2,2.0,False,,,,,,,,,Not Required,Not Applicable,2.0,4788.59,0.8,5,,5.0,,34.0,,,,5.0,,False,False
214,"26 Pembridge Road, London",10.0,Estate 10,17.0,Block 17,,,House,1,,False,,,,,,,,,Not Required,Not Applicable,5.0,2654.9739999999997,0.0,2,,7.0,,35.0,,,,7.0,,False,False
215,"197 Pembridge Road, London",5.0,Estate 5,9.0,Block 9,18.0,Core 18,Flat,2,,False,,,,,,,,,Not Required,Not Applicable,,,0.6666666666666666,3,,,,35.0,,,,,,False,False
216,"178 Pembridge Road, London",3.0,Estate 3,5.0,Block 5,12.0,Core 12,Flat,4,,False,,,,,,,,,Not Required,Not Applicable,3.0,1536.7,0.5,6,,5.0,,33.0,,,,5.0,,False,False
217,"185 Ladbroke Grove, London",3.0,Estate 3,5.0,Block 5,12.0,Core 12,House,4,,False,,,,,,,,,Not Required,Not Applicable,1.0,,0.5,6,,4.0,,33.0,,,,4.0,,False,False
218,"62 Notting Hill Gate, London",1.0,Estate 1,2.0,Block 2,5.0,Core 5,House,2,,False,,,,,,,,,Not Required,Not Applicable,4.0,958.065,2.0,3,,5.0,,35.0,,,,5.0,,False,False
219,"147 Westbourne Grove, London",10.0,Estate 10,17.0,Block 17,,,Flat,4,,False,,,,,,,,,Not Required,Not Applicable,2.0,4421.25,1.0,2,,8.0,,35.0,,,,8.0,,False,False
220,"108 Ladbroke Grove, London",1.0,Estate 1,2.0,Block 2,,,House,2,,False,,,,,,,,,Not Required,Not Applicable,3.0,3813.4366666666665,1.1666666666666667,6,,7.0,,35.0,,,,7.0,,False,False
221,"14 Westbourne Grove, London",4.0,Estate 4,7.0,Block 7,,,Flat,1,,False,,,,,,,,,Not Required,Not Applicable,4.0,3223.0475,0.8333333333333334,6,1.0,3.0,,35.0,,,,3.0,,False,False
222,"133 Portobello Road, London",2.0,Estate 2,4.0,Block 4,10.0,Core 10,House,3,,False,,,,,,,,,Not Required,Not Applicable,2.0,3611.88,1.3333333333333333,6,,3.0,,35.0,,,,3.0,,False,False
223,"132 Ladbroke Grove, London",9.0,Estate 9,14.0,Block 14,,,Flat,2,,False,,,,,,,,,Not Required,Not Applicable,1.0,3097.13,0.8,5,1.0,6.0,,33.0,,,,6.0,,False,False
224,"90 Portobello Road, London",10.0,Estate 10,17.0,Block 17,32.0,Core 32,Flat,3,,False,,,,,,,,,Not Required,Not Applicable,2.0,2545.715,1.1666666666666667,6,,4.0,,35.0,,,,4.0,,False,False
225,"21 Notting Hill Gate, London",9.0,Estate 9,15.0,Block 15,,,Flat,1,,False,,,,,,,,,Not Required,Not Applicable,4.0,3512.335,1.5,6,1.0,2.0,,32.0,,,,2.0,,False,False
226,"167 Notting Hill Gate, London",,Orphan Estate,22.0,Block 22,,,Flat,3,,False,,,,,,,,,Not Required,Not Applicable,3.0,2055.865,1.0,3,,2.0,,35.0,,,,2.0,,False,False
227,"121 Ladbroke Grove, London",,Orphan Estate,20.0,Block 20,,,Flat,1,,False,,,,,,,,,Not Required,Not Applicable,2.0,1132.53,0.5,4,,5.0,,35.0,,,,5.0,,False,False
228,"21 Portobello Road, London",,Orphan Estate,22.0,Block 22,,,House,4,,False,,,,,,,,,Not Required,Not Applicable,1.0,3062.22,0.6666666666666666,3,,6.0,,35.0,,,,6.0,,False,False
229,"29 Notting Hill Gate, London",,Orphan Estate,19.0,Block 19,,,Flat,2,,False,,,,,,,,,Not Required,Not Applicable,2.0,1323.21,0.8,5,,1.0,,35.0,,,,1.0,,False,False
230,"108 Pembridge Road, London",,Orphan Estate,22.0,Block 22,,,Flat,4,,False,,,,,,,,,Not Required,Not Applicable,5.0,3423.35,1.0,5,,5.0,,35.0,,,,5.0,,False,False
231,"153 Pembridge Road, London",,Orphan Estate,22.0,Block 22,,,Flat,2,,False,,,,,,,,,Not Required,Not Applicable,1.0,1758.17,0.0,3,,6.0,,35.0,,,,6.0,,False,False
232,"184 Ladbroke Grove, London",,Orphan Estate,21.0,Block 21,,,Flat,3,,False,,,,,,,,,Not Required,Not Applicable,1.0,,0.0,2,,4.0,,35.0,,,,4.0,,False,False
233,"62 Pembridge Road, London",,Orphan Estate,20.0,Block 20,,,House,1,,False,,,,,,,,,Not Required,Not Applicable,4.0,1749.11,0.75,4,1.0,4.0,,35.0,,,,4.0,,False,False
234,"135 Notting Hill Gate, London",,Orphan Estate,20.0,Block 20,,,Flat,1,,False,,,,,,,,,Not Required,Not Applicable,2.0,1547.365,0.25,4,1.0,4.0,,35.0,,,,4.0,,False,False
235,"100 Westbourne Grove, London",,Orphan Estate,20.0,Block 20,,,Flat,3,,False,,,,,,,,,Not Required,Not Applicable,3.0,1307.4066666666665,0.0,3,,4.0,,35.0,,,,4.0,,False,False
236,"65 Portobello Road, London",,Orphan Estate,21.0,Block 21,,,Flat,2,,False,,,,,,,,,Not Required,Not Applicable,,,0.16666666666666666,6,,,,35.0,,,,,,False,False
237,"188 Portobello Road, London",,Orphan Estate,22.0,Block 22,,,House,3,,False,,,,,,,,,Not Required,Not Applicable,1.0,2411.04,0.0,2,,6.0,,35.0,,,,6.0,,False,False
238,"35 Portobello Road, London",,Orphan Estate,18.0,Block 18,,,Flat,2,,False,,,,,,,,,Not Required,Not Applicable,5.0,1559.7466666666667,0.75,4,,6.0,,34.0,,,,6.0,,False,False
239,"200 Westbourne Grove, London",,Orphan Estate,22.0,Block 22,,,Flat,2,,False,,,,,,,,,Not Required,Not Applicable,5.0,3157.1575000000003,1.0,2,,3.0,,35.0,,,,3.0,,False,False
240,"35 Portobello Road, London",,Orphan Estate,21.0,Block 21,,,Block of Flats,1,5.0,False,,,,,,,,,Not Required,Not Applicable,3.0,2734.8450000000003,0.0,2,,8.0,,35.0,,,,8.0,,False,False
241,"52 Portobello Road, London",,Orphan Estate,20.0,Block 20,,,House,3,,False,,,,,,,,,Not Required,Not Applicable,2.0,2012.7,0.6,5,,2.0,,35.0,,,,2.0,,False,False
242,"80 Pembridge Road, London",,Orphan Estate,21.0,Block 21,,,Flat,1,,False,,,,,,,,,Not Required,Not Applicable,4.0,1529.3500000000001,0.25,4,,7.0,,35.0,,,,7.0,,False,False
243,"193 Ladbroke Grove, London",,Orphan Estate,22.0,Block 22,,,House,1,,False,,,,,,,,,Not Required,Not Applicable,2.0,2651.895,0.0,2,,4.0,,35.0,,,,4.0,,False,False
244,"168 Notting Hill Gate, London",,Orphan Estate,19.0,Block 19,,,House,4,,False,,,,,,,,,Not Required,Not Applicable,,,0.16666666666666666,6,,,,35.0,,,,,,False,False
245,"103 Westbourne Grove, London",,Orphan Estate,20.0,Block 20,,,Block of Flats,4,8.0,True,John Smith 245,Sarah Johnson 245,2018-06-12 08:40:37.367312,2019-09-06 08:40:37.367312,2020-03-04 08:40:37.367312,2020-04-23 08:40:37.367312,2018-03-29 08:40:37.367312,Notice 2,Complete,Compliant,2.0,2328.18,0.16666666666666666,6,1.0,7.0,,35.0,2058.0,1878.0,2017-12-14 08:40:37.367312,7.0,,True,False
246,"184 Westbourne Grove, London",,Orphan Estate,19.0,Block 19,,,Flat,4,,False,,,,,,,,,Not Required,Not Applicable,4.0,3679.3133333333335,0.2,5,,6.0,,35.0,,,,6.0,,False,False
247,"11 Notting Hill Gate, London",,Orphan Estate,20.0,Block 20,,,House,1,,False,,,,,,,,,Not Required,Not Applicable,1.0,3793.62,0.0,2,1.0,1.0,,35.0,,,,1.0,,False,False
248,"20 Westbourne Grove, London",,Orphan Estate,19.0,Block 19,,,House,2,,False,,,,,,,,,Not Required,Not Applicable,5.0,2030.3259999999998,0.3333333333333333,6,,1.0,,35.0,,,,1.0,,False,False
249,"8 Ladbroke Grove, London",,Orphan Estate,18.0,Block 18,,,House,4,,False,,,,,,,,,Not Required,Not Applicable,3.0,2125.23,1.0,6,,1.0,,34.0,,,,1.0,,False,False
250,"9 Ladbroke Grove, London",,Orphan Estate,21.0,Block 21,,,House,3,,False,,,,,,,,,Not Required,Not Applicable,4.0,575.105,0.0,2,,3.0,,35.0,,,,3.0,,False,False
251,"93 Westbourne Grove, London",,Orphan Estate,18.0,Block 18,,,Flat,2,,False,,,,,,,,,Not Required,Not Applicable,2.0,1501.9099999999999,0.4,5,1.0,6.0,,34.0,,,,6.0,,False,False
252,"174 Westbourne Grove, London",,Orphan Estate,19.0,Block 19,,,Flat,1,,False,,,,,,,,,Not Required,Not Applicable,4.0,1427.0766666666668,0.6666666666666666,6,,1.0,,35.0,,,,1.0,,False,False
253,"147 Ladbroke Grove, London",,Orphan Estate,22.0,Block 22,,,Flat,3,,False,,,,,,,,,Not Required,Not Applicable,,,0.3333333333333333,3,1.0,,,35.0,,,,,,False,False
254,"64 Portobello Road, London",,Orphan Estate,19.0,Block 19,,,Flat,4,,False,,,,,,,,,Not Required,Not Applicable,3.0,1962.8999999999999,0.4,5,,5.0,,35.0,,,,5.0,,False,False
255,"144 Portobello Road, London",,Orphan Estate,22.0,Block 22,,,Flat,4,,False,,,,,,,,,Not Required,Not Applicable,4.0,1074.12,0.0,2,1.0,1.0,,35.0,,,,1.0,,False,False
256,"55 Pembridge Road, London",,Orphan Estate,22.0,Block 22,,,Block of Flats,4,4.0,False,,,,,,,,,Not Required,Not Applicable,5.0,2510.1633333333334,1.5,2,,3.0,,35.0,,,,3.0,,False,False
257,"32 Ladbroke Grove, London",,Orphan Estate,20.0,Block 20,,,Flat,4,,False,,,,,,,,,Not Required,Not Applicable,1.0,4440.88,0.0,3,,7.0,,35.0,,,,7.0,,False,False
258,"23 Notting Hill Gate, London",,Orphan Estate,21.0,Block 21,,,House,3,,False,,,,,,,,,Not Required,Not Applicable,,,0.6666666666666666,3,,,,35.0,,,,,,False,False
259,"77 Ladbroke Grove, London",,Orphan Estate,19.0,Block 19,,,Block of Flats,2,6.0,False,,,,,,,,,Not Required,Not Applicable,2.0,686.97,0.6,5,,8.0,,35.0,,,,8.0,,False,False
260,"131 Ladbroke Grove, London",,Orphan Estate,22.0,Block 22,,,Flat,4,,False,,,,,,,,,Not Required,Not Applicable,4.0,2672.0733333333333,0.0,6,1.0,3.0,,35.0,,,,3.0,,False,False
261,"7 Notting Hill Gate, London",,Orphan Estate,22.0,Block 22,,,Flat,2,,False,,,,,,,,,Not Required,Not Applicable,1.0,2513.2,0.4,5,,1.0,,35.0,,,,1.0,,False,False
262,"157 Portobello Road, London",,Orphan Estate,21.0,Block 21,,,Flat,4,,False,,,,,,,,,Not Required,Not Applicable,2.0,2212.88,2.6666666666666665,3,,6.0,,35.0,,,,6.0,,False,False
263,"135 Westbourne Grove, London",,Orphan Estate,19.0,Block 19,,,House,1,,False,,,,,,,,,Not Required,Not Applicable,4.0,2756.3575,0.3333333333333333,3,1.0,5.0,,35.0,,,,5.0,,False,False
264,"33 Notting Hill Gate, London",,Orphan Estate,22.0,Block 22,,,Flat,3,,False,,,,,,,,,Not Required,Not Applicable,4.0,2625.0866666666666,0.5,4,,1.0,,35.0,,,,1.0,,False,False
265,"33 Pembridge Road, London",,Orphan Estate,22.0,Block 22,,,Flat,2,,False,,,,,,,,,Not Required,Not Applicable,1.0,,0.2,5,,3.0,,35.0,,,,3.0,,False,False
266,"111 Pembridge Road, London",,Orphan Estate,22.0,Block 22,,,Flat,2,,False,,,,,,,,,Not Required,Not Applicable,3.0,801.235,0.75,4,,2.0,,35.0,,,,2.0,,False,False
267,"42 Notting Hill Gate, London",,Orphan Estate,20.0,Block 20,,,Flat,3,,False,,,,,,,,,Not Required,Not Applicable,3.0,1023.345,0.8,5,,4.0,,35.0,,,,4.0,,False,False
268,"21 Notting Hill Gate, London",,Orphan Estate,21.0,Block 21,,,Block of Flats,3,3.0,False,,,,,,,,,Not Required,Not Applicable,3.0,1032.4033333333334,0.6,5,,8.0,,35.0,,,,8.0,,False,False
269,"161 Notting Hill Gate, London",,Orphan Estate,19.0,Block 19,,,Flat,2,,False,,,,,,,,,Not Required,Not Applicable,1.0,,0.3333333333333333,3,2.0,7.0,,35.0,,,,7.0,,False,False
270,"152 Pembridge Road, London",,Orphan Estate,22.0,Block 22,,,House,3,,False,,,,,,,,,Not Required,Not Applicable,4.0,1442.64,0.0,5,,3.0,,35.0,,,,3.0,,False,False
271,"145 Portobello Road, London",,Orphan Estate,21.0,Block 21,,,Flat,3,,False,,,,,,,,,Not Required,Not Applicable,,,0.8,5,1.0,,,35.0,,,,,,False,False
272,"167 Ladbroke Grove, London",,Orphan Estate,19.0,Block 19,,,Flat,1,,False,,,,,,,,,Not Required,Not Applicable,3.0,932.245,0.0,4,,8.0,,35.0,,,,8.0,,False,False
273,"128 Pembridge Road, London",,Orphan Estate,19.0,Block 19,,,Block of Flats,4,4.0,False,,,,,,,,,Not Required,Not Applicable,4.0,337.625,1.0,3,1.0,8.0,,35.0,,,,8.0,,False,False
274,"176 Westbourne Grove, London",,Orphan Estate,20.0,Block 20,,,Flat,1,,False,,,,,,,,,Not Required,Not Applicable,1.0,,0.16666666666666666,6,,8.0,,35.0,,,,8.0,,False,False
275,"41 Westbourne Grove, London",,Orphan Estate,21.0,Block 21,,,Flat,3,,False,,,,,,,,,Not Required,Not Applicable,1.0,3332.79,0.0,2,,1.0,,35.0,,,,1.0,,False,False
276,"156 Ladbroke Grove, London",,Orphan Estate,19.0,Block 19,,,House,3,,False,,,,,,,,,Not Required,Not Applicable,3.0,1967.6533333333334,0.6666666666666666,3,,4.0,,35.0,,,,4.0,,False,False
277,"103 Ladbroke Grove, London",,Orphan Estate,18.0,Block 18,,,Flat,1,,False,,,,,,,,,Not Required,Not Applicable,,,1.0,3,,,,34.0,,,,,,False,False
278,"82 Ladbroke Grove, London",,Orphan Estate,20.0,Block 20,,,Flat,2,,False,,,,,,,,,Not Required,Not Applicable,5.0,864.325,1.5,2,,6.0,,35.0,,,,6.0,,False,False
279,"37 Portobello Road, London",,Orphan Estate,18.0,Block 18,,,Block of Flats,4,4.0,False,,,,,,,,,Not Required,Not Applicable,3.0,4501.65,1.0,4,,1.0,,34.0,,,,1.0,,False,False
280,"41 Notting Hill Gate, London",,Orphan Estate,20.0,Block 20,,,House,2,,False,,,,,,,,,Not Required,Not Applicable,1.0,4011.84,0.0,5,4.0,2.0,,35.0,,,,2.0,,False,False
281,"196 Ladbroke Grove, London",,Orphan Estate,20.0,Block 20,,,Flat,3,,False,,,,,,,,,Not Required,Not Applicable,3.0,3571.34,1.6666666666666667,3,,4.0,,35.0,,,,4.0,,False,False
282,"128 Portobello Road, London",,Orphan Estate,22.0,Block 22,,,Flat,2,,False,,,,,,,,,Not Required,Not Applicable,1.0,4561.98,1.2,5,,4.0,,35.0,,,,4.0,,False,False
283,"56 Pembridge Road, London",,Orphan Estate,18.0,Block 18,,,Flat,4,,False,,,,,,,,,Not Required,Not Applicable,5.0,1796.3166666666666,0.0,5,,6.0,,34.0,,,,6.0,,False,False
284,"153 Westbourne Grove, London",,Orphan Estate,21.0,Block 21,,,Flat,1,,False,,,,,,,,,Not Required,Not Applicable,1.0,,0.6666666666666666,3,,7.0,,35.0,,,,7.0,,False,False
285,"111 Ladbroke Grove, London",,Orphan Estate,19.0,Block 19,,,House,4,,False,,,,,,,,,Not Required,Not Applicable,1.0,1629.37,0.16666666666666666,6,,2.0,,35.0,,,,2.0,,False,False
286,"94 Portobello Road, London",,Orphan Estate,19.0,Block 19,,,Flat,2,,False,,,,,,,,,Not Required,Not Applicable,1.0,,0.6,5,1.0,3.0,,35.0,,,,3.0,,False,False
287,"93 Pembridge Road, London",,Orphan Estate,19.0,Block 19,,,Flat,4,,False,,,,,,,,,Not Required,Not Applicable,4.0,3550.5550000000003,0.0,4,,1.0,,35.0,,,,1.0,,False,False
288,"196 Pembridge Road, London",,Orphan Estate,22.0,Block 22,,,House,1,,False,,,,,,,,,Not Required,Not Applicable,2.0,3470.44,0.0,2,,5.0,,35.0,,,,5.0,,False,False
289,"33 Portobello Road, London",,Orphan Estate,22.0,Block 22,,,House,3,,False,,,,,,,,,Not Required,Not Applicable,3.0,3754.5649999999996,0.5,2,,1.0,,35.0,,,,1.0,,False,False
290,"143 Notting Hill Gate, London",,Orphan Estate,18.0,Block 18,,,Flat,4,,False,,,,,,,,,Not Required,Not Applicable,2.0,1283.04,0.0,2,1.0,8.0,,34.0,,,,8.0,,False,False
291,"129 Portobello Road, London",,Orphan Estate,18.0,Block 18,,,Flat,3,,False,,,,,,,,,Not Required,Not Applicable,5.0,3546.3933333333334,0.0,2,,1.0,,34.0,,,,1.0,,False,False
292,"122 Pembridge Road, London",,Orphan Estate,20.0,Block 20,,,House,2,,False,,,,,,,,,Not Required,Not Applicable,4.0,2997.1966666666667,0.4,5,,3.0,,35.0,,,,3.0,,False,False
293,"84 Pembridge Road, London",,Orphan Estate,22.0,Block 22,,,Flat,3,,False,,,,,,,,,Not Required,Not Applicable,5.0,2630.3166666666666,0.16666666666666666,6,1.0,1.0,,35.0,,,,1.0,,False,False
294,"152 Notting Hill Gate, London",,Orphan Estate,18.0,Block 18,,,Flat,3,,False,,,,,,,,,Not Required,Not Applicable,,,0.0,4,1.0,,,34.0,,,,,,False,False
295,"122 Portobello Road, London",,Orphan Estate,22.0,Block 22,,,House,4,,False,,,,,,,,,Not Required,Not Applicable,3.0,4782.72,0.75,4,1.0,2.0,,35.0,,,,2.0,,False,False
296,"150 Notting Hill Gate, London",,Orphan Estate,18.0,Block 18,,,Flat,4,,False,,,,,,,,,Not Required,Not Applicable,3.0,1094.49,0.75,4,1.0,4.0,,34.0,,,,4.0,,False,False
297,"68 Pembridge Road, London",,Orphan Estate,20.0,Block 20,,,House,4,,False,,,,,,,,,Not Required,Not Applicable,2.0,762.72,0.0,3,,6.0,,35.0,,,,6.0,,False,False
298,"44 Pembridge Road, London",,Orphan Estate,22.0,Block 22,,,House,4,,False,,,,,,,,,Not Required,Not Applicable,3.0,2521.475,0.0,4,1.0,7.0,,35.0,,,,7.0,,False,False
299,"38 Ladbroke Grove, London",,Orphan Estate,21.0,Block 21,,,Block of Flats,1,4.0,False,,,,,,,,,Not Required,Not Applicable,2.0,4842.29,2.25,4,,5.0,,35.0,,,,5.0,,False,False
300,"5 Westbourne Grove, London",,Orphan Estate,19.0,Block 19,,,Flat,2,,False,,,,,,,,,Not Required,Not Applicable,1.0,,0.8333333333333334,6,,8.0,,35.0,,,,8.0,,False,False
301,"106 Pembridge Road, London",,Orphan Estate,21.0,Block 21,,,Block of Flats,1,3.0,False,,,,,,,,,Not Required,Not Applicable,4.0,3091.11,2.0,2,1.0,1.0,,35.0,,,,1.0,,False,False
302,"133 Ladbroke Grove, London",,Orphan Estate,19.0,Block 19,,,Block of Flats,4,9.0,True,John Smith 302,Sarah Johnson 302,2018-04-28 08:40:37.376114,2019-08-15 08:40:37.376114,2020-01-27 08:40:37.376114,2020-04-15 08:40:37.376114,2017-05-02 08:40:37.376114,None,Complete,Compliant,1.0,,0.0,3,1.0,1.0,,35.0,2080.0,1915.0,2017-01-21 08:40:37.376114,1.0,,True,False
303,"77 Notting Hill Gate, London",,Orphan Estate,20.0,Block 20,,,House,4,,False,,,,,,,,,Not Required,Not Applicable,2.0,,1.0,2,2.0,3.0,,35.0,,,,3.0,,False,False
304,"82 Westbourne Grove, London",,Orphan Estate,22.0,Block 22,,,Block of Flats,3,5.0,False,,,,,,,,,Not Required,Not Applicable,4.0,2023.3300000000002,0.6666666666666666,3,,6.0,,35.0,,,,6.0,,False,False
305,"32 Pembridge Road, London",,Orphan Estate,18.0,Block 18,,,Flat,4,,False,,,,,,,,,Not Required,Not Applicable,5.0,2231.9275,0.25,4,,2.0,,34.0,,,,2.0,,False,False
306,"89 Ladbroke Grove, London",,Orphan Estate,18.0,Block 18,,,Flat,1,,False,,,,,,,,,Not Required,Not Applicable,2.0,1840.025,0.0,3,,5.0,,34.0,,,,5.0,,False,False
307,"89 Westbourne Grove, London",,Orphan Estate,18.0,Block 18,,,House,2,,False,,,,,,,,,Not Required,Not Applicable,2.0,935.43,1.3333333333333333,3,,4.0,,34.0,,,,4.0,,False,False
308,"52 Pembridge Road, London",,Orphan Estate,18.0,Block 18,,,Flat,1,,False,,,,,,,,,Not Required,Not Applicable,4.0,2787.3733333333334,0.0,4,,2.0,,34.0,,,,2.0,,False,False
309,"158 Pembridge Road, London",,Orphan Estate,19.0,Block 19,,,Flat,2,,False,,,,,,,,,Not Required,Not Applicable,,,0.6,5,,,,35.0,,,,,,False,False
310,"164 Ladbroke Grove, London",,Orphan Estate,22.0,Block 22,,,Flat,4,,False,,,,,,,,,Not Required,Not Applicable,2.0,3078.28,0.2,5,,6.0,,35.0,,,,6.0,,False,False
311,"26 Ladbroke Grove, London",,Orphan Estate,20.0,Block 20,,,Flat,4,,False,,,,,,,,,Not Required,Not Applicable,3.0,4988.15,0.75,4,1.0,8.0,,35.0,,,,8.0,,False,False
312,"123 Ladbroke Grove, London",,Orphan Estate,19.0,Block 19,,,Flat,1,,False,,,,,,,,,Not Required,Not Applicable,4.0,3582.6400000000003,0.0,2,1.0,7.0,,35.0,,,,7.0,,False,False
313,"197 Portobello Road, London",,Orphan Estate,21.0,Block 21,,,Flat,1,,False,,,,,,,,,Not Required,Not Applicable,5.0,3026.218,1.1666666666666667,6,,4.0,,35.0,,,,4.0,,False,False
314,"45 Westbourne Grove, London",,Orphan Estate,18.0,Block 18,,,Block of Flats,4,8.0,True,John Smith 314,Sarah Johnson 314,2018-07-10 08:40:37.378009,2019-06-13 08:40:37.378009,2019-12-31 08:40:37.378009,2020-06-17 08:40:37.378009,2018-05-26 08:40:37.378009,Notice 1,Complete,Compliant,,,0.0,2,,,,34.0,2143.0,1942.0,2018-03-23 08:40:37.378009,,,True,False
315,"70 Ladbroke Grove, London",,Orphan Estate,22.0,Block 22,,,Flat,4,,False,,,,,,,,,Not Required,Not Applicable,2.0,3324.035,0.75,4,,3.0,,35.0,,,,3.0,,False,False
316,"166 Notting Hill Gate, London",,Orphan Estate,20.0,Block 20,,,Flat,3,,False,,,,,,,,,Not Required,Not Applicable,5.0,2445.9966666666664,2.5,4,1.0,8.0,,35.0,,,,8.0,,False,False
317,"76 Pembridge Road, London",,Orphan Estate,20.0,Block 20,,,Flat,4,,False,,,,,,,,,Not Required,Not Applicable,1.0,2492.02,0.6666666666666666,3,,3.0,,35.0,,,,3.0,,False,False
318,"110 Pembridge Road, London",,Orphan Estate,19.0,Block 19,,,Flat,1,,False,,,,,,,,,Not Required,Not Applicable,2.0,4757.29,0.2,5,,1.0,,35.0,,,,1.0,,False,False
319,"48 Ladbroke Grove, London",,Orphan Estate,21.0,Block 21,,,Block of Flats,1,5.0,False,,,,,,,,,Not Required,Not Applicable,2.0,3640.4700000000003,0.0,5,1.0,7.0,,35.0,,,,7.0,,False,False
320,"99 Ladbroke Grove, London",,Orphan Estate,20.0,Block 20,,,Flat,3,,False,,,,,,,,,Not Required,Not Applicable,4.0,1519.9225,0.3333333333333333,3,,6.0,,35.0,,,,6.0,,False,False
321,"78 Pembridge Road, London",,Orphan Estate,19.0,Block 19,,,Flat,3,,False,,,,,,,,,Not Required,Not Applicable,2.0,2921.1,0.0,4,2.0,8.0,,35.0,,,,8.0,,False,False
322,"178 Ladbroke Grove, London",,Orphan Estate,19.0,Block 19,,,Flat,3,,False,,,,,,,,,Not Required,Not Applicable,4.0,2011.895,0.8333333333333334,6,3.0,5.0,,35.0,,,,5.0,,False,False
323,"41 Westbourne Grove, London",,Orphan Estate,21.0,Block 21,,,Block of Flats,3,2.0,False,,,,,,,,,Not Required,Not Applicable,5.0,1186.435,1.5,2,1.0,4.0,,35.0,,,,4.0,,False,False
324,"164 Notting Hill Gate, London",,Orphan Estate,19.0,Block 19,,,Flat,2,,False,,,,,,,,,Not Required,Not Applicable,5.0,1832.2666666666667,0.0,2,,2.0,,35.0,,,,2.0,,False,False
325,"123 Ladbroke Grove, London",,Orphan Estate,22.0,Block 22,,,Block of Flats,3,7.0,True,John Smith 325,Sarah Johnson 325,2018-03-10 08:40:37.379711,2019-03-23 08:40:37.379711,2019-06-02 08:40:37.379711,2019-11-14 08:40:37.379711,2017-06-09 08:40:37.379711,None,Complete,Compliant,2.0,3758.035,0.0,4,,6.0,,35.0,2225.0,2154.0,2017-04-21 08:40:37.379711,6.0,,True,False
326,"16 Pembridge Road, London",,Orphan Estate,19.0,Block 19,,,Flat,2,,False,,,,,,,,,Not Required,Not Applicable,4.0,1443.23,0.5,4,1.0,6.0,,35.0,,,,6.0,,False,False
327,"43 Notting Hill Gate, London",,Orphan Estate,19.0,Block 19,,,Flat,2,,False,,,,,,,,,Not Required,Not Applicable,2.0,1839.08,0.5,6,,3.0,,35.0,,,,3.0,,False,False
328,"184 Pembridge Road, London",,Orphan Estate,22.0,Block 22,,,House,4,,False,,,,,,,,,Not Required,Not Applicable,1.0,1865.5,0.0,3,,7.0,,35.0,,,,7.0,,False,False
329,"15 Westbourne Grove, London",,Orphan Estate,19.0,Block 19,,,Flat,1,,False,,,,,,,,,Not Required,Not Applicable,3.0,4290.15,0.16666666666666666,6,,8.0,,35.0,,,,8.0,,False,False
330,"144 Westbourne Grove, London",,Orphan Estate,20.0,Block 20,,,Flat,1,,False,,,,,,,,,Not Required,Not Applicable,3.0,2473.976666666667,1.6666666666666667,6,,8.0,,35.0,,,,8.0,,False,False
331,"102 Notting Hill Gate, London",,Orphan Estate,18.0,Block 18,,,House,1,,False,,,,,,,,,Not Required,Not Applicable,,,0.4,5,,,,34.0,,,,,,False,False
332,"12 Westbourne Grove, London",,Orphan Estate,22.0,Block 22,,,Flat,1,,False,,,,,,,,,Not Required,Not Applicable,2.0,3651.41,0.5,2,,1.0,,35.0,,,,1.0,,False,False
333,"18 Westbourne Grove, London",,Orphan Estate,20.0,Block 20,,,Flat,2,,False,,,,,,,,,Not Required,Not Applicable,4.0,1542.26,2.0,4,,4.0,,35.0,,,,4.0,,False,False
334,"197 Westbourne Grove, London",,Orphan Estate,19.0,Block 19,,,Flat,4,,False,,,,,,,,,Not Required,Not Applicable,3.0,3672.536666666667,0.0,4,,3.0,,35.0,,,,3.0,,False,False
335,"97 Portobello Road, London",,Orphan Estate,21.0,Block 21,,,House,3,,False,,,,,,,,,Not Required,Not Applicable,1.0,1099.73,0.5,6,,6.0,,35.0,,,,6.0,,False,False
336,"31 Ladbroke Grove, London",,Orphan Estate,18.0,Block 18,,,Flat,2,,False,,,,,,,,,Not Required,Not Applicable,4.0,2643.5333333333333,1.2,5,1.0,8.0,,34.0,,,,8.0,,False,False
337,"187 Ladbroke Grove, London",,Orphan Estate,20.0,Block 20,,,House,3,,False,,,,,,,,,Not Required,Not Applicable,1.0,2684.05,0.75,4,,5.0,,35.0,,,,5.0,,False,False
338,"119 Pembridge Road, London",,Orphan Estate,19.0,Block 19,,,Flat,2,,False,,,,,,,,,Not Required,Not Applicable,3.0,2394.7599999999998,0.5,4,,3.0,,35.0,,,,3.0,,False,False
339,"64 Westbourne Grove, London",,Orphan Estate,20.0,Block 20,,,Flat,1,,False,,,,,,,,,Not Required,Not Applicable,1.0,1268.8,1.0,6,,4.0,,35.0,,,,4.0,,False,False
340,"9 Westbourne Grove, London",,Orphan Estate,18.0,Block 18,,,Block of Flats,1,4.0,False,,,,,,,,,Not Required,Not Applicable,5.0,2102.0933333333332,1.3333333333333333,3,,4.0,,34.0,,,,4.0,,False,False
341,"53 Portobello Road, London",,Orphan Estate,20.0,Block 20,,,Flat,1,,False,,,,,,,,,Not Required,Not Applicable,5.0,706.37,1.0,5,,3.0,,35.0,,,,3.0,,False,False
342,"63 Portobello Road, London",,Orphan Estate,20.0,Block 20,,,Flat,2,,False,,,,,,,,,Not Required,Not Applicable,2.0,217.09,1.0,4,1.0,4.0,,35.0,,,,4.0,,False,False
343,"194 Portobello Road, London",,Orphan Estate,19.0,Block 19,,,Block of Flats,2,10.0,True,John Smith 343,Sarah Johnson 343,2021-10-19 08:40:37.382504,2022-10-22 08:40:37.382504,2023-06-20 08:40:37.382504,2023-08-04 08:40:37.382504,2019-04-10 08:40:37.382504,Notice 1,Complete,Compliant,4.0,3235.9533333333334,0.16666666666666666,6,1.0,3.0,,35.0,916.0,675.0,2019-01-26 08:40:37.382504,3.0,,True,False
344,"143 Westbourne Grove, London",,Orphan Estate,22.0,Block 22,,,Flat,3,,False,,,,,,,,,Not Required,Not Applicable,,,0.0,4,1.0,,,35.0,,,,,,False,False
345,"179 Westbourne Grove, London",,Orphan Estate,19.0,Block 19,,,Flat,2,,False,,,,,,,,,Not Required,Not Applicable,,,0.0,2,,,,35.0,,,,,,False,False
346,"194 Pembridge Road, London",,Orphan Estate,21.0,Block 21,,,House,3,,False,,,,,,,,,Not Required,Not Applicable,4.0,1531.9766666666667,0.5,6,,7.0,,35.0,,,,7.0,,False,False
347,"182 Ladbroke Grove, London",,Orphan Estate,20.0,Block 20,,,Block of Flats,4,7.0,True,John Smith 347,Sarah Johnson 347,2022-03-01 08:40:37.383192,2023-06-07 08:40:37.383192,2023-10-12 08:40:37.383192,,2021-10-12 08:40:37.383192,None,Complete,Non-compliant,3.0,1894.765,0.3333333333333333,3,,3.0,,35.0,688.0,561.0,2021-09-02 08:40:37.383192,3.0,,True,True
348,"195 Pembridge Road, London",,Orphan Estate,22.0,Block 22,,,Flat,4,,False,,,,,,,,,Not Required,Not Applicable,2.0,3133.155,0.8333333333333334,6,,4.0,,35.0,,,,4.0,,False,False
349,"54 Notting Hill Gate, London",,Orphan Estate,22.0,Block 22,,,Flat,2,,False,,,,,,,,,Not Required,Not Applicable,,,1.0,2,1.0,,,35.0,,,,,,False,False
350,"190 Portobello Road, London",,Orphan Estate,21.0,Block 21,,,Block of Flats,2,7.0,True,John Smith 350,Sarah Johnson 350,2021-06-02 08:40:37.383663,2021-11-12 08:40:37.383663,2022-08-23 08:40:37.383663,2023-01-20 08:40:37.383663,2019-08-19 08:40:37.383663,Notice 1,Complete,Compliant,2.0,4918.39,0.0,4,1.0,7.0,,35.0,1260.0,976.0,2019-04-30 08:40:37.383663,7.0,,True,False
351,"81 Westbourne Grove, London",,Orphan Estate,18.0,Block 18,,,House,2,,False,,,,,,,,,Not Required,Not Applicable,4.0,1696.9666666666665,0.6666666666666666,3,,4.0,,34.0,,,,4.0,,False,False
352,"5 Notting Hill Gate, London",,Orphan Estate,22.0,Block 22,,,House,3,,False,,,,,,,,,Not Required,Not Applicable,1.0,349.0,0.0,5,1.0,1.0,,35.0,,,,1.0,,False,False
353,"40 Ladbroke Grove, London",,Orphan Estate,22.0,Block 22,,,Flat,2,,False,,,,,,,,,Not Required,Not Applicable,3.0,2654.1850000000004,1.2,5,,1.0,,35.0,,,,1.0,,False,False
354,"128 Pembridge Road, London",,Orphan Estate,22.0,Block 22,,,Flat,4,,False,,,,,,,,,Not Required,Not Applicable,1.0,3712.3,0.75,4,,8.0,,35.0,,,,8.0,,False,False
355,"186 Westbourne Grove, London",,Orphan Estate,21.0,Block 21,,,House,3,,False,,,,,,,,,Not Required,Not Applicable,5.0,1347.9833333333333,1.5,4,1.0,8.0,,35.0,,,,8.0,,False,False
356,"44 Ladbroke Grove, London",,Orphan Estate,20.0,Block 20,,,Flat,1,,False,,,,,,,,,Not Required,Not Applicable,3.0,1857.75,0.6666666666666666,6,,7.0,,35.0,,,,7.0,,False,False
357,"135 Portobello Road, London",,Orphan Estate,19.0,Block 19,,,Flat,1,,False,,,,,,,,,Not Required,Not Applicable,1.0,,0.0,2,2.0,2.0,,35.0,,,,2.0,,False,False
358,"106 Ladbroke Grove, London",,Orphan Estate,21.0,Block 21,,,Flat,2,,False,,,,,,,,,Not Required,Not Applicable,5.0,3820.0860000000002,1.5,2,,8.0,,35.0,,,,8.0,,False,False
359,"3 Ladbroke Grove, London",,Orphan Estate,19.0,Block 19,,,Flat,4,,False,,,,,,,,,Not Required,Not Applicable,5.0,1096.3166666666666,1.6666666666666667,3,1.0,1.0,,35.0,,,,1.0,,False,False
360,"169 Westbourne Grove, London",,Orphan Estate,22.0,Block 22,,,Flat,4,,False,,,,,,,,,Not Required,Not Applicable,,,0.0,6,,,,35.0,,,,,,False,False
361,"4 Portobello Road, London",,Orphan Estate,21.0,Block 21,,,Flat,3,,False,,,,,,,,,Not Required,Not Applicable,3.0,2899.9,0.2,5,,4.0,,35.0,,,,4.0,,False,False
362,"5 Pembridge Road, London",,Orphan Estate,21.0,Block 21,,,House,2,,False,,,,,,,,,Not Required,Not Applicable,4.0,2454.6525,1.5,2,1.0,1.0,,35.0,,,,1.0,,False,False
363,"28 Portobello Road, London",,Orphan Estate,18.0,Block 18,,,Flat,3,,False,,,,,,,,,Not Required,Not Applicable,3.0,3137.965,1.0,3,,1.0,,34.0,,,,1.0,,False,False
364,"91 Notting Hill Gate, London",,Orphan Estate,19.0,Block 19,,,Flat,4,,False,,,,,,,,,Not Required,Not Applicable,,,0.0,3,,,,35.0,,,,,,False,False
365,"118 Pembridge Road, London",,Orphan Estate,21.0,Block 21,,,Flat,1,,False,,,,,,,,,Not Required,Not Applicable,3.0,2063.5133333333333,0.0,5,,7.0,,35.0,,,,7.0,,False,False
366,"168 Portobello Road, London",,Orphan Estate,18.0,Block 18,,,Flat,4,,False,,,,,,,,,Not Required,Not Applicable,1.0,3137.26,0.8,5,,7.0,,34.0,,,,7.0,,False,False
367,"15 Portobello Road, London",,Orphan Estate,22.0,Block 22,,,Flat,4,,False,,,,,,,,,Not Required,Not Applicable,5.0,2251.525,0.0,3,1.0,6.0,,35.0,,,,6.0,,False,False
368,"166 Notting Hill Gate, London",,Orphan Estate,20.0,Block 20,,,Flat,4,,False,,,,,,,,,Not Required,Not Applicable,4.0,3201.8766666666666,0.5,6,,2.0,,35.0,,,,2.0,,False,False
369,"70 Portobello Road, London",,Orphan Estate,22.0,Block 22,,,House,3,,False,,,,,,,,,Not Required,Not Applicable,5.0,2993.5225,0.0,2,,3.0,,35.0,,,,3.0,,False,False
370,"140 Pembridge Road, London",,Orphan Estate,18.0,Block 18,,,Flat,3,,False,,,,,,,,,Not Required,Not Applicable,2.0,3958.6499999999996,0.16666666666666666,6,1.0,7.0,,34.0,,,,7.0,,False,False
371,"5 Ladbroke Grove, London",,Orphan Estate,20.0,Block 20,,,House,4,,False,,,,,,,,,Not Required,Not Applicable,4.0,2133.985,0.0,3,1.0,4.0,,35.0,,,,4.0,,False,False
372,"20 Notting Hill Gate, London",,Orphan Estate,19.0,Block 19,,,Flat,4,,False,,,,,,,,,Not Required,Not Applicable,4.0,2079.7,1.2,5,,8.0,,35.0,,,,8.0,,False,False
373,"174 Pembridge Road, London",,Orphan Estate,19.0,Block 19,,,House,2,,False,,,,,,,,,Not Required,Not Applicable,,,1.25,4,,,,35.0,,,,,,False,False
374,"177 Portobello Road, London",,Orphan Estate,19.0,Block 19,,,Block of Flats,1,2.0,False,,,,,,,,,Not Required,Not Applicable,2.0,2991.2200000000003,1.5,2,1.0,8.0,,35.0,,,,8.0,,False,False
375,"112 Ladbroke Grove, London",,Orphan Estate,22.0,Block 22,,,Flat,4,,False,,,,,,,,,Not Required,Not Applicable,4.0,899.3766666666667,0.6666666666666666,3,,1.0,,35.0,,,,1.0,,False,False
376,"199 Notting Hill Gate, London",,Orphan Estate,19.0,Block 19,,,Flat,4,,False,,,,,,,,,Not Required,Not Applicable,4.0,2271.2599999999998,0.0,2,2.0,4.0,,35.0,,,,4.0,,False,False
377,"126 Ladbroke Grove, London",,Orphan Estate,22.0,Block 22,,,Block of Flats,4,3.0,False,,,,,,,,,Not Required,Not Applicable,2.0,1606.595,1.0,2,,4.0,,35.0,,,,4.0,,False,False
378,"175 Pembridge Road, London",,Orphan Estate,20.0,Block 20,,,Flat,3,,False,,,,,,,,,Not Required,Not Applicable,2.0,2614.07,0.75,4,1.0,1.0,,35.0,,,,1.0,,False,False
379,"64 Portobello Road, London",,Orphan Estate,22.0,Block 22,,,Flat,2,,False,,,,,,,,,Not Required,Not Applicable,4.0,1828.2350000000001,1.5,2,,2.0,,35.0,,,,2.0,,False,False
380,"190 Westbourne Grove, London",,Orphan Estate,20.0,Block 20,,,Flat,1,,False,,,,,,,,,Not Required,Not Applicable,3.0,2360.405,1.0,2,,1.0,,35.0,,,,1.0,,False,False
381,"79 Westbourne Grove, London",,Orphan Estate,21.0,Block 21,,,Flat,2,,False,,,,,,,,,Not Required,Not Applicable,5.0,1745.7420000000002,0.0,5,,8.0,,35.0,,,,8.0,,False,False
382,"23 Ladbroke Grove, London",,Orphan Estate,20.0,Block 20,,,Flat,4,,False,,,,,,,,,Not Required,Not Applicable,5.0,3030.3275,0.0,3,2.0,6.0,,35.0,,,,6.0,,False,False
383,"27 Portobello Road, London",,Orphan Estate,18.0,Block 18,,,Flat,3,,False,,,,,,,,,Not Required,Not Applicable,4.0,1936.3333333333333,0.0,4,1.0,4.0,,34.0,,,,4.0,,False,False
384,"99 Portobello Road, London",,Orphan Estate,21.0,Block 21,,,Flat,1,,False,,,,,,,,,Not Required,Not Applicable,2.0,1162.37,0.0,2,,5.0,,35.0,,,,5.0,,False,False
385,"186 Pembridge Road, London",,Orphan Estate,19.0,Block 19,,,Flat,2,,False,,,,,,,,,Not Required,Not Applicable,3.0,3218.6133333333332,1.0,2,,5.0,,35.0,,,,5.0,,False,False
386,"176 Westbourne Grove, London",,Orphan Estate,20.0,Block 20,,,Flat,3,,False,,,,,,,,,Not Required,Not Applicable,,,0.6,5,1.0,,,35.0,,,,,,False,False
387,"127 Ladbroke Grove, London",,Orphan Estate,22.0,Block 22,,,Flat,4,,False,,,,,,,,,Not Required,Not Applicable,1.0,,0.4,5,1.0,3.0,,35.0,,,,3.0,,False,False
388,"77 Westbourne Grove, London",,Orphan Estate,20.0,Block 20,,,Flat,2,,False,,,,,,,,,Not Required,Not Applicable,3.0,2083.79,1.0,3,1.0,7.0,,35.0,,,,7.0,,False,False
389,"185 Westbourne Grove, London",,Orphan Estate,18.0,Block 18,,,Flat,1,,False,,,,,,,,,Not Required,Not Applicable,3.0,2845.7599999999998,0.0,2,,1.0,,34.0,,,,1.0,,False,False
390,"35 Notting Hill Gate, London",,Orphan Estate,19.0,Block 19,,,House,4,,False,,,,,,,,,Not Required,Not Applicable,2.0,1762.945,0.2,5,,1.0,,35.0,,,,1.0,,False,False
391,"85 Westbourne Grove, London",,Orphan Estate,21.0,Block 21,,,House,2,,False,,,,,,,,,Not Required,Not Applicable,4.0,2183.85,1.3333333333333333,3,1.0,3.0,,35.0,,,,3.0,,False,False
392,"77 Notting Hill Gate, London",,Orphan Estate,18.0,Block 18,,,Flat,2,,False,,,,,,,,,Not Required,Not Applicable,4.0,2542.05,0.3333333333333333,6,1.0,3.0,,34.0,,,,3.0,,False,False
393,"102 Notting Hill Gate, London",,Orphan Estate,19.0,Block 19,,,House,4,,False,,,,,,,,,Not Required,Not Applicable,1.0,,0.6,5,1.0,8.0,,35.0,,,,8.0,,False,False
394,"148 Ladbroke Grove, London",,Orphan Estate,21.0,Block 21,,,Flat,4,,False,,,,,,,,,Not Required,Not Applicable,5.0,2226.6,1.5,2,,8.0,,35.0,,,,8.0,,False,False
395,"94 Portobello Road, London",,Orphan Estate,21.0,Block 21,,,Flat,2,,False,,,,,,,,,Not Required,Not Applicable,4.0,1528.1966666666667,0.3333333333333333,6,,3.0,,35.0,,,,3.0,,False,False
396,"175 Pembridge Road, London",,Orphan Estate,18.0,Block 18,,,Block of Flats,2,8.0,True,John Smith 396,Sarah Johnson 396,2019-03-07 08:40:37.390985,2019-06-16 08:40:37.390985,2019-11-16 08:40:37.390985,2020-01-24 08:40:37.390985,2018-02-08 08:40:37.390985,,Complete,Non-compliant,1.0,4576.66,1.0,4,1.0,4.0,,34.0,2140.0,1987.0,2017-10-05 08:40:37.390985,4.0,,True,True
397,"154 Westbourne Grove, London",,Orphan Estate,22.0,Block 22,,,Flat,4,,False,,,,,,,,,Not Required,Not Applicable,1.0,751.68,0.0,6,1.0,8.0,,35.0,,,,8.0,,False,False
398,"140 Portobello Road, London",,Orphan Estate,19.0,Block 19,,,House,1,,False,,,,,,,,,Not Required,Not Applicable,4.0,3389.7033333333334,1.5,2,2.0,6.0,,35.0,,,,6.0,,False,False
399,"28 Ladbroke Grove, London",,Orphan Estate,18.0,Block 18,,,Flat,1,,False,,,,,,,,,Not Required,Not Applicable,5.0,673.46,0.0,4,,8.0,,34.0,,,,8.0,,False,False
400,"145 Westbourne Grove, London",,Orphan Estate,21.0,Block 21,,,Flat,4,,False,,,,,,,,,Not Required,Not Applicable,4.0,979.2049999999999,0.16666666666666666,6,2.0,1.0,,35.0,,,,1.0,,False,False
401,"28 Portobello Road, London",,Orphan Estate,20.0,Block 20,,,Flat,2,,False,,,,,,,,,Not Required,Not Applicable,2.0,4008.97,0.75,4,,8.0,,35.0,,,,8.0,,False,False
402,"115 Notting Hill Gate, London",,Orphan Estate,22.0,Block 22,,,House,2,,False,,,,,,,,,Not Required,Not Applicable,2.0,409.39,0.0,2,2.0,4.0,,35.0,,,,4.0,,False,False
403,"89 Portobello Road, London",,Orphan Estate,18.0,Block 18,,,Flat,1,,False,,,,,,,,,Not Required,Not Applicable,5.0,3448.9500000000003,1.0,6,,3.0,,34.0,,,,3.0,,False,False
404,"30 Ladbroke Grove, London",,Orphan Estate,18.0,Block 18,,,Flat,2,,False,,,,,,,,,Not Required,Not Applicable,4.0,1779.4800000000002,0.25,4,,1.0,,34.0,,,,1.0,,False,False
405,"134 Westbourne Grove, London",,Orphan Estate,19.0,Block 19,,,Flat,4,,False,,,,,,,,,Not Required,Not Applicable,4.0,3644.585,0.0,2,1.0,8.0,,35.0,,,,8.0,,False,False
406,"82 Portobello Road, London",,Orphan Estate,19.0,Block 19,,,House,1,,False,,,,,,,,,Not Required,Not Applicable,1.0,2622.85,0.8,5,1.0,4.0,,35.0,,,,4.0,,False,False
407,"6 Notting Hill Gate, London",,Orphan Estate,20.0,Block 20,,,House,2,,False,,,,,,,,,Not Required,Not Applicable,1.0,767.95,0.6666666666666666,3,1.0,6.0,,35.0,,,,6.0,,False,False
408,"190 Ladbroke Grove, London",,Orphan Estate,21.0,Block 21,,,Flat,3,,False,,,,,,,,,Not Required,Not Applicable,5.0,328.02,1.5,2,,8.0,,35.0,,,,8.0,,False,False
409,"144 Westbourne Grove, London",,Orphan Estate,19.0,Block 19,,,Flat,4,,False,,,,,,,,,Not Required,Not Applicable,3.0,2744.9933333333333,0.0,2,,4.0,,35.0,,,,4.0,,False,False
410,"162 Ladbroke Grove, London",,Orphan Estate,22.0,Block 22,,,House,4,,False,,,,,,,,,Not Required,Not Applicable,1.0,,1.6,5,,6.0,,35.0,,,,6.0,,False,False
411,"8 Pembridge Road, London",,Orphan Estate,19.0,Block 19,,,Flat,4,,False,,,,,,,,,Not Required,Not Applicable,4.0,1537.7199999999998,0.8333333333333334,6,1.0,3.0,,35.0,,,,3.0,,False,False
412,"100 Portobello Road, London",,Orphan Estate,22.0,Block 22,,,Flat,1,,False,,,,,,,,,Not Required,Not Applicable,3.0,2566.6233333333334,1.25,4,,8.0,,35.0,,,,8.0,,False,False
413,"148 Portobello Road, London",,Orphan Estate,20.0,Block 20,,,Flat,2,,False,,,,,,,,,Not Required,Not Applicable,3.0,2772.47,0.0,4,,6.0,,35.0,,,,6.0,,False,False
414,"118 Portobello Road, London",,Orphan Estate,18.0,Block 18,,,House,3,,False,,,,,,,,,Not Required,Not Applicable,,,0.8,5,,,,34.0,,,,,,False,False
415,"153 Westbourne Grove, London",,Orphan Estate,20.0,Block 20,,,Flat,3,,False,,,,,,,,,Not Required,Not Applicable,2.0,289.03,0.6,5,,3.0,,35.0,,,,3.0,,False,False
416,"91 Westbourne Grove, London",,Orphan Estate,21.0,Block 21,,,House,3,,False,,,,,,,,,Not Required,Not Applicable,3.0,4047.03,1.0,2,1.0,1.0,,35.0,,,,1.0,,False,False
417,"158 Pembridge Road, London",,Orphan Estate,19.0,Block 19,,,Flat,1,,False,,,,,,,,,Not Required,Not Applicable,5.0,2117.2239999999997,0.0,2,,5.0,,35.0,,,,5.0,,False,False
418,"62 Notting Hill Gate, London",,Orphan Estate,21.0,Block 21,,,Flat,2,,False,,,,,,,,,Not Required,Not Applicable,4.0,1776.1266666666668,0.0,2,,2.0,,35.0,,,,2.0,,False,False
419,"131 Westbourne Grove, London",,Orphan Estate,22.0,Block 22,,,Flat,4,,False,,,,,,,,,Not Required,Not Applicable,4.0,2425.5,1.0,4,2.0,8.0,,35.0,,,,8.0,,False,False
420,"109 Ladbroke Grove, London",,Orphan Estate,20.0,Block 20,,,Flat,2,,False,,,,,,,,,Not Required,Not Applicable,1.0,,1.5,4,,6.0,,35.0,,,,6.0,,False,False
421,"143 Ladbroke Grove, London",,Orphan Estate,19.0,Block 19,,,Flat,3,,False,,,,,,,,,Not Required,Not Applicable,3.0,2572.87,0.0,2,,2.0,,35.0,,,,2.0,,False,False
422,"116 Pembridge Road, London",,Orphan Estate,22.0,Block 22,,,Flat,4,,False,,,,,,,,,Not Required,Not Applicable,3.0,2516.17,1.1666666666666667,6,1.0,2.0,,35.0,,,,2.0,,False,False
423,"144 Pembridge Road, London",,Orphan Estate,19.0,Block 19,,,Flat,4,,False,,,,,,,,,Not Required,Not Applicable,5.0,1830.79,0.0,2,,6.0,,35.0,,,,6.0,,False,False
424,"107 Westbourne Grove, London",,Orphan Estate,22.0,Block 22,,,Flat,1,,False,,,,,,,,,Not Required,Not Applicable,4.0,2561.9075000000003,0.3333333333333333,6,,3.0,,35.0,,,,3.0,,False,False
425,"195 Ladbroke Grove, London",,Orphan Estate,18.0,Block 18,,,Flat,3,,False,,,,,,,,,Not Required,Not Applicable,3.0,2493.955,0.75,4,1.0,8.0,,34.0,,,,8.0,,False,False
426,"44 Westbourne Grove, London",,Orphan Estate,,Orphan Block,39.0,Core 39,House,4,,False,,,,,,,,,Not Required,Not Applicable,1.0,,0.0,2,1.0,5.0,,,,,,5.0,,False,False
427,"141 Pembridge Road, London",,Orphan Estate,,Orphan Block,39.0,Core 39,Flat,3,,False,,,,,,,,,Not Required,Not Applicable,3.0,1820.2933333333333,0.3333333333333333,6,1.0,1.0,,,,,,1.0,,False,False
428,"139 Portobello Road, London",,Orphan Estate,,Orphan Block,39.0,Core 39,Flat,2,,False,,,,,,,,,Not Required,Not Applicable,4.0,3758.376666666667,0.3333333333333333,3,,4.0,,,,,,4.0,,False,False
429,"109 Portobello Road, London",,Orphan Estate,,Orphan Block,39.0,Core 39,Flat,1,,False,,,,,,,,,Not Required,Not Applicable,3.0,3501.5833333333335,1.4,5,,1.0,,,,,,1.0,,False,False
430,"116 Notting Hill Gate, London",,Orphan Estate,,Orphan Block,36.0,Core 36,Flat,1,,False,,,,,,,,,Not Required,Not Applicable,3.0,3226.2033333333334,0.0,2,1.0,4.0,,,,,,4.0,,False,False
431,"199 Ladbroke Grove, London",,Orphan Estate,,Orphan Block,36.0,Core 36,House,3,,False,,,,,,,,,Not Required,Not Applicable,1.0,4357.99,1.0,4,2.0,1.0,,,,,,1.0,,False,False
432,"182 Pembridge Road, London",,Orphan Estate,,Orphan Block,37.0,Core 37,Flat,2,,False,,,,,,,,,Not Required,Not Applicable,2.0,4232.09,0.2,5,,6.0,,,,,,6.0,,False,False
433,"53 Ladbroke Grove, London",,Orphan Estate,,Orphan Block,35.0,Core 35,Flat,3,,False,,,,,,,,,Not Required,Not Applicable,2.0,3139.27,0.3333333333333333,6,,5.0,,,,,,5.0,,False,False
434,"153 Pembridge Road, London",,Orphan Estate,,Orphan Block,36.0,Core 36,Block of Flats,3,5.0,False,,,,,,,,,Not Required,Not Applicable,1.0,3044.56,0.0,4,,8.0,,,,,,8.0,,False,False
435,"147 Notting Hill Gate, London",,Orphan Estate,,Orphan Block,36.0,Core 36,House,2,,False,,,,,,,,,Not Required,Not Applicable,1.0,2773.53,2.0,2,,4.0,,,,,,4.0,,False,False
436,"193 Westbourne Grove, London",,Orphan Estate,,Orphan Block,38.0,Core 38,Block of Flats,2,3.0,False,,,,,,,,,Not Required,Not Applicable,,,1.6666666666666667,3,,,,,,,,,,False,False
437,"64 Ladbroke Grove, London",,Orphan Estate,,Orphan Block,38.0,Core 38,House,4,,False,,,,,,,,,Not Required,Not Applicable,4.0,1818.3075,0.0,2,2.0,8.0,,,,,,8.0,,False,False
438,"126 Ladbroke Grove, London",,Orphan Estate,,Orphan Block,38.0,Core 38,Flat,4,,False,,,,,,,,,Not Required,Not Applicable,3.0,2485.116666666667,0.0,4,,8.0,,,,,,8.0,,False,False
439,"97 Westbourne Grove, London",,Orphan Estate,,Orphan Block,38.0,Core 38,House,1,,False,,,,,,,,,Not Required,Not Applicable,1.0,3320.03,0.0,3,1.0,7.0,,,,,,7.0,,False,False
440,"104 Pembridge Road, London",,Orphan Estate,,Orphan Block,35.0,Core 35,House,3,,False,,,,,,,,,Not Required,Not Applicable,4.0,2589.6125,0.6666666666666666,3,1.0,3.0,,,,,,3.0,,False,False
441,"117 Westbourne Grove, London",,Orphan Estate,,Orphan Block,37.0,Core 37,Flat,1,,False,,,,,,,,,Not Required,Not Applicable,2.0,1989.95,0.6666666666666666,6,2.0,1.0,,,,,,1.0,,False,False
442,"188 Westbourne Grove, London",,Orphan Estate,,Orphan Block,36.0,Core 36,House,1,,False,,,,,,,,,Not Required,Not Applicable,2.0,3513.45,0.6,5,,8.0,,,,,,8.0,,False,False
443,"137 Westbourne Grove, London",,Orphan Estate,,Orphan Block,35.0,Core 35,Flat,3,,False,,,,,,,,,Not Required,Not Applicable,4.0,2994.47,0.8333333333333334,6,,1.0,,,,,,1.0,,False,False
444,"87 Pembridge Road, London",,Orphan Estate,,Orphan Block,36.0,Core 36,Flat,4,,False,,,,,,,,,Not Required,Not Applicable,,,0.3333333333333333,3,,,,,,,,,,False,False
445,"88 Portobello Road, London",,Orphan Estate,,Orphan Block,38.0,Core 38,House,4,,False,,,,,,,,,Not Required,Not Applicable,4.0,2700.3725,0.75,4,,4.0,,,,,,4.0,,False,False
446,"5 Portobello Road, London",,Orphan Estate,,Orphan Block,39.0,Core 39,Flat,4,,False,,,,,,,,,Not Required,Not Applicable,,,0.6,5,,,,,,,,,,False,False
447,"52 Ladbroke Grove, London",,Orphan Estate,,Orphan Block,37.0,Core 37,Flat,3,,False,,,,,,,,,Not Required,Not Applicable,5.0,2692.3300000000004,0.5,4,1.0,3.0,,,,,,3.0,,False,False
448,"24 Notting Hill Gate, London",,Orphan Estate,,Orphan Block,35.0,Core 35,Flat,2,,False,,,,,,,,,Not Required,Not Applicable,4.0,3465.005,0.5,6,,6.0,,,,,,6.0,,False,False
449,"14 Westbourne Grove, London",,Orphan Estate,,Orphan Block,35.0,Core 35,House,2,,False,,,,,,,,,Not Required,Not Applicable,1.0,2587.18,0.8,5,,7.0,,,,,,7.0,,False,False
450,"110 Portobello Road, London",,Orphan Estate,,Orphan Block,38.0,Core 38,Flat,4,,False,,,,,,,,,Not Required,Not Applicable,5.0,1985.45,0.0,3,,6.0,,,,,,6.0,,False,False
451,"20 Ladbroke Grove, London",,Orphan Estate,,Orphan Block,38.0,Core 38,Flat,4,,False,,,,,,,,,Not Required,Not Applicable,2.0,3279.815,0.0,3,,6.0,,,,,,6.0,,False,False
452,"3 Portobello Road, London",,Orphan Estate,,Orphan Block,36.0,Core 36,House,4,,False,,,,,,,,,Not Required,Not Applicable,5.0,1147.715,0.0,3,2.0,6.0,,,,,,6.0,,False,False
453,"178 Ladbroke Grove, London",,Orphan Estate,,Orphan Block,39.0,Core 39,Flat,1,,False,,,,,,,,,Not Required,Not Applicable,5.0,1963.3580000000002,1.0,3,,6.0,,,,,,6.0,,False,False
454,"188 Portobello Road, London",,Orphan Estate,,Orphan Block,36.0,Core 36,Flat,3,,False,,,,,,,,,Not Required,Not Applicable,5.0,881.73,0.0,3,,6.0,,,,,,6.0,,False,False
455,"36 Westbourne Grove, London",,Orphan Estate,,Orphan Block,36.0,Core 36,House,2,,False,,,,,,,,,Not Required,Not Applicable,5.0,3472.313333333333,1.0,6,1.0,5.0,,,,,,5.0,,False,False
456,"165 Ladbroke Grove, London",,Orphan Estate,,Orphan Block,35.0,Core 35,Flat,2,,False,,,,,,,,,Not Required,Not Applicable,5.0,2889.852,1.0,2,1.0,3.0,,,,,,3.0,,False,False
457,"113 Notting Hill Gate, London",,Orphan Estate,,Orphan Block,38.0,Core 38,House,2,,False,,,,,,,,,Not Required,Not Applicable,,,0.4,5,1.0,,,,,,,,,False,False
458,"106 Pembridge Road, London",,Orphan Estate,,Orphan Block,38.0,Core 38,House,1,,False,,,,,,,,,Not Required,Not Applicable,2.0,4287.89,1.0,6,1.0,8.0,,,,,,8.0,,False,False
459,"26 Ladbroke Grove, London",,Orphan Estate,,Orphan Block,37.0,Core 37,Flat,4,,False,,,,,,,,,Not Required,Not Applicable,,,1.0,3,1.0,,,,,,,,,False,False
460,"90 Westbourne Grove, London",,Orphan Estate,,Orphan Block,36.0,Core 36,Flat,3,,False,,,,,,,,,Not Required,Not Applicable,,,0.6666666666666666,3,,,,,,,,,,False,False
461,"166 Portobello Road, London",,Orphan Estate,,Orphan Block,36.0,Core 36,House,3,,False,,,,,,,,,Not Required,Not Applicable,1.0,974.61,1.0,4,1.0,2.0,,,,,,2.0,,False,False
462,"200 Portobello Road, London",,Orphan Estate,,Orphan Block,38.0,Core 38,Flat,2,,False,,,,,,,,,Not Required,Not Applicable,1.0,3819.93,0.0,4,1.0,5.0,,,,,,5.0,,False,False
463,"192 Westbourne Grove, London",,Orphan Estate,,Orphan Block,36.0,Core 36,Flat,2,,False,,,,,,,,,Not Required,Not Applicable,5.0,2670.526,0.0,3,1.0,6.0,,,,,,6.0,,False,False
464,"127 Westbourne Grove, London",,Orphan Estate,,Orphan Block,35.0,Core 35,Flat,1,,False,,,,,,,,,Not Required,Not Applicable,2.0,,3.0,2,,1.0,,,,,,1.0,,False,False
465,"136 Portobello Road, London",,Orphan Estate,,Orphan Block,39.0,Core 39,Block of Flats,2,7.0,True,John Smith 465,Sarah Johnson 465,2020-10-29 08:40:37.403095,2021-12-27 08:40:37.403095,,,2019-04-29 08:40:37.403095,None,Complete,Non-compliant,3.0,2435.7133333333336,0.5,4,1.0,4.0,,,1215.0,,2019-03-27 08:40:37.403095,4.0,,False,True
466,"16 Westbourne Grove, London",,Orphan Estate,,Orphan Block,35.0,Core 35,House,4,,False,,,,,,,,,Not Required,Not Applicable,4.0,2463.79,2.0,4,,7.0,,,,,,7.0,,False,False
467,"109 Westbourne Grove, London",,Orphan Estate,,Orphan Block,38.0,Core 38,Flat,2,,False,,,,,,,,,Not Required,Not Applicable,,,0.2,5,,,,,,,,,,False,False
468,"72 Portobello Road, London",,Orphan Estate,,Orphan Block,36.0,Core 36,Flat,2,,False,,,,,,,,,Not Required,Not Applicable,3.0,899.2149999999999,0.2,5,,1.0,,,,,,1.0,,False,False
469,"40 Pembridge Road, London",,Orphan Estate,,Orphan Block,38.0,Core 38,Flat,1,,False,,,,,,,,,Not Required,Not Applicable,4.0,1502.58,0.0,6,1.0,5.0,,,,,,5.0,,False,False
470,"80 Westbourne Grove, London",,Orphan Estate,,Orphan Block,36.0,Core 36,Flat,1,,False,,,,,,,,,Not Required,Not Applicable,5.0,2758.185,1.0,3,,4.0,,,,,,4.0,,False,False
471,"112 Portobello Road, London",,Orphan Estate,,Orphan Block,38.0,Core 38,House,3,,False,,,,,,,,,Not Required,Not Applicable,3.0,1769.27,0.0,5,,5.0,,,,,,5.0,,False,False
472,"171 Ladbroke Grove, London",,Orphan Estate,,Orphan Block,37.0,Core 37,House,1,,False,,,,,,,,,Not Required,Not Applicable,2.0,2451.97,0.6,5,,8.0,,,,,,8.0,,False,False
473,"42 Westbourne Grove, London",,Orphan Estate,,Orphan Block,36.0,Core 36,Flat,3,,False,,,,,,,,,Not Required,Not Applicable,1.0,,1.0,6,1.0,3.0,,,,,,3.0,,False,False
474,"43 Notting Hill Gate, London",,Orphan Estate,,Orphan Block,38.0,Core 38,House,3,,False,,,,,,,,,Not Required,Not Applicable,4.0,3174.19,0.0,3,,4.0,,,,,,4.0,,False,False
475,"188 Portobello Road, London",,Orphan Estate,,Orphan Block,35.0,Core 35,House,3,,False,,,,,,,,,Not Required,Not Applicable,4.0,2329.88,0.2,5,1.0,3.0,,,,,,3.0,,False,False
476,"135 Portobello Road, London",,Orphan Estate,,Orphan Block,39.0,Core 39,Block of Flats,1,8.0,True,,Sarah Johnson 476,2021-02-12 08:40:37.404909,2021-05-05 08:40:37.404909,2021-08-02 08:40:37.404909,2022-01-09 08:40:37.404909,,None,Complete,Non-compliant,5.0,2033.102,0.0,2,,8.0,,,1451.0,1362.0,2020-05-27 08:40:37.404909,8.0,,True,True
477,"63 Portobello Road, London",,Orphan Estate,,Orphan Block,38.0,Core 38,Flat,2,,False,,,,,,,,,Not Required,Not Applicable,1.0,,0.25,4,,1.0,,,,,,1.0,,False,False
478,"46 Portobello Road, London",,Orphan Estate,,Orphan Block,38.0,Core 38,Block of Flats,4,4.0,False,,,,,,,,,Not Required,Not Applicable,1.0,4577.45,1.0,4,,8.0,,,,,,8.0,,False,False
479,"83 Ladbroke Grove, London",,Orphan Estate,,Orphan Block,39.0,Core 39,Flat,1,,False,,,,,,,,,Not Required,Not Applicable,1.0,,0.0,2,2.0,1.0,,,,,,1.0,,False,False
480,"147 Notting Hill Gate, London",,Orphan Estate,,Orphan Block,38.0,Core 38,House,1,,False,,,,,,,,,Not Required,Not Applicable,3.0,4167.043333333334,0.6666666666666666,6,1.0,4.0,,,,,,4.0,,False,False
481,"46 Ladbroke Grove, London",,Orphan Estate,,Orphan Block,37.0,Core 37,Block of Flats,4,2.0,False,,,,,,,,,Not Required,Not Applicable,3.0,1402.8933333333334,1.0,6,,4.0,,,,,,4.0,,False,False
482,"120 Notting Hill Gate, London",,Orphan Estate,,Orphan Block,38.0,Core 38,Flat,4,,False,,,,,,,,,Not Required,Not Applicable,2.0,1977.305,0.3333333333333333,3,,6.0,,,,,,6.0,,False,False
483,"3 Notting Hill Gate, London",,Orphan Estate,,Orphan Block,39.0,Core 39,Flat,3,,False,,,,,,,,,Not Required,Not Applicable,2.0,2550.505,0.0,4,1.0,5.0,,,,,,5.0,,False,False
484,"190 Pembridge Road, London",,Orphan Estate,,Orphan Block,35.0,Core 35,Flat,4,,False,,,,,,,,,Not Required,Not Applicable,5.0,2944.7239999999997,0.4,5,1.0,6.0,,,,,,6.0,,False,False
485,"198 Ladbroke Grove, London",,Orphan Estate,,Orphan Block,37.0,Core 37,House,2,,False,,,,,,,,,Not Required,Not Applicable,4.0,2189.2033333333334,1.5,2,,5.0,,,,,,5.0,,False,False
486,"2 Westbourne Grove, London",,Orphan Estate,,Orphan Block,39.0,Core 39,Flat,1,,False,,,,,,,,,Not Required,Not Applicable,3.0,763.07,0.0,2,,6.0,,,,,,6.0,,False,False
487,"86 Portobello Road, London",,Orphan Estate,,Orphan Block,37.0,Core 37,Flat,3,,False,,,,,,,,,Not Required,Not Applicable,1.0,3600.32,0.0,5,,3.0,,,,,,3.0,,False,False
488,"27 Ladbroke Grove, London",,Orphan Estate,,Orphan Block,37.0,Core 37,Flat,1,,False,,,,,,,,,Not Required,Not Applicable,5.0,2070.1620000000003,0.16666666666666666,6,2.0,4.0,,,,,,4.0,,False,False
489,"37 Notting Hill Gate, London",,Orphan Estate,,Orphan Block,37.0,Core 37,Block of Flats,4,6.0,False,,,,,,,,,Not Required,Not Applicable,1.0,4827.84,1.0,3,1.0,1.0,,,,,,1.0,,False,False
490,"118 Portobello Road, London",,Orphan Estate,,Orphan Block,39.0,Core 39,Flat,4,,False,,,,,,,,,Not Required,Not Applicable,2.0,1454.59,0.5,4,,5.0,,,,,,5.0,,False,False
491,"20 Pembridge Road, London",,Orphan Estate,,Orphan Block,37.0,Core 37,Flat,2,,False,,,,,,,,,Not Required,Not Applicable,5.0,1008.4633333333333,1.0,3,,8.0,,,,,,8.0,,False,False
492,"61 Notting Hill Gate, London",,Orphan Estate,,Orphan Block,35.0,Core 35,House,3,,False,,,,,,,,,Not Required,Not Applicable,1.0,2415.74,0.16666666666666666,6,1.0,5.0,,,,,,5.0,,False,False
493,"82 Westbourne Grove, London",,Orphan Estate,,Orphan Block,36.0,Core 36,Flat,2,,False,,,,,,,,,Not Required,Not Applicable,5.0,2504.555,1.5,2,,1.0,,,,,,1.0,,False,False
494,"35 Pembridge Road, London",,Orphan Estate,,Orphan Block,36.0,Core 36,Flat,4,,False,,,,,,,,,Not Required,Not Applicable,1.0,,1.6666666666666667,3,,6.0,,,,,,6.0,,False,False
495,"120 Notting Hill Gate, London",,Orphan Estate,,Orphan Block,38.0,Core 38,Flat,2,,False,,,,,,,,,Not Required,Not Applicable,2.0,4636.48,0.5,6,,5.0,,,,,,5.0,,False,False
496,"116 Notting Hill Gate, London",,Orphan Estate,,Orphan Block,35.0,Core 35,House,1,,False,,,,,,,,,Not Required,Not Applicable,2.0,3236.15,0.6,5,,7.0,,,,,,7.0,,False,False
497,"41 Notting Hill Gate, London",,Orphan Estate,,Orphan Block,39.0,Core 39,House,1,,False,,,,,,,,,Not Required,Not Applicable,,,1.0,2,,,,,,,,,,False,False
498,"56 Notting Hill Gate, London",,Orphan Estate,,Orphan Block,38.0,Core 38,House,3,,False,,,,,,,,,Not Required,Not Applicable,3.0,,0.8333333333333334,6,,4.0,,,,,,4.0,,False,False
499,"102 Pembridge Road, London",,Orphan Estate,,Orphan Block,39.0,Core 39,Flat,2,,False,,,,,,,,,Not Required,Not Applicable,2.0,2153.455,1.0,5,1.0,1.0,,,,,,1.0,,False,False
500,"8 Westbourne Grove, London",,Orphan Estate,,Orphan Block,35.0,Core 35,Flat,2,,False,,,,,,,,,Not Required,Not Applicable,,,1.1666666666666667,6,1.0,,,,,,,,,False,False
