tenantid,contact_date,contact_reason,source_dataset,resolved_flag,propertyid
418,2015-03-26,Formal Complaint,tenants,True,
239,2015-05-09,Formal Complaint,tenants,True,
170,2016-01-08,Formal Complaint,tenants,False,
347,2016-01-28,Formal Complaint,tenants,True,
76,2016-02-17,Formal Complaint,tenants,True,
82,2016-02-24,Formal Complaint,tenants,False,
1,2016-03-26,Formal Complaint,tenants,True,
434,2016-04-17,Formal Complaint,tenants,True,
448,2016-05-09,Formal Complaint,tenants,True,
156,2016-06-12,Formal Complaint,tenants,True,
187,2016-07-06,Formal Complaint,tenants,True,
76,2016-08-12,Formal Complaint,tenants,True,
186,2016-09-14,Formal Complaint,tenants,True,
390,2016-11-04,Formal Complaint,tenants,True,
231,2016-11-23,Formal Complaint,tenants,True,
299,2016-12-19,Formal Complaint,tenants,True,
187,2016-12-21,Formal Complaint,tenants,False,
82,2016-12-27,Formal Complaint,tenants,True,
23,2017-01-11,Formal Complaint,tenants,False,
166,2017-01-22,Formal Complaint,tenants,True,
382,2017-02-20,Formal Complaint,tenants,True,
327,2017-03-22,Formal Complaint,tenants,True,
15,2017-03-22,Formal Complaint,tenants,True,
223,2017-04-17,Formal Complaint,tenants,True,
327,2017-04-19,Formal Complaint,tenants,False,
330,2017-05-07,Formal Complaint,tenants,True,
332,2017-05-07,Formal Complaint,tenants,False,
23,2017-05-10,Formal Complaint,tenants,True,
212,2017-05-17,Formal Complaint,tenants,True,
121,2017-05-26,Formal Complaint,tenants,True,
265,2017-06-03,Formal Complaint,tenants,True,
141,2017-07-09,Formal Complaint,tenants,False,
348,2017-07-15,Formal Complaint,tenants,True,
101,2017-08-10,Formal Complaint,tenants,True,
213,2017-09-09,Formal Complaint,tenants,True,
430,2017-09-21,Formal Complaint,tenants,True,
44,2017-10-02,Formal Complaint,tenants,False,
149,2017-10-02,Formal Complaint,tenants,True,
191,2017-10-13,Formal Complaint,tenants,True,
332,2017-10-29,Formal Complaint,tenants,True,
407,2017-11-06,Formal Complaint,tenants,True,
170,2017-11-07,Formal Complaint,tenants,True,
119,2017-11-26,Formal Complaint,tenants,True,
235,2017-11-29,Formal Complaint,tenants,False,
396,2017-12-12,Formal Complaint,tenants,True,
330,2018-03-09,Formal Complaint,tenants,False,
358,2018-03-30,Formal Complaint,tenants,True,
23,2018-04-05,Formal Complaint,tenants,True,
115,2018-04-25,Formal Complaint,tenants,True,
88,2018-06-19,Formal Complaint,tenants,False,
128,2018-07-04,Formal Complaint,tenants,True,
169,2018-07-07,Formal Complaint,tenants,True,
149,2018-07-26,Formal Complaint,tenants,True,
302,2018-08-21,Formal Complaint,tenants,True,
333,2018-08-22,Formal Complaint,tenants,True,
154,2018-09-14,Formal Complaint,tenants,True,
169,2018-09-19,Formal Complaint,tenants,False,
108,2018-10-03,Formal Complaint,tenants,True,
87,2018-10-25,Formal Complaint,tenants,True,
276,2018-10-29,Formal Complaint,tenants,True,
388,2018-11-01,Formal Complaint,tenants,False,
131,2018-12-03,Formal Complaint,tenants,True,
154,2018-12-05,Formal Complaint,tenants,True,
413,2018-12-05,Formal Complaint,tenants,True,
333,2018-12-19,Formal Complaint,tenants,True,
147,2018-12-25,Formal Complaint,tenants,True,
37,2019-01-12,Formal Complaint,tenants,False,
385,2019-02-21,Formal Complaint,tenants,False,
128,2019-03-03,Formal Complaint,tenants,False,
291,2019-03-08,Formal Complaint,tenants,True,
133,2019-03-20,Formal Complaint,tenants,True,
385,2019-04-20,Formal Complaint,tenants,False,
235,2019-04-27,Formal Complaint,tenants,True,
92,2019-05-11,Formal Complaint,tenants,True,
176,2019-06-13,Formal Complaint,tenants,False,
165,2019-06-24,Formal Complaint,tenants,False,
53,2019-06-30,Formal Complaint,tenants,True,
100,2019-08-04,Formal Complaint,tenants,True,
176,2019-08-19,Formal Complaint,tenants,True,
297,2019-10-22,Formal Complaint,tenants,False,
450,2019-12-14,Formal Complaint,tenants,True,
248,2019-12-25,Formal Complaint,tenants,True,
215,2019-12-28,Formal Complaint,tenants,True,
118,2020-01-01,Formal Complaint,tenants,False,
443,2020-01-03,Repair Request,repairs,True,274.0
260,2020-01-04,Formal Complaint,tenants,True,
32,2020-01-07,Repair Request,repairs,True,337.0
188,2020-01-11,Inspection Access or Follow-up,inspections,True,
181,2020-01-21,Repair Request,repairs,False,391.0
89,2020-01-23,Repair Request,repairs,False,313.0
46,2020-01-25,Repair Request,repairs,True,78.0
288,2020-01-27,Repair Request,repairs,True,445.0
181,2020-01-28,Chasing Repair,repairs,False,391.0
181,2020-01-28,Chasing Repair,repairs,False,391.0
227,2020-01-29,Formal Complaint,tenants,True,
261,2020-01-29,Repair Request,repairs,True,288.0
89,2020-01-30,Chasing Repair,repairs,False,313.0
89,2020-01-31,Chasing Repair,repairs,False,313.0
89,2020-02-04,Chasing Repair,repairs,False,313.0
181,2020-02-06,Chasing Repair,repairs,False,391.0
215,2020-02-21,Repair Request,repairs,True,256.0
46,2020-02-29,Inspection Access or Follow-up,inspections,True,
162,2020-03-03,Inspection Access or Follow-up,inspections,True,
438,2020-03-07,Inspection Access or Follow-up,inspections,True,
202,2020-03-09,Inspection Access or Follow-up,inspections,True,
385,2020-03-10,Inspection Access or Follow-up,inspections,False,
370,2020-03-13,Repair Request,repairs,True,447.0
34,2020-03-14,Repair Request,repairs,False,174.0
259,2020-03-15,Formal Complaint,tenants,False,
388,2020-03-16,Inspection Access or Follow-up,inspections,False,
27,2020-03-20,Formal Complaint,tenants,True,
34,2020-03-21,Chasing Repair,repairs,False,174.0
34,2020-03-25,Chasing Repair,repairs,False,174.0
269,2020-03-28,Repair Request,repairs,True,408.0
105,2020-03-28,Repair Request,repairs,True,333.0
361,2020-04-02,Formal Complaint,tenants,False,
94,2020-04-07,Repair Request,repairs,True,325.0
315,2020-04-08,Inspection Access or Follow-up,inspections,True,
105,2020-04-10,Repair Request,repairs,True,333.0
23,2020-04-11,Repair Request,repairs,True,281.0
317,2020-04-18,Repair Request,repairs,True,412.0
239,2020-04-18,Inspection Access or Follow-up,inspections,False,
140,2020-04-22,Repair Request,repairs,True,266.0
207,2020-04-28,Repair Request,repairs,True,229.0
124,2020-04-28,Repair Request,repairs,False,154.0
112,2020-04-28,Inspection Access or Follow-up,inspections,False,
124,2020-05-01,Chasing Repair,repairs,False,154.0
137,2020-05-03,Repair Request,repairs,True,193.0
315,2020-05-04,Inspection Access or Follow-up,inspections,True,
124,2020-05-04,Chasing Repair,repairs,False,154.0
124,2020-05-05,Chasing Repair,repairs,False,154.0
346,2020-05-06,Inspection Access or Follow-up,inspections,True,
35,2020-05-10,Repair Request,repairs,False,3.0
309,2020-05-10,Repair Request,repairs,True,116.0
31,2020-05-15,Repair Request,repairs,True,476.0
35,2020-05-21,Chasing Repair,repairs,False,3.0
249,2020-05-23,Formal Complaint,tenants,False,
82,2020-05-25,Inspection Access or Follow-up,inspections,False,
35,2020-05-26,Chasing Repair,repairs,False,3.0
100,2020-05-27,Formal Complaint,tenants,True,
63,2020-05-28,Repair Request,repairs,True,324.0
35,2020-05-29,Chasing Repair,repairs,False,3.0
202,2020-06-04,Formal Complaint,tenants,False,
72,2020-06-04,Repair Request,repairs,False,342.0
333,2020-06-06,Repair Request,repairs,False,36.0
116,2020-06-07,Inspection Access or Follow-up,inspections,True,
174,2020-06-08,Formal Complaint,tenants,True,
72,2020-06-08,Chasing Repair,repairs,False,342.0
318,2020-06-11,Repair Request,repairs,True,108.0
41,2020-06-12,Repair Request,repairs,False,385.0
113,2020-06-13,Formal Complaint,tenants,False,
149,2020-06-17,Inspection Access or Follow-up,inspections,True,
333,2020-06-18,Chasing Repair,repairs,False,36.0
360,2020-06-18,Support Request,generated,True,
128,2020-06-21,Inspection Access or Follow-up,inspections,True,
41,2020-06-21,Chasing Repair,repairs,False,385.0
104,2020-06-21,Repair Request,repairs,False,323.0
49,2020-06-23,Repair Request,repairs,True,416.0
369,2020-06-24,Inspection Access or Follow-up,inspections,True,
338,2020-06-24,Repair Request,repairs,False,343.0
333,2020-06-25,Chasing Repair,repairs,False,36.0
237,2020-06-26,Inspection Access or Follow-up,inspections,True,
256,2020-06-26,Repair Request,repairs,True,417.0
294,2020-06-27,Repair Request,repairs,True,341.0
338,2020-06-28,Chasing Repair,repairs,False,343.0
104,2020-06-30,Chasing Repair,repairs,False,323.0
104,2020-07-01,Chasing Repair,repairs,False,323.0
438,2020-07-03,Repair Request,repairs,True,242.0
6,2020-07-05,Other,generated,True,
375,2020-07-06,Inspection Access or Follow-up,inspections,True,
161,2020-07-06,Repair Request,repairs,True,111.0
312,2020-07-06,Formal Complaint,tenants,True,
349,2020-07-10,Repair Request,repairs,False,207.0
413,2020-07-12,Repair Request,repairs,False,218.0
243,2020-07-15,Repair Request,repairs,True,450.0
208,2020-07-16,Repair Request,repairs,True,75.0
247,2020-07-17,Repair Request,repairs,True,82.0
349,2020-07-17,Chasing Repair,repairs,False,207.0
264,2020-07-18,Repair Request,repairs,False,97.0
345,2020-07-20,Repair Request,repairs,True,179.0
245,2020-07-21,Repair Request,repairs,True,381.0
305,2020-07-23,Other,generated,True,
264,2020-07-23,Chasing Repair,repairs,False,97.0
413,2020-07-25,Chasing Repair,repairs,False,218.0
413,2020-07-25,Chasing Repair,repairs,False,218.0
36,2020-07-25,Repair Request,repairs,True,334.0
339,2020-07-26,Formal Complaint,tenants,True,
174,2020-07-27,Repair Request,repairs,True,119.0
349,2020-07-29,Chasing Repair,repairs,False,207.0
113,2020-07-30,Repair Request,repairs,True,336.0
357,2020-08-07,Repair Request,repairs,False,227.0
189,2020-08-08,Repair Request,repairs,True,211.0
380,2020-08-10,Repair Request,repairs,False,136.0
359,2020-08-12,Inspection Access or Follow-up,inspections,True,
357,2020-08-12,Chasing Repair,repairs,False,227.0
282,2020-08-13,Inspection Access or Follow-up,inspections,True,
133,2020-08-14,Repair Request,repairs,True,471.0
357,2020-08-14,Chasing Repair,repairs,False,227.0
318,2020-08-16,Inspection Access or Follow-up,inspections,True,
160,2020-08-16,Repair Request,repairs,False,61.0
28,2020-08-16,Other,generated,True,
350,2020-08-16,Repair Request,repairs,True,283.0
97,2020-08-19,Repair Request,repairs,True,87.0
336,2020-08-19,Inspection Access or Follow-up,inspections,True,
414,2020-08-19,Formal Complaint,tenants,False,
69,2020-08-20,Repair Request,repairs,True,239.0
168,2020-08-20,Repair Request,repairs,True,8.0
380,2020-08-20,Chasing Repair,repairs,False,136.0
17,2020-08-22,Inspection Access or Follow-up,inspections,False,
160,2020-08-22,Chasing Repair,repairs,False,61.0
147,2020-08-23,Repair Request,repairs,False,24.0
357,2020-08-23,Chasing Repair,repairs,False,227.0
190,2020-08-24,Benefit Query,generated,False,
43,2020-08-25,Repair Request,repairs,True,486.0
380,2020-08-25,Chasing Repair,repairs,False,136.0
359,2020-08-27,Other,generated,True,
380,2020-08-28,Chasing Repair,repairs,False,136.0
147,2020-08-28,Chasing Repair,repairs,False,24.0
147,2020-08-30,Chasing Repair,repairs,False,24.0
372,2020-08-30,Inspection Access or Follow-up,inspections,True,
244,2020-09-05,Support Request,generated,True,
192,2020-09-08,Benefit Query,generated,True,
40,2020-09-09,Repair Request,repairs,True,64.0
385,2020-09-12,Repair Request,repairs,True,464.0
450,2020-09-18,Benefit Query,generated,True,
224,2020-09-19,Repair Request,repairs,True,197.0
163,2020-09-19,Repair Request,repairs,False,429.0
38,2020-09-22,Repair Request,repairs,True,71.0
235,2020-09-28,Repair Request,repairs,False,361.0
342,2020-09-29,Repair Request,repairs,True,241.0
163,2020-10-02,Chasing Repair,repairs,False,429.0
333,2020-10-04,Repair Request,repairs,True,36.0
89,2020-10-05,Inspection Access or Follow-up,inspections,False,
147,2020-10-09,Support Request,generated,True,
235,2020-10-10,Chasing Repair,repairs,False,361.0
107,2020-10-10,Other,generated,True,
213,2020-10-11,Inspection Access or Follow-up,inspections,False,
141,2020-10-14,Inspection Access or Follow-up,inspections,True,
383,2020-10-17,Inspection Access or Follow-up,inspections,False,
299,2020-10-25,Repair Request,repairs,True,488.0
206,2020-10-30,Repair Request,repairs,True,200.0
92,2020-10-30,Formal Complaint,tenants,False,
84,2020-11-03,Repair Request,repairs,True,173.0
193,2020-11-04,Inspection Access or Follow-up,inspections,False,
78,2020-11-09,Formal Complaint,tenants,False,
250,2020-11-10,Repair Request,repairs,True,168.0
130,2020-11-18,Formal Complaint,tenants,True,
5,2020-11-18,Repair Request,repairs,True,105.0
396,2020-11-20,Repair Request,repairs,True,435.0
378,2020-11-24,Inspection Access or Follow-up,inspections,False,
85,2020-11-29,Inspection Access or Follow-up,inspections,True,
200,2020-12-01,Formal Complaint,tenants,False,
80,2020-12-05,Repair Request,repairs,True,466.0
22,2020-12-07,Repair Request,repairs,False,492.0
401,2020-12-08,Repair Request,repairs,True,213.0
280,2020-12-09,Inspection Access or Follow-up,inspections,True,
405,2020-12-10,Inspection Access or Follow-up,inspections,True,
32,2020-12-14,Inspection Access or Follow-up,inspections,False,
288,2020-12-15,Benefit Query,generated,True,
426,2020-12-15,Inspection Access or Follow-up,inspections,True,
1,2020-12-15,Repair Request,repairs,True,362.0
221,2020-12-15,Repair Request,repairs,False,383.0
49,2020-12-18,Inspection Access or Follow-up,inspections,True,
228,2020-12-18,Inspection Access or Follow-up,inspections,False,
22,2020-12-18,Chasing Repair,repairs,False,492.0
155,2020-12-20,Repair Request,repairs,True,463.0
22,2020-12-22,Chasing Repair,repairs,False,492.0
254,2020-12-24,Inspection Access or Follow-up,inspections,True,
67,2020-12-24,Repair Request,repairs,True,452.0
203,2020-12-25,Formal Complaint,tenants,True,
221,2020-12-27,Chasing Repair,repairs,False,383.0
161,2020-12-27,Repair Request,repairs,True,111.0
206,2020-12-29,Inspection Access or Follow-up,inspections,True,
288,2020-12-29,Formal Complaint,tenants,True,
47,2021-01-02,Inspection Access or Follow-up,inspections,False,
217,2021-01-02,Inspection Access or Follow-up,inspections,True,
114,2021-01-02,Inspection Access or Follow-up,inspections,True,
371,2021-01-05,Support Request,generated,True,
253,2021-01-05,Repair Request,repairs,True,475.0
22,2021-01-06,Inspection Access or Follow-up,inspections,True,
4,2021-01-06,Inspection Access or Follow-up,inspections,True,
92,2021-01-07,Formal Complaint,tenants,False,
129,2021-01-09,Repair Request,repairs,False,127.0
377,2021-01-10,Repair Request,repairs,False,426.0
176,2021-01-11,Repair Request,repairs,False,176.0
176,2021-01-16,Chasing Repair,repairs,False,176.0
317,2021-01-17,Inspection Access or Follow-up,inspections,True,
122,2021-01-17,Repair Request,repairs,True,177.0
129,2021-01-18,Chasing Repair,repairs,False,127.0
85,2021-01-18,Formal Complaint,tenants,True,
377,2021-01-23,Chasing Repair,repairs,False,426.0
176,2021-01-25,Chasing Repair,repairs,False,176.0
47,2021-01-26,Repair Request,repairs,True,1.0
377,2021-01-27,Chasing Repair,repairs,False,426.0
324,2021-01-27,Inspection Access or Follow-up,inspections,True,
308,2021-01-28,Support Request,generated,True,
377,2021-01-28,Chasing Repair,repairs,False,426.0
329,2021-01-29,Repair Request,repairs,True,187.0
376,2021-01-31,Inspection Access or Follow-up,inspections,True,
440,2021-01-31,Repair Request,repairs,True,316.0
90,2021-02-01,Repair Request,repairs,True,279.0
372,2021-02-01,Repair Request,repairs,False,425.0
210,2021-02-03,Repair Request,repairs,True,359.0
113,2021-02-03,Repair Request,repairs,True,336.0
208,2021-02-04,Repair Request,repairs,True,75.0
213,2021-02-04,Repair Request,repairs,True,311.0
64,2021-02-05,Repair Request,repairs,True,484.0
372,2021-02-07,Chasing Repair,repairs,False,425.0
135,2021-02-07,Repair Request,repairs,True,141.0
352,2021-02-08,Inspection Access or Follow-up,inspections,True,
390,2021-02-08,Inspection Access or Follow-up,inspections,True,
407,2021-02-09,Repair Request,repairs,True,304.0
185,2021-02-09,Repair Request,repairs,True,455.0
109,2021-02-11,Repair Request,repairs,True,332.0
372,2021-02-11,Chasing Repair,repairs,False,425.0
18,2021-02-12,Repair Request,repairs,True,31.0
339,2021-02-12,Formal Complaint,tenants,True,
287,2021-02-13,Inspection Access or Follow-up,inspections,True,
132,2021-02-15,Inspection Access or Follow-up,inspections,True,
245,2021-02-18,Inspection Access or Follow-up,inspections,True,
157,2021-02-18,Repair Request,repairs,True,4.0
343,2021-02-24,Formal Complaint,tenants,True,
155,2021-02-24,Repair Request,repairs,True,463.0
173,2021-02-28,Inspection Access or Follow-up,inspections,False,
339,2021-02-28,Formal Complaint,tenants,True,
367,2021-03-01,Repair Request,repairs,False,268.0
367,2021-03-08,Chasing Repair,repairs,False,268.0
273,2021-03-09,Inspection Access or Follow-up,inspections,False,
153,2021-03-11,Repair Request,repairs,False,46.0
367,2021-03-12,Chasing Repair,repairs,False,268.0
367,2021-03-13,Chasing Repair,repairs,False,268.0
348,2021-03-18,Repair Request,repairs,True,422.0
117,2021-03-21,Inspection Access or Follow-up,inspections,False,
153,2021-03-21,Chasing Repair,repairs,False,46.0
154,2021-03-21,Inspection Access or Follow-up,inspections,True,
194,2021-03-21,Inspection Access or Follow-up,inspections,False,
105,2021-03-24,Repair Request,repairs,True,333.0
220,2021-03-25,Formal Complaint,tenants,True,
422,2021-03-25,Repair Request,repairs,True,442.0
63,2021-03-26,Other,generated,True,
320,2021-04-02,Inspection Access or Follow-up,inspections,True,
361,2021-04-03,Formal Complaint,tenants,False,
61,2021-04-07,Repair Request,repairs,False,495.0
94,2021-04-08,Inspection Access or Follow-up,inspections,True,
375,2021-04-09,Repair Request,repairs,False,289.0
268,2021-04-11,Benefit Query,generated,True,
342,2021-04-12,Formal Complaint,tenants,True,
184,2021-04-12,Benefit Query,generated,True,
20,2021-04-12,Repair Request,repairs,True,409.0
216,2021-04-12,Formal Complaint,tenants,True,
95,2021-04-13,Inspection Access or Follow-up,inspections,True,
61,2021-04-13,Chasing Repair,repairs,False,495.0
441,2021-04-14,Other,generated,False,
303,2021-04-14,Repair Request,repairs,True,312.0
440,2021-04-15,Inspection Access or Follow-up,inspections,False,
375,2021-04-15,Chasing Repair,repairs,False,289.0
247,2021-04-16,Repair Request,repairs,False,82.0
78,2021-04-16,Repair Request,repairs,True,70.0
390,2021-04-17,Inspection Access or Follow-up,inspections,True,
247,2021-04-20,Chasing Repair,repairs,False,82.0
61,2021-04-22,Chasing Repair,repairs,False,495.0
61,2021-04-22,Chasing Repair,repairs,False,495.0
375,2021-04-23,Chasing Repair,repairs,False,289.0
357,2021-04-24,Inspection Access or Follow-up,inspections,False,
247,2021-04-24,Chasing Repair,repairs,False,82.0
375,2021-04-28,Chasing Repair,repairs,False,289.0
398,2021-04-28,Repair Request,repairs,False,338.0
343,2021-04-28,Repair Request,repairs,False,485.0
175,2021-04-30,Inspection Access or Follow-up,inspections,True,
256,2021-05-01,Inspection Access or Follow-up,inspections,True,
343,2021-05-03,Chasing Repair,repairs,False,485.0
369,2021-05-06,Formal Complaint,tenants,True,
248,2021-05-06,Repair Request,repairs,True,39.0
343,2021-05-06,Chasing Repair,repairs,False,485.0
314,2021-05-07,Inspection Access or Follow-up,inspections,False,
390,2021-05-10,Repair Request,repairs,False,41.0
433,2021-05-11,Inspection Access or Follow-up,inspections,True,
65,2021-05-11,Inspection Access or Follow-up,inspections,False,
143,2021-05-12,Repair Request,repairs,False,480.0
198,2021-05-12,Formal Complaint,tenants,True,
171,2021-05-14,Repair Request,repairs,True,38.0
192,2021-05-14,Repair Request,repairs,False,376.0
143,2021-05-15,Chasing Repair,repairs,False,480.0
11,2021-05-15,Repair Request,repairs,False,10.0
169,2021-05-15,Inspection Access or Follow-up,inspections,True,
390,2021-05-15,Chasing Repair,repairs,False,41.0
398,2021-05-17,Chasing Repair,repairs,False,338.0
143,2021-05-19,Chasing Repair,repairs,False,480.0
11,2021-05-19,Chasing Repair,repairs,False,10.0
319,2021-05-20,Repair Request,repairs,True,371.0
108,2021-05-21,Repair Request,repairs,True,230.0
143,2021-05-22,Chasing Repair,repairs,False,480.0
192,2021-05-24,Chasing Repair,repairs,False,376.0
189,2021-05-30,Repair Request,repairs,True,211.0
193,2021-05-30,Inspection Access or Follow-up,inspections,False,
349,2021-05-30,Inspection Access or Follow-up,inspections,True,
11,2021-05-31,Chasing Repair,repairs,False,10.0
85,2021-05-31,Formal Complaint,tenants,True,
123,2021-06-04,Inspection Access or Follow-up,inspections,True,
292,2021-06-05,Inspection Access or Follow-up,inspections,True,
91,2021-06-08,Inspection Access or Follow-up,inspections,True,
247,2021-06-09,Inspection Access or Follow-up,inspections,True,
33,2021-06-10,Repair Request,repairs,False,441.0
179,2021-06-11,Inspection Access or Follow-up,inspections,True,
436,2021-06-12,Repair Request,repairs,True,346.0
322,2021-06-14,Formal Complaint,tenants,True,
33,2021-06-16,Chasing Repair,repairs,False,441.0
349,2021-06-16,Repair Request,repairs,True,207.0
104,2021-06-17,Support Request,generated,True,
303,2021-06-18,Inspection Access or Follow-up,inspections,True,
33,2021-06-19,Chasing Repair,repairs,False,441.0
33,2021-06-21,Chasing Repair,repairs,False,441.0
402,2021-06-21,Inspection Access or Follow-up,inspections,True,
323,2021-06-23,Inspection Access or Follow-up,inspections,True,
365,2021-06-24,Inspection Access or Follow-up,inspections,False,
362,2021-06-27,Repair Request,repairs,True,293.0
230,2021-06-27,Repair Request,repairs,True,60.0
142,2021-06-28,Repair Request,repairs,True,209.0
164,2021-06-29,Support Request,generated,True,
85,2021-06-30,Repair Request,repairs,False,322.0
288,2021-06-30,Support Request,generated,True,
336,2021-07-01,Repair Request,repairs,True,143.0
378,2021-07-01,Inspection Access or Follow-up,inspections,True,
85,2021-07-03,Chasing Repair,repairs,False,322.0
48,2021-07-05,Inspection Access or Follow-up,inspections,True,
89,2021-07-08,Repair Request,repairs,True,313.0
240,2021-07-10,Repair Request,repairs,True,178.0
85,2021-07-11,Chasing Repair,repairs,False,322.0
271,2021-07-13,Benefit Query,generated,True,
344,2021-07-13,Benefit Query,generated,False,
442,2021-07-13,Repair Request,repairs,True,388.0
27,2021-07-15,Repair Request,repairs,False,498.0
433,2021-07-17,Benefit Query,generated,True,
85,2021-07-19,Chasing Repair,repairs,False,322.0
300,2021-07-20,Repair Request,repairs,True,482.0
304,2021-07-24,Other,generated,True,
320,2021-07-24,Repair Request,repairs,True,326.0
237,2021-07-25,Support Request,generated,True,
428,2021-07-25,Inspection Access or Follow-up,inspections,False,
93,2021-07-25,Repair Request,repairs,True,363.0
190,2021-07-25,Support Request,generated,True,
75,2021-07-27,Repair Request,repairs,True,318.0
10,2021-07-28,Inspection Access or Follow-up,inspections,True,
10,2021-07-28,Formal Complaint,tenants,True,
260,2021-07-28,Repair Request,repairs,False,448.0
264,2021-07-30,Repair Request,repairs,True,97.0
390,2021-07-30,Repair Request,repairs,True,41.0
27,2021-08-03,Chasing Repair,repairs,False,498.0
326,2021-08-05,Formal Complaint,tenants,True,
43,2021-08-06,Inspection Access or Follow-up,inspections,True,
161,2021-08-06,Repair Request,repairs,True,111.0
260,2021-08-07,Chasing Repair,repairs,False,448.0
84,2021-08-07,Inspection Access or Follow-up,inspections,True,
16,2021-08-08,Inspection Access or Follow-up,inspections,True,
176,2021-08-10,Repair Request,repairs,False,176.0
260,2021-08-12,Chasing Repair,repairs,False,448.0
176,2021-08-16,Chasing Repair,repairs,False,176.0
86,2021-08-18,Repair Request,repairs,True,91.0
230,2021-08-19,Repair Request,repairs,False,60.0
58,2021-08-20,Inspection Access or Follow-up,inspections,True,
251,2021-08-21,Repair Request,repairs,False,470.0
392,2021-08-22,Inspection Access or Follow-up,inspections,True,
176,2021-08-23,Chasing Repair,repairs,False,176.0
441,2021-08-23,Inspection Access or Follow-up,inspections,True,
104,2021-08-24,Inspection Access or Follow-up,inspections,True,
230,2021-08-24,Chasing Repair,repairs,False,60.0
431,2021-08-26,Repair Request,repairs,False,367.0
278,2021-08-27,Inspection Access or Follow-up,inspections,True,
285,2021-08-27,Repair Request,repairs,True,130.0
176,2021-08-28,Chasing Repair,repairs,False,176.0
230,2021-08-28,Chasing Repair,repairs,False,60.0
431,2021-08-30,Chasing Repair,repairs,False,367.0
431,2021-08-31,Chasing Repair,repairs,False,367.0
341,2021-09-01,Benefit Query,generated,True,
51,2021-09-01,Repair Request,repairs,True,73.0
232,2021-09-03,Formal Complaint,tenants,False,
251,2021-09-04,Chasing Repair,repairs,False,470.0
364,2021-09-05,Inspection Access or Follow-up,inspections,True,
251,2021-09-05,Chasing Repair,repairs,False,470.0
3,2021-09-09,Formal Complaint,tenants,True,
238,2021-09-11,Repair Request,repairs,False,159.0
340,2021-09-12,Repair Request,repairs,True,96.0
366,2021-09-14,Repair Request,repairs,True,33.0
118,2021-09-14,Repair Request,repairs,True,238.0
314,2021-09-16,Formal Complaint,tenants,True,
233,2021-09-17,Formal Complaint,tenants,True,
283,2021-09-17,Inspection Access or Follow-up,inspections,True,
350,2021-09-20,Repair Request,repairs,True,283.0
285,2021-09-21,Repair Request,repairs,True,130.0
70,2021-09-21,Repair Request,repairs,True,392.0
216,2021-09-21,Repair Request,repairs,True,355.0
154,2021-09-22,Inspection Access or Follow-up,inspections,True,
142,2021-09-24,Repair Request,repairs,False,209.0
384,2021-09-25,Repair Request,repairs,True,327.0
175,2021-09-25,Repair Request,repairs,False,115.0
142,2021-09-27,Chasing Repair,repairs,False,209.0
269,2021-09-28,Repair Request,repairs,True,408.0
171,2021-09-28,Benefit Query,generated,False,
142,2021-09-29,Chasing Repair,repairs,False,209.0
238,2021-09-29,Chasing Repair,repairs,False,159.0
3,2021-09-30,Formal Complaint,tenants,True,
228,2021-10-02,Inspection Access or Follow-up,inspections,True,
175,2021-10-02,Chasing Repair,repairs,False,115.0
175,2021-10-03,Chasing Repair,repairs,False,115.0
198,2021-10-06,Inspection Access or Follow-up,inspections,False,
323,2021-10-06,Repair Request,repairs,True,45.0
110,2021-10-08,Repair Request,repairs,False,133.0
175,2021-10-10,Chasing Repair,repairs,False,115.0
110,2021-10-13,Chasing Repair,repairs,False,133.0
51,2021-10-15,Repair Request,repairs,True,73.0
379,2021-10-16,Repair Request,repairs,False,63.0
105,2021-10-17,Inspection Access or Follow-up,inspections,True,
110,2021-10-17,Chasing Repair,repairs,False,133.0
110,2021-10-20,Chasing Repair,repairs,False,133.0
214,2021-10-20,Inspection Access or Follow-up,inspections,True,
361,2021-10-21,Repair Request,repairs,True,99.0
30,2021-10-21,Inspection Access or Follow-up,inspections,True,
209,2021-10-23,Repair Request,repairs,False,479.0
379,2021-10-23,Chasing Repair,repairs,False,63.0
145,2021-10-24,Repair Request,repairs,True,254.0
339,2021-10-25,Repair Request,repairs,True,222.0
56,2021-10-25,Repair Request,repairs,True,56.0
167,2021-10-25,Formal Complaint,tenants,True,
136,2021-10-27,Repair Request,repairs,True,58.0
209,2021-10-27,Chasing Repair,repairs,False,479.0
19,2021-10-27,Repair Request,repairs,True,317.0
209,2021-10-31,Chasing Repair,repairs,False,479.0
318,2021-10-31,Repair Request,repairs,False,108.0
379,2021-10-31,Chasing Repair,repairs,False,63.0
194,2021-11-01,Repair Request,repairs,True,273.0
31,2021-11-01,Repair Request,repairs,False,476.0
388,2021-11-01,Repair Request,repairs,True,15.0
81,2021-11-02,Repair Request,repairs,True,155.0
54,2021-11-02,Repair Request,repairs,False,411.0
376,2021-11-03,Repair Request,repairs,True,163.0
68,2021-11-04,Inspection Access or Follow-up,inspections,True,
318,2021-11-06,Chasing Repair,repairs,False,108.0
31,2021-11-08,Chasing Repair,repairs,False,476.0
306,2021-11-10,Inspection Access or Follow-up,inspections,True,
292,2021-11-11,Repair Request,repairs,True,295.0
289,2021-11-12,Inspection Access or Follow-up,inspections,True,
199,2021-11-13,Inspection Access or Follow-up,inspections,True,
313,2021-11-14,Inspection Access or Follow-up,inspections,True,
202,2021-11-16,Formal Complaint,tenants,True,
203,2021-11-17,Inspection Access or Follow-up,inspections,True,
423,2021-11-18,Inspection Access or Follow-up,inspections,False,
54,2021-11-20,Chasing Repair,repairs,False,411.0
60,2021-11-20,Repair Request,repairs,False,79.0
69,2021-11-22,Repair Request,repairs,True,239.0
379,2021-11-23,Inspection Access or Follow-up,inspections,True,
60,2021-11-23,Chasing Repair,repairs,False,79.0
379,2021-11-24,Inspection Access or Follow-up,inspections,False,
432,2021-11-24,Formal Complaint,tenants,True,
43,2021-11-27,Inspection Access or Follow-up,inspections,True,
155,2021-12-02,Inspection Access or Follow-up,inspections,True,
18,2021-12-03,Repair Request,repairs,True,31.0
70,2021-12-04,Inspection Access or Follow-up,inspections,True,
91,2021-12-05,Inspection Access or Follow-up,inspections,False,
265,2021-12-09,Other,generated,True,
248,2021-12-09,Inspection Access or Follow-up,inspections,True,
112,2021-12-10,Inspection Access or Follow-up,inspections,True,
368,2021-12-14,Repair Request,repairs,True,328.0
369,2021-12-20,Repair Request,repairs,True,201.0
138,2021-12-25,Repair Request,repairs,False,25.0
184,2021-12-25,Other,generated,True,
284,2021-12-26,Repair Request,repairs,False,220.0
177,2021-12-28,Benefit Query,generated,True,
391,2021-12-28,Inspection Access or Follow-up,inspections,True,
424,2021-12-30,Other,generated,True,
324,2022-01-02,Inspection Access or Follow-up,inspections,True,
340,2022-01-03,Inspection Access or Follow-up,inspections,True,
378,2022-01-04,Inspection Access or Follow-up,inspections,True,
138,2022-01-06,Chasing Repair,repairs,False,25.0
201,2022-01-09,Repair Request,repairs,True,468.0
190,2022-01-10,Repair Request,repairs,False,169.0
284,2022-01-13,Chasing Repair,repairs,False,220.0
138,2022-01-13,Chasing Repair,repairs,False,25.0
87,2022-01-14,Repair Request,repairs,False,181.0
284,2022-01-14,Chasing Repair,repairs,False,220.0
190,2022-01-16,Chasing Repair,repairs,False,169.0
14,2022-01-19,Repair Request,repairs,True,85.0
87,2022-01-20,Chasing Repair,repairs,False,181.0
10,2022-01-22,Formal Complaint,tenants,True,
139,2022-01-23,Benefit Query,generated,False,
206,2022-01-24,Inspection Access or Follow-up,inspections,True,
177,2022-01-25,Repair Request,repairs,True,374.0
432,2022-01-28,Repair Request,repairs,True,92.0
333,2022-01-29,Repair Request,repairs,True,36.0
346,2022-01-29,Repair Request,repairs,True,42.0
167,2022-01-29,Formal Complaint,tenants,True,
40,2022-01-30,Formal Complaint,tenants,False,
98,2022-01-30,Repair Request,repairs,True,76.0
87,2022-01-31,Chasing Repair,repairs,False,181.0
205,2022-02-02,Repair Request,repairs,True,164.0
86,2022-02-03,Repair Request,repairs,True,91.0
262,2022-02-05,Inspection Access or Follow-up,inspections,True,
193,2022-02-05,Repair Request,repairs,False,401.0
71,2022-02-06,Repair Request,repairs,True,353.0
293,2022-02-08,Other,generated,True,
66,2022-02-11,Repair Request,repairs,False,40.0
382,2022-02-14,Repair Request,repairs,True,477.0
193,2022-02-15,Chasing Repair,repairs,False,401.0
296,2022-02-17,Repair Request,repairs,False,180.0
126,2022-02-20,Formal Complaint,tenants,False,
383,2022-02-21,Formal Complaint,tenants,True,
401,2022-02-22,Inspection Access or Follow-up,inspections,True,
66,2022-02-25,Chasing Repair,repairs,False,40.0
371,2022-02-26,Repair Request,repairs,True,28.0
37,2022-02-26,Repair Request,repairs,True,410.0
296,2022-03-02,Chasing Repair,repairs,False,180.0
322,2022-03-04,Repair Request,repairs,True,453.0
296,2022-03-04,Chasing Repair,repairs,False,180.0
1,2022-03-06,Inspection Access or Follow-up,inspections,False,
151,2022-03-08,Repair Request,repairs,False,6.0
9,2022-03-08,Inspection Access or Follow-up,inspections,True,
333,2022-03-09,Repair Request,repairs,False,36.0
407,2022-03-12,Inspection Access or Follow-up,inspections,True,
333,2022-03-13,Chasing Repair,repairs,False,36.0
183,2022-03-16,Repair Request,repairs,True,405.0
157,2022-03-18,Repair Request,repairs,False,4.0
228,2022-03-19,Repair Request,repairs,True,440.0
208,2022-03-23,Repair Request,repairs,True,75.0
314,2022-03-24,Repair Request,repairs,True,398.0
151,2022-03-25,Chasing Repair,repairs,False,6.0
333,2022-03-26,Chasing Repair,repairs,False,36.0
138,2022-03-27,Inspection Access or Follow-up,inspections,True,
361,2022-03-28,Formal Complaint,tenants,True,
201,2022-03-29,Formal Complaint,tenants,True,
383,2022-03-31,Formal Complaint,tenants,False,
68,2022-03-31,Repair Request,repairs,True,47.0
433,2022-04-01,Repair Request,repairs,False,340.0
43,2022-04-01,Repair Request,repairs,True,486.0
406,2022-04-01,Repair Request,repairs,True,487.0
157,2022-04-01,Chasing Repair,repairs,False,4.0
157,2022-04-06,Chasing Repair,repairs,False,4.0
88,2022-04-07,Inspection Access or Follow-up,inspections,False,
219,2022-04-08,Formal Complaint,tenants,True,
433,2022-04-12,Chasing Repair,repairs,False,340.0
165,2022-04-12,Repair Request,repairs,False,438.0
433,2022-04-15,Chasing Repair,repairs,False,340.0
340,2022-04-16,Repair Request,repairs,False,96.0
165,2022-04-18,Chasing Repair,repairs,False,438.0
165,2022-04-19,Chasing Repair,repairs,False,438.0
361,2022-04-19,Repair Request,repairs,False,99.0
361,2022-04-22,Chasing Repair,repairs,False,99.0
340,2022-04-22,Chasing Repair,repairs,False,96.0
52,2022-04-26,Repair Request,repairs,True,183.0
362,2022-04-26,Repair Request,repairs,True,293.0
361,2022-04-27,Chasing Repair,repairs,False,99.0
201,2022-04-27,Formal Complaint,tenants,True,
189,2022-04-27,Inspection Access or Follow-up,inspections,True,
103,2022-04-28,Other,generated,True,
241,2022-05-01,Repair Request,repairs,True,394.0
254,2022-05-02,Repair Request,repairs,False,199.0
346,2022-05-04,Repair Request,repairs,False,42.0
412,2022-05-05,Repair Request,repairs,True,44.0
102,2022-05-06,Repair Request,repairs,False,434.0
363,2022-05-06,Repair Request,repairs,True,216.0
103,2022-05-07,Repair Request,repairs,True,20.0
361,2022-05-08,Chasing Repair,repairs,False,99.0
254,2022-05-09,Chasing Repair,repairs,False,199.0
128,2022-05-10,Repair Request,repairs,False,204.0
346,2022-05-13,Chasing Repair,repairs,False,42.0
254,2022-05-14,Chasing Repair,repairs,False,199.0
357,2022-05-17,Inspection Access or Follow-up,inspections,True,
7,2022-05-18,Inspection Access or Follow-up,inspections,True,
102,2022-05-19,Chasing Repair,repairs,False,434.0
93,2022-05-19,Inspection Access or Follow-up,inspections,True,
254,2022-05-21,Chasing Repair,repairs,False,199.0
212,2022-05-22,Repair Request,repairs,False,120.0
128,2022-05-23,Chasing Repair,repairs,False,204.0
419,2022-05-23,Inspection Access or Follow-up,inspections,False,
162,2022-05-25,Repair Request,repairs,True,319.0
217,2022-05-27,Repair Request,repairs,True,400.0
120,2022-05-30,Formal Complaint,tenants,True,
89,2022-05-31,Inspection Access or Follow-up,inspections,True,
116,2022-06-01,Formal Complaint,tenants,True,
212,2022-06-04,Chasing Repair,repairs,False,120.0
420,2022-06-05,Inspection Access or Follow-up,inspections,True,
186,2022-06-07,Support Request,generated,True,
212,2022-06-07,Chasing Repair,repairs,False,120.0
117,2022-06-08,Formal Complaint,tenants,True,
212,2022-06-08,Chasing Repair,repairs,False,120.0
4,2022-06-13,Formal Complaint,tenants,True,
249,2022-06-14,Repair Request,repairs,False,315.0
256,2022-06-15,Repair Request,repairs,True,417.0
102,2022-06-17,Inspection Access or Follow-up,inspections,True,
44,2022-06-19,Repair Request,repairs,True,186.0
367,2022-06-19,Repair Request,repairs,True,268.0
273,2022-06-20,Benefit Query,generated,True,
210,2022-06-23,Formal Complaint,tenants,False,
62,2022-06-23,Repair Request,repairs,True,263.0
236,2022-06-25,Repair Request,repairs,True,347.0
249,2022-06-27,Chasing Repair,repairs,False,315.0
2,2022-07-01,Formal Complaint,tenants,False,
279,2022-07-01,Formal Complaint,tenants,True,
176,2022-07-01,Repair Request,repairs,True,176.0
249,2022-07-02,Chasing Repair,repairs,False,315.0
418,2022-07-02,Repair Request,repairs,False,106.0
249,2022-07-02,Chasing Repair,repairs,False,315.0
294,2022-07-03,Repair Request,repairs,False,341.0
249,2022-07-04,Inspection Access or Follow-up,inspections,True,
195,2022-07-05,Repair Request,repairs,False,110.0
294,2022-07-06,Chasing Repair,repairs,False,341.0
47,2022-07-07,Repair Request,repairs,True,1.0
41,2022-07-12,Inspection Access or Follow-up,inspections,True,
313,2022-07-12,Inspection Access or Follow-up,inspections,True,
195,2022-07-12,Chasing Repair,repairs,False,110.0
220,2022-07-12,Repair Request,repairs,True,235.0
319,2022-07-13,Repair Request,repairs,True,371.0
418,2022-07-16,Chasing Repair,repairs,False,106.0
418,2022-07-16,Chasing Repair,repairs,False,106.0
232,2022-07-16,Repair Request,repairs,True,90.0
181,2022-07-16,Inspection Access or Follow-up,inspections,True,
418,2022-07-17,Chasing Repair,repairs,False,106.0
36,2022-07-19,Repair Request,repairs,False,334.0
309,2022-07-19,Repair Request,repairs,False,116.0
171,2022-07-21,Repair Request,repairs,False,38.0
250,2022-07-21,Formal Complaint,tenants,True,
195,2022-07-22,Chasing Repair,repairs,False,110.0
195,2022-07-23,Chasing Repair,repairs,False,110.0
36,2022-07-24,Chasing Repair,repairs,False,334.0
169,2022-07-27,Repair Request,repairs,True,454.0
21,2022-07-28,Repair Request,repairs,False,491.0
26,2022-07-30,Formal Complaint,tenants,True,
309,2022-07-30,Chasing Repair,repairs,False,116.0
111,2022-07-31,Inspection Access or Follow-up,inspections,False,
365,2022-08-03,Inspection Access or Follow-up,inspections,True,
432,2022-08-03,Repair Request,repairs,False,92.0
171,2022-08-04,Chasing Repair,repairs,False,38.0
21,2022-08-04,Chasing Repair,repairs,False,491.0
101,2022-08-04,Repair Request,repairs,True,250.0
21,2022-08-05,Chasing Repair,repairs,False,491.0
309,2022-08-05,Chasing Repair,repairs,False,116.0
432,2022-08-06,Chasing Repair,repairs,False,92.0
36,2022-08-06,Chasing Repair,repairs,False,334.0
366,2022-08-06,Repair Request,repairs,True,33.0
36,2022-08-07,Chasing Repair,repairs,False,334.0
171,2022-08-07,Chasing Repair,repairs,False,38.0
309,2022-08-07,Chasing Repair,repairs,False,116.0
339,2022-08-09,Other,generated,True,
214,2022-08-09,Benefit Query,generated,False,
414,2022-08-10,Repair Request,repairs,True,402.0
272,2022-08-13,Repair Request,repairs,True,203.0
101,2022-08-13,Repair Request,repairs,False,250.0
21,2022-08-14,Chasing Repair,repairs,False,491.0
202,2022-08-16,Formal Complaint,tenants,False,
446,2022-08-16,Repair Request,repairs,True,493.0
432,2022-08-17,Chasing Repair,repairs,False,92.0
432,2022-08-17,Chasing Repair,repairs,False,92.0
150,2022-08-19,Formal Complaint,tenants,True,
101,2022-08-20,Chasing Repair,repairs,False,250.0
393,2022-08-22,Repair Request,repairs,False,404.0
85,2022-08-25,Formal Complaint,tenants,True,
290,2022-08-25,Repair Request,repairs,True,292.0
393,2022-08-27,Chasing Repair,repairs,False,404.0
284,2022-09-01,Support Request,generated,True,
105,2022-09-04,Benefit Query,generated,True,
221,2022-09-06,Repair Request,repairs,True,383.0
7,2022-09-06,Repair Request,repairs,False,378.0
335,2022-09-07,Repair Request,repairs,True,171.0
188,2022-09-09,Inspection Access or Follow-up,inspections,False,
7,2022-09-09,Chasing Repair,repairs,False,378.0
269,2022-09-10,Benefit Query,generated,True,
120,2022-09-11,Formal Complaint,tenants,False,
79,2022-09-12,Repair Request,repairs,False,456.0
137,2022-09-13,Repair Request,repairs,True,193.0
7,2022-09-13,Chasing Repair,repairs,False,378.0
355,2022-09-15,Support Request,generated,True,
238,2022-09-16,Benefit Query,generated,True,
212,2022-09-17,Inspection Access or Follow-up,inspections,True,
238,2022-09-18,Repair Request,repairs,True,159.0
79,2022-09-21,Chasing Repair,repairs,False,456.0
141,2022-09-23,Repair Request,repairs,True,67.0
116,2022-09-24,Inspection Access or Follow-up,inspections,True,
392,2022-09-26,Other,generated,True,
184,2022-09-26,Repair Request,repairs,False,276.0
367,2022-09-30,Inspection Access or Follow-up,inspections,True,
79,2022-10-01,Chasing Repair,repairs,False,456.0
141,2022-10-02,Inspection Access or Follow-up,inspections,True,
69,2022-10-04,Inspection Access or Follow-up,inspections,True,
184,2022-10-05,Chasing Repair,repairs,False,276.0
379,2022-10-08,Inspection Access or Follow-up,inspections,False,
321,2022-10-08,Other,generated,True,
446,2022-10-08,Inspection Access or Follow-up,inspections,True,
147,2022-10-08,Inspection Access or Follow-up,inspections,False,
342,2022-10-12,Support Request,generated,True,
48,2022-10-12,Formal Complaint,tenants,True,
241,2022-10-13,Inspection Access or Follow-up,inspections,True,
303,2022-10-14,Inspection Access or Follow-up,inspections,True,
213,2022-10-16,Benefit Query,generated,True,
34,2022-10-18,Inspection Access or Follow-up,inspections,True,
155,2022-10-19,Support Request,generated,True,
271,2022-10-28,Inspection Access or Follow-up,inspections,True,
168,2022-10-29,Inspection Access or Follow-up,inspections,True,
283,2022-11-04,Inspection Access or Follow-up,inspections,True,
327,2022-11-05,Inspection Access or Follow-up,inspections,True,
254,2022-11-08,Inspection Access or Follow-up,inspections,True,
266,2022-11-10,Inspection Access or Follow-up,inspections,True,
228,2022-11-13,Support Request,generated,True,
195,2022-11-13,Formal Complaint,tenants,True,
374,2022-11-22,Inspection Access or Follow-up,inspections,False,
339,2022-11-22,Inspection Access or Follow-up,inspections,True,
163,2022-11-22,Inspection Access or Follow-up,inspections,True,
344,2022-11-27,Formal Complaint,tenants,True,
100,2022-11-28,Inspection Access or Follow-up,inspections,True,
5,2022-11-29,Formal Complaint,tenants,True,
310,2022-12-02,Formal Complaint,tenants,True,
140,2022-12-03,Other,generated,True,
247,2022-12-10,Support Request,generated,True,
344,2022-12-16,Formal Complaint,tenants,True,
422,2022-12-19,Formal Complaint,tenants,True,
252,2022-12-19,Benefit Query,generated,False,
68,2022-12-20,Support Request,generated,True,
13,2022-12-25,Inspection Access or Follow-up,inspections,False,
99,2022-12-29,Inspection Access or Follow-up,inspections,True,
271,2023-01-01,Inspection Access or Follow-up,inspections,False,
397,2023-01-03,Inspection Access or Follow-up,inspections,True,
407,2023-01-06,Support Request,generated,True,
151,2023-01-09,Inspection Access or Follow-up,inspections,True,
181,2023-01-10,Inspection Access or Follow-up,inspections,False,
210,2023-01-11,Formal Complaint,tenants,True,
164,2023-01-11,Formal Complaint,tenants,True,
116,2023-01-13,Formal Complaint,tenants,True,
56,2023-01-14,Formal Complaint,tenants,True,
168,2023-01-27,Inspection Access or Follow-up,inspections,True,
116,2023-01-28,Inspection Access or Follow-up,inspections,True,
99,2023-01-28,Inspection Access or Follow-up,inspections,True,
339,2023-01-31,Inspection Access or Follow-up,inspections,True,
402,2023-02-01,Formal Complaint,tenants,True,
3,2023-02-01,Inspection Access or Follow-up,inspections,True,
310,2023-02-02,Other,generated,True,
84,2023-02-07,Formal Complaint,tenants,True,
102,2023-02-07,Other,generated,False,
279,2023-02-08,Inspection Access or Follow-up,inspections,True,
241,2023-02-10,Inspection Access or Follow-up,inspections,True,
51,2023-02-18,Inspection Access or Follow-up,inspections,False,
83,2023-02-22,Benefit Query,generated,False,
185,2023-02-28,Inspection Access or Follow-up,inspections,True,
10,2023-03-03,Formal Complaint,tenants,False,
371,2023-03-07,Formal Complaint,tenants,False,
26,2023-03-09,Formal Complaint,tenants,True,
421,2023-03-09,Inspection Access or Follow-up,inspections,True,
160,2023-03-10,Inspection Access or Follow-up,inspections,True,
342,2023-03-13,Inspection Access or Follow-up,inspections,True,
322,2023-03-20,Formal Complaint,tenants,True,
41,2023-03-21,Inspection Access or Follow-up,inspections,True,
265,2023-03-22,Inspection Access or Follow-up,inspections,True,
218,2023-03-25,Formal Complaint,tenants,False,
436,2023-04-01,Inspection Access or Follow-up,inspections,True,
148,2023-04-02,Inspection Access or Follow-up,inspections,False,
324,2023-04-05,Inspection Access or Follow-up,inspections,True,
40,2023-04-07,Inspection Access or Follow-up,inspections,True,
24,2023-04-09,Inspection Access or Follow-up,inspections,True,
56,2023-04-11,Benefit Query,generated,True,
372,2023-04-11,Formal Complaint,tenants,True,
33,2023-04-13,Formal Complaint,tenants,True,
433,2023-04-23,Inspection Access or Follow-up,inspections,False,
109,2023-04-30,Inspection Access or Follow-up,inspections,False,
221,2023-04-30,Inspection Access or Follow-up,inspections,False,
2,2023-05-09,Inspection Access or Follow-up,inspections,True,
328,2023-05-10,Inspection Access or Follow-up,inspections,True,
153,2023-05-13,Inspection Access or Follow-up,inspections,True,
251,2023-05-19,Inspection Access or Follow-up,inspections,True,
385,2023-05-20,Support Request,generated,True,
227,2023-05-21,Support Request,generated,True,
167,2023-05-23,Inspection Access or Follow-up,inspections,True,
139,2023-05-27,Inspection Access or Follow-up,inspections,True,
339,2023-06-03,Inspection Access or Follow-up,inspections,True,
80,2023-06-08,Inspection Access or Follow-up,inspections,True,
273,2023-06-09,Benefit Query,generated,True,
384,2023-06-10,Inspection Access or Follow-up,inspections,True,
429,2023-06-17,Formal Complaint,tenants,True,
204,2023-06-18,Inspection Access or Follow-up,inspections,False,
58,2023-06-20,Other,generated,True,
404,2023-06-22,Inspection Access or Follow-up,inspections,True,
403,2023-06-28,Inspection Access or Follow-up,inspections,True,
197,2023-06-30,Inspection Access or Follow-up,inspections,False,
357,2023-07-04,Inspection Access or Follow-up,inspections,True,
377,2023-07-05,Inspection Access or Follow-up,inspections,True,
28,2023-07-05,Formal Complaint,tenants,True,
139,2023-07-10,Support Request,generated,True,
425,2023-07-14,Formal Complaint,tenants,False,
354,2023-07-18,Inspection Access or Follow-up,inspections,False,
28,2023-07-20,Formal Complaint,tenants,True,
404,2023-07-23,Inspection Access or Follow-up,inspections,True,
270,2023-07-26,Inspection Access or Follow-up,inspections,True,
382,2023-08-02,Inspection Access or Follow-up,inspections,False,
267,2023-08-05,Formal Complaint,tenants,False,
424,2023-08-08,Formal Complaint,tenants,False,
200,2023-08-11,Other,generated,True,
76,2023-08-14,Inspection Access or Follow-up,inspections,False,
313,2023-08-17,Inspection Access or Follow-up,inspections,True,
435,2023-08-19,Inspection Access or Follow-up,inspections,True,
343,2023-08-24,Inspection Access or Follow-up,inspections,True,
421,2023-08-27,Support Request,generated,True,
103,2023-08-28,Inspection Access or Follow-up,inspections,True,
257,2023-09-05,Inspection Access or Follow-up,inspections,True,
337,2023-09-05,Inspection Access or Follow-up,inspections,True,
402,2023-09-08,Formal Complaint,tenants,True,
327,2023-09-12,Inspection Access or Follow-up,inspections,True,
25,2023-09-15,Inspection Access or Follow-up,inspections,True,
323,2023-09-26,Inspection Access or Follow-up,inspections,True,
110,2023-09-28,Formal Complaint,tenants,True,
368,2023-09-28,Inspection Access or Follow-up,inspections,False,
450,2023-10-01,Benefit Query,generated,True,
422,2023-10-05,Inspection Access or Follow-up,inspections,True,
221,2023-10-05,Benefit Query,generated,False,
149,2023-10-07,Inspection Access or Follow-up,inspections,True,
425,2023-10-10,Inspection Access or Follow-up,inspections,True,
305,2023-10-23,Formal Complaint,tenants,False,
285,2023-10-25,Formal Complaint,tenants,False,
411,2023-10-28,Inspection Access or Follow-up,inspections,True,
271,2023-10-31,Inspection Access or Follow-up,inspections,True,
449,2023-11-03,Inspection Access or Follow-up,inspections,False,
115,2023-11-06,Support Request,generated,True,
390,2023-11-06,Other,generated,True,
277,2023-11-07,Formal Complaint,tenants,True,
233,2023-11-07,Benefit Query,generated,False,
73,2023-11-08,Inspection Access or Follow-up,inspections,True,
221,2023-11-10,Inspection Access or Follow-up,inspections,True,
42,2023-11-11,Benefit Query,generated,True,
145,2023-11-14,Formal Complaint,tenants,True,
379,2023-11-14,Formal Complaint,tenants,False,
84,2023-11-16,Formal Complaint,tenants,True,
40,2023-11-24,Inspection Access or Follow-up,inspections,True,
248,2023-11-24,Inspection Access or Follow-up,inspections,True,
188,2023-11-26,Benefit Query,generated,True,
76,2023-11-26,Inspection Access or Follow-up,inspections,True,
210,2023-11-27,Benefit Query,generated,True,
109,2023-11-29,Inspection Access or Follow-up,inspections,True,
218,2023-12-03,Formal Complaint,tenants,True,
418,2023-12-04,Inspection Access or Follow-up,inspections,True,
447,2023-12-08,Inspection Access or Follow-up,inspections,False,
24,2023-12-10,Inspection Access or Follow-up,inspections,False,
110,2023-12-13,Formal Complaint,tenants,True,
405,2023-12-16,Inspection Access or Follow-up,inspections,True,
3,2023-12-18,Inspection Access or Follow-up,inspections,True,
78,2023-12-22,Inspection Access or Follow-up,inspections,True,
206,2023-12-23,Inspection Access or Follow-up,inspections,True,
403,2023-12-29,Formal Complaint,tenants,False,
290,2024-01-03,Inspection Access or Follow-up,inspections,True,
169,2024-01-06,Inspection Access or Follow-up,inspections,False,
435,2024-01-07,Inspection Access or Follow-up,inspections,True,
444,2024-01-08,Formal Complaint,tenants,True,
129,2024-01-10,Inspection Access or Follow-up,inspections,True,
58,2024-01-12,Formal Complaint,tenants,True,
310,2024-01-13,Inspection Access or Follow-up,inspections,True,
272,2024-01-18,Inspection Access or Follow-up,inspections,True,
32,2024-01-21,Inspection Access or Follow-up,inspections,True,
434,2024-01-23,Other,generated,True,
426,2024-01-27,Other,generated,True,
279,2024-01-31,Inspection Access or Follow-up,inspections,False,
103,2024-02-06,Formal Complaint,tenants,True,
399,2024-02-06,Formal Complaint,tenants,False,
371,2024-02-07,Benefit Query,generated,True,
371,2024-02-10,Support Request,generated,True,
195,2024-02-13,Inspection Access or Follow-up,inspections,True,
129,2024-02-14,Formal Complaint,tenants,True,
189,2024-02-14,Inspection Access or Follow-up,inspections,False,
394,2024-02-14,Formal Complaint,tenants,False,
308,2024-02-16,Inspection Access or Follow-up,inspections,True,
413,2024-02-21,Inspection Access or Follow-up,inspections,True,
255,2024-02-24,Inspection Access or Follow-up,inspections,True,
314,2024-02-26,Inspection Access or Follow-up,inspections,False,
109,2024-03-06,Inspection Access or Follow-up,inspections,True,
321,2024-03-12,Inspection Access or Follow-up,inspections,True,
337,2024-03-19,Inspection Access or Follow-up,inspections,True,
39,2024-03-24,Inspection Access or Follow-up,inspections,True,
378,2024-04-01,Formal Complaint,tenants,False,
81,2024-04-04,Inspection Access or Follow-up,inspections,True,
218,2024-04-05,Other,generated,True,
160,2024-04-13,Formal Complaint,tenants,True,
103,2024-04-14,Formal Complaint,tenants,True,
126,2024-04-23,Inspection Access or Follow-up,inspections,False,
326,2024-04-27,Inspection Access or Follow-up,inspections,True,
440,2024-04-27,Formal Complaint,tenants,True,
299,2024-05-11,Support Request,generated,True,
156,2024-05-13,Benefit Query,generated,True,
379,2024-05-13,Formal Complaint,tenants,True,
181,2024-05-18,Inspection Access or Follow-up,inspections,True,
403,2024-05-23,Formal Complaint,tenants,True,
58,2024-05-23,Other,generated,True,
113,2024-05-26,Inspection Access or Follow-up,inspections,True,
191,2024-05-30,Inspection Access or Follow-up,inspections,False,
72,2024-06-03,Support Request,generated,True,
247,2024-06-06,Inspection Access or Follow-up,inspections,True,
133,2024-06-14,Inspection Access or Follow-up,inspections,True,
54,2024-06-15,Inspection Access or Follow-up,inspections,True,
20,2024-06-16,Formal Complaint,tenants,False,
216,2024-06-16,Inspection Access or Follow-up,inspections,True,
242,2024-06-19,Inspection Access or Follow-up,inspections,True,
351,2024-06-22,Other,generated,True,
73,2024-06-25,Formal Complaint,tenants,True,
412,2024-06-29,Inspection Access or Follow-up,inspections,True,
183,2024-07-14,Inspection Access or Follow-up,inspections,True,
162,2024-07-15,Inspection Access or Follow-up,inspections,True,
313,2024-07-18,Inspection Access or Follow-up,inspections,True,
116,2024-07-21,Inspection Access or Follow-up,inspections,True,
351,2024-07-26,Inspection Access or Follow-up,inspections,True,
127,2024-07-31,Formal Complaint,tenants,True,
247,2024-07-31,Formal Complaint,tenants,False,
240,2024-08-06,Inspection Access or Follow-up,inspections,True,
149,2024-08-06,Other,generated,True,
52,2024-08-07,Formal Complaint,tenants,True,
103,2024-08-07,Inspection Access or Follow-up,inspections,False,
96,2024-08-09,Inspection Access or Follow-up,inspections,True,
192,2024-08-16,Inspection Access or Follow-up,inspections,True,
63,2024-08-17,Inspection Access or Follow-up,inspections,True,
332,2024-08-21,Inspection Access or Follow-up,inspections,True,
312,2024-08-24,Inspection Access or Follow-up,inspections,True,
444,2024-08-27,Formal Complaint,tenants,True,
119,2024-08-28,Benefit Query,generated,True,
416,2024-08-29,Support Request,generated,True,
399,2024-09-01,Formal Complaint,tenants,True,
368,2024-09-04,Inspection Access or Follow-up,inspections,True,
424,2024-09-06,Formal Complaint,tenants,True,
232,2024-09-07,Benefit Query,generated,True,
81,2024-09-10,Inspection Access or Follow-up,inspections,True,
114,2024-09-11,Inspection Access or Follow-up,inspections,True,
38,2024-09-20,Benefit Query,generated,True,
10,2024-09-25,Inspection Access or Follow-up,inspections,True,
222,2024-10-05,Formal Complaint,tenants,False,
362,2024-10-05,Inspection Access or Follow-up,inspections,True,
22,2024-10-07,Inspection Access or Follow-up,inspections,True,
443,2024-10-07,Inspection Access or Follow-up,inspections,True,
371,2024-10-09,Inspection Access or Follow-up,inspections,True,
399,2024-10-18,Inspection Access or Follow-up,inspections,True,
371,2024-10-27,Inspection Access or Follow-up,inspections,True,
343,2024-10-31,Inspection Access or Follow-up,inspections,True,
171,2024-11-03,Formal Complaint,tenants,False,
11,2024-11-10,Formal Complaint,tenants,True,
147,2024-11-11,Inspection Access or Follow-up,inspections,True,
225,2024-11-13,Formal Complaint,tenants,True,
274,2024-11-16,Inspection Access or Follow-up,inspections,True,
389,2024-11-25,Inspection Access or Follow-up,inspections,True,
59,2024-12-11,Inspection Access or Follow-up,inspections,True,
241,2024-12-21,Inspection Access or Follow-up,inspections,True,
164,2024-12-23,Inspection Access or Follow-up,inspections,True,
139,2024-12-24,Inspection Access or Follow-up,inspections,True,
190,2024-12-27,Inspection Access or Follow-up,inspections,False,
38,2024-12-30,Inspection Access or Follow-up,inspections,True,
173,2024-12-30,Inspection Access or Follow-up,inspections,True,
373,2024-12-31,Formal Complaint,tenants,True,
373,2024-12-31,Formal Complaint,tenants,True,
387,2024-12-31,Formal Complaint,tenants,True,
345,2024-12-31,Formal Complaint,tenants,True,
324,2024-12-31,Formal Complaint,tenants,False,
264,2024-12-31,Formal Complaint,tenants,True,
29,2024-12-31,Formal Complaint,tenants,True,
31,2024-12-31,Formal Complaint,tenants,True,
61,2024-12-31,Formal Complaint,tenants,True,
171,2024-12-31,Formal Complaint,tenants,True,
159,2024-12-31,Formal Complaint,tenants,True,
420,2024-12-31,Formal Complaint,tenants,True,
222,2024-12-31,Formal Complaint,tenants,False,
169,2025-01-21,Inspection Access or Follow-up,inspections,True,
