"Section","Functional Area","Dataset","Best Dataset","Variable","Sample Type","Sample Value","Purpose"
"Compliance","Compliance Management","compliance_master.csv","Yes","blockid","float64","1.0",""
"Compliance","Compliance Management","compliance_master.csv","Yes","certificate_reference","object","FIR-YB381us-2024",""
"Compliance","Compliance Management","compliance_master.csv","Yes","compliance_id","int64","1","Master compliance tracking for various certificate types."
"Compliance","Compliance Management","compliance_master.csv","Yes","compliance_type","object","Fire Risk Assessment",""
"Compliance","Compliance Management","compliance_master.csv","Yes","days_until_due","int64","220",""
"Compliance","Compliance Management","compliance_master.csv","Yes","estateid","float64","1.0",""
"Compliance","Compliance Management","compliance_master.csv","Yes","is_higher_risk","bool","False",""
"Compliance","Compliance Management","compliance_master.csv","Yes","last_inspection_date","object","2024-12-09",""
"Compliance","Compliance Management","compliance_master.csv","Yes","next_due_date","object","2025-12-04",""
"Compliance","Compliance Management","compliance_master.csv","Yes","notes","float64","(NA)",""
"Compliance","Compliance Management","compliance_master.csv","Yes","patchid","float64","7.0",""
"Compliance","Compliance Management","compliance_master.csv","Yes","property_age_years","float64","31.0",""
"Compliance","Compliance Management","compliance_master.csv","Yes","property_type","object","Flat",""
"Compliance","Compliance Management","compliance_master.csv","Yes","propertyid","int64","1",""
"Compliance","Compliance Management","compliance_master.csv","Yes","regulatory_body","object","Local Authority Building Control",""
"Compliance","Compliance Management","compliance_master.csv","Yes","remedial_actions_required","float64","(NA)",""
"Compliance","Compliance Management","compliance_master.csv","Yes","responsible_person","object","Miss Amber Phillips",""
"Compliance","Compliance Management","compliance_master.csv","Yes","risk_level","object","Low",""
"Compliance","Compliance Management","compliance_master.csv","Yes","status","object","Compliant",""
"Compliance","Compliance Management","inspections_compliance_enriched.csv","No","backlog_flag","bool","False",""
"Compliance","Compliance Management","inspections_compliance_enriched.csv","No","buildingregistrationdate","object","1959-01-01",""
"Compliance","Compliance Management","inspections_compliance_enriched.csv","No","compliance_outcome","object","Pass",""
"Compliance","Compliance Management","inspections_compliance_enriched.csv","No","compliance_severity","float64","(NA)",""
"Compliance","Compliance Management","inspections_compliance_enriched.csv","No","days_since_last_inspection","int64","1328",""
"Compliance","Compliance Management","inspections_compliance_enriched.csv","No","follow_up_required","bool","False",""
"Compliance","Compliance Management","inspections_compliance_enriched.csv","No","inspection_type","object","Gas Safety",""
"Compliance","Compliance Management","inspections_compliance_enriched.csv","No","inspectionid","int64","1","Property inspection records."
"Compliance","Compliance Management","inspections_compliance_enriched.csv","No","inspector","object","Inspector 2",""
"Compliance","Compliance Management","inspections_compliance_enriched.csv","No","lastinspectiondate","object","2021-05-14",""
"Compliance","Compliance Management","inspections_compliance_enriched.csv","No","notes","object","Inspection notes for property 1",""
"Compliance","Compliance Management","inspections_compliance_enriched.csv","No","outcome","object","Needs Attention",""
"Compliance","Compliance Management","inspections_compliance_enriched.csv","No","patchid","int64","7",""
"Compliance","Compliance Management","inspections_compliance_enriched.csv","No","patchname","object","West Patch 1",""
"Compliance","Compliance Management","inspections_compliance_enriched.csv","No","property_age_years","int64","66",""
"Compliance","Compliance Management","inspections_compliance_enriched.csv","No","propertyid","int64","1",""
"Dimensions","Reference Data","block_dim_raw.csv","No","blockid","float64","1.0","Reference data for blocks."
"Dimensions","Reference Data","block_dim_raw.csv","No","blockname","object","Block 1",""
"Dimensions","Reference Data","block_dim_raw.csv","No","estateid","float64","1.0",""
"Dimensions","Reference Data","core_dim_raw.csv","No","blockid","float64","15.0",""
"Dimensions","Reference Data","core_dim_raw.csv","No","coreid","float64","28.0","Reference data for cores."
"Dimensions","Reference Data","core_dim_raw.csv","No","corename","object","Core 28",""
"Dimensions","Reference Data","core_dim_raw.csv","No","estateid","float64","9.0",""
"Dimensions","Reference Data","estate_dim_raw.csv","No","estateid","float64","1.0","Reference data for estates."
"Dimensions","Reference Data","estate_dim_raw.csv","No","estatename","object","Estate 1",""
"Dimensions","Reference Data","patches_raw.csv","No","patch_id","int64","7","Reference data for patches and regions."
"Dimensions","Reference Data","patches_raw.csv","No","patch_name","object","West Patch 1",""
"Dimensions","Reference Data","patches_raw.csv","No","region_id","float64","(NA)",""
"Environment","Sustainability","energy_enriched.csv","Yes","blockid","float64","1.0",""
"Environment","Sustainability","energy_enriched.csv","Yes","energy_kwh","int64","295",""
"Environment","Sustainability","energy_enriched.csv","Yes","period_start","object","2024-05-01 11:52:28.455679",""
"Environment","Sustainability","energy_enriched.csv","Yes","property_age_years","int64","66",""
"Environment","Sustainability","energy_enriched.csv","Yes","propertyid","int64","1","Property energy consumption data."
"Environment","Sustainability","energy_enriched.csv","Yes","propertytype","object","Flat",""
"Environment","Sustainability","energy_enriched.csv","Yes","simulated_energy_kwh","float64","3562.85",""
"Environment","Smart Building Management","iot_enriched.csv","Yes","anomaly_flag","bool","False",""
"Environment","Smart Building Management","iot_enriched.csv","Yes","blockid","float64","1.0",""
"Environment","Smart Building Management","iot_enriched.csv","Yes","humidity_pct","float64","62.8",""
"Environment","Smart Building Management","iot_enriched.csv","Yes","property_age_years","int64","66",""
"Environment","Smart Building Management","iot_enriched.csv","Yes","propertyid","int64","1",""
"Environment","Smart Building Management","iot_enriched.csv","Yes","propertytype","object","Flat",""
"Environment","Smart Building Management","iot_enriched.csv","Yes","reading_datetime","object","2025-03-18 12:55:30.359483",""
"Environment","Smart Building Management","iot_enriched.csv","Yes","sensorid","object","S1_2025031812","IoT sensor readings (temperature, humidity)."
"Environment","Smart Building Management","iot_enriched.csv","Yes","temperature_c","float64","18.0",""
"Financial","Financial Management","financial_budgets_block.csv","Yes","actual_spend_gbp","int64","875",""
"Financial","Financial Management","financial_budgets_block.csv","Yes","blockid","float64","1.0","Annual maintenance budgets and actual spend at block level."
"Financial","Financial Management","financial_budgets_block.csv","Yes","budget_year","int64","2022",""
"Financial","Financial Management","financial_budgets_block.csv","Yes","budgeted_amount_gbp","int64","955",""
"Financial","Financial Management","financial_budgets_block.csv","Yes","category","object","Routine Repairs",""
"Financial","Financial Management","financial_budgets_block.csv","Yes","estateid","float64","1.0",""
"Financial","Financial Management","financial_budgets_block.csv","Yes","property_count","int64","11",""
"Financial","Financial Management","financial_budgets_block.csv","Yes","variance_gbp","int64","-81",""
"Financial","Financial Management","financial_budgets_block.csv","Yes","variance_percent","float64","-8.5",""
"Financial","Financial Management","financial_budgets_estate.csv","Yes","actual_spend_gbp","int64","1170",""
"Financial","Financial Management","financial_budgets_estate.csv","Yes","budget_year","int64","2022",""
"Financial","Financial Management","financial_budgets_estate.csv","Yes","budgeted_amount_gbp","int64","1460",""
"Financial","Financial Management","financial_budgets_estate.csv","Yes","category","object","Routine Repairs",""
"Financial","Financial Management","financial_budgets_estate.csv","Yes","estateid","float64","1.0","Annual maintenance budgets and actual spend at estate level."
"Financial","Financial Management","financial_budgets_estate.csv","Yes","property_count","int64","32",""
"Financial","Financial Management","financial_budgets_estate.csv","Yes","variance_gbp","int64","-290",""
"Financial","Financial Management","financial_budgets_estate.csv","Yes","variance_percent","float64","-19.9",""
"Financial","Financial Management","financial_budgets_property.csv","Yes","actual_spend_gbp","int64","238",""
"Financial","Financial Management","financial_budgets_property.csv","Yes","blockid","float64","21.0",""
"Financial","Financial Management","financial_budgets_property.csv","Yes","budget_year","int64","2022",""
"Financial","Financial Management","financial_budgets_property.csv","Yes","budgeted_amount_gbp","int64","278",""
"Financial","Financial Management","financial_budgets_property.csv","Yes","category","object","Routine Repairs",""
"Financial","Financial Management","financial_budgets_property.csv","Yes","estateid","float64","(NA)",""
"Financial","Financial Management","financial_budgets_property.csv","Yes","property_age_years","float64","32.0",""
"Financial","Financial Management","financial_budgets_property.csv","Yes","property_type","object","House",""
"Financial","Financial Management","financial_budgets_property.csv","Yes","propertyid","int64","362","Annual maintenance budgets and actual spend at property level."
"Financial","Financial Management","financial_budgets_property.csv","Yes","variance_gbp","int64","-40",""
"Financial","Financial Management","financial_budgets_property.csv","Yes","variance_percent","float64","-14.3",""
"Financial","Financial Performance","financial_performance_property.csv","Yes","actual_rent_gbp","int64","1699",""
"Financial","Financial Performance","financial_performance_property.csv","Yes","annualized_roi_percent","float64","1.9",""
"Financial","Financial Performance","financial_performance_property.csv","Yes","blockid","float64","22.0",""
"Financial","Financial Performance","financial_performance_property.csv","Yes","estateid","float64","(NA)",""
"Financial","Financial Performance","financial_performance_property.csv","Yes","estimated_property_value_gbp","int64","281769",""
"Financial","Financial Performance","financial_performance_property.csv","Yes","expected_rent_gbp","int64","1873",""
"Financial","Financial Performance","financial_performance_property.csv","Yes","maintenance_cost_gbp","int64","771",""
"Financial","Financial Performance","financial_performance_property.csv","Yes","management_cost_gbp","int64","150",""
"Financial","Financial Performance","financial_performance_property.csv","Yes","net_income_gbp","int64","1336",""
"Financial","Financial Performance","financial_performance_property.csv","Yes","period_end","object","2023-08-30",""
"Financial","Financial Performance","financial_performance_property.csv","Yes","period_start","object","2023-04-01",""
"Financial","Financial Performance","financial_performance_property.csv","Yes","property_type","object","Flat",""
"Financial","Financial Performance","financial_performance_property.csv","Yes","propertyid","int64","375","Quarterly financial performance metrics per property (rent, costs, ROI)."
"Financial","Financial Performance","financial_performance_property.csv","Yes","quarter","int64","2",""
"Financial","Financial Performance","financial_performance_property.csv","Yes","quarterly_roi_percent","float64","0.47",""
"Financial","Financial Performance","financial_performance_property.csv","Yes","rent_collection_rate_percent","float64","90.7",""
"Financial","Financial Performance","financial_performance_property.csv","Yes","service_charge_income_gbp","int64","558",""
"Financial","Financial Performance","financial_performance_property.csv","Yes","void_loss_gbp","int64","0",""
"Financial","Financial Performance","financial_performance_property.csv","Yes","year","int64","2023",""
"Financial","Asset Management","financial_property_valuations.csv","Yes","bedrooms","int64","3",""
"Financial","Asset Management","financial_property_valuations.csv","Yes","blockid","float64","1.0",""
"Financial","Asset Management","financial_property_valuations.csv","Yes","estateid","float64","1.0",""
"Financial","Asset Management","financial_property_valuations.csv","Yes","estimated_monthly_rent_gbp","int64","645",""
"Financial","Asset Management","financial_property_valuations.csv","Yes","property_age_years","float64","26.0",""
"Financial","Asset Management","financial_property_valuations.csv","Yes","property_type","object","Flat",""
"Financial","Asset Management","financial_property_valuations.csv","Yes","property_value_gbp","int64","191000",""
"Financial","Asset Management","financial_property_valuations.csv","Yes","propertyid","int64","1","Historical property valuations and estimated rental yield."
"Financial","Asset Management","financial_property_valuations.csv","Yes","rental_yield_percent","float64","4.05",""
"Financial","Asset Management","financial_property_valuations.csv","Yes","valuation_date","object","2020-04-29",""
"Financial","Asset Management","financial_property_valuations.csv","Yes","valuation_method","object","Cost Approach",""
"Financial","Asset Management","financial_property_valuations.csv","Yes","valuer","object","RICS Registered Valuer",""
"Financial","Asset Management","financial_property_valuations.csv","Yes","year","int64","2020",""
"Financial","Income Management","financial_service_charges.csv","Yes","blockid","float64","1.0",""
"Financial","Income Management","financial_service_charges.csv","Yes","charge_amount_gbp","int64","214",""
"Financial","Income Management","financial_service_charges.csv","Yes","estateid","float64","1.0",""
"Financial","Income Management","financial_service_charges.csv","Yes","payment_date","object","2023-09-21",""
"Financial","Income Management","financial_service_charges.csv","Yes","payment_status","object","Paid",""
"Financial","Income Management","financial_service_charges.csv","Yes","period_end","object","2023-08-30",""
"Financial","Income Management","financial_service_charges.csv","Yes","period_start","object","2023-04-01",""
"Financial","Income Management","financial_service_charges.csv","Yes","property_type","object","Flat",""
"Financial","Income Management","financial_service_charges.csv","Yes","propertyid","int64","1","Quarterly service charges levied on properties/tenants."
"Financial","Income Management","financial_service_charges.csv","Yes","quarter","int64","2",""
"Financial","Income Management","financial_service_charges.csv","Yes","service_category","object","Building Insurance",""
"Financial","Income Management","financial_service_charges.csv","Yes","tenantid","float64","47.0",""
"Financial","Income Management","financial_service_charges.csv","Yes","year","int64","2023",""
"Financial","Income Management","rent_payments_enriched_final.csv","Yes","amount_gbp","int64","973",""
"Financial","Income Management","rent_payments_enriched_final.csv","Yes","arrears_amount","float64","0.0",""
"Financial","Income Management","rent_payments_enriched_final.csv","Yes","arrears_flag","bool","False",""
"Financial","Income Management","rent_payments_enriched_final.csv","Yes","benefit_contribution","float64","0.3",""
"Financial","Income Management","rent_payments_enriched_final.csv","Yes","payment_date","object","2019-01-02",""
"Financial","Income Management","rent_payments_enriched_final.csv","Yes","payment_id","int64","1","Tenant rent payment history."
"Financial","Income Management","rent_payments_enriched_final.csv","Yes","payment_method","object","Direct Debit",""
"Financial","Income Management","rent_payments_enriched_final.csv","Yes","property_age_years","int64","74",""
"Financial","Income Management","rent_payments_enriched_final.csv","Yes","propertyid","int64","362",""
"Financial","Income Management","rent_payments_enriched_final.csv","Yes","propertytype","object","House",""
"Financial","Income Management","rent_payments_enriched_final.csv","Yes","tenant_contribution","float64","0.7",""
"Financial","Income Management","rent_payments_enriched_final.csv","Yes","tenantid","int64","1",""
"Incidents","Neighborhood Management","asb_enriched.csv","Yes","asb_id","int64","1","Anti-social behaviour incident reports."
"Incidents","Neighborhood Management","asb_enriched.csv","Yes","blockid","float64","(NA)",""
"Incidents","Neighborhood Management","asb_enriched.csv","Yes","date_reported","object","2024-08-08",""
"Incidents","Neighborhood Management","asb_enriched.csv","Yes","description","object","Loitering near entrance",""
"Incidents","Neighborhood Management","asb_enriched.csv","Yes","property_age_years","int64","73",""
"Incidents","Neighborhood Management","asb_enriched.csv","Yes","propertyid","int64","480",""
"Incidents","Neighborhood Management","asb_enriched.csv","Yes","propertytype","object","House",""
"Incidents","Neighborhood Management","asb_enriched.csv","Yes","severity","object","Medium",""
"Incidents","Neighborhood Management","asb_enriched.csv","Yes","simulated_asb_type","object","Other",""
"Incidents","Neighborhood Management","asb_enriched.csv","Yes","status","object","Resolved",""
"Incidents","Property Condition","damp_mould_incidents_balanced.csv","No","children_under_5","bool","True",""
"Incidents","Property Condition","damp_mould_incidents_balanced.csv","No","estateid","float64","(NA)",""
"Incidents","Property Condition","damp_mould_incidents_balanced.csv","No","high_priority_flag","bool","False",""
"Incidents","Property Condition","damp_mould_incidents_balanced.csv","No","humidity","float64","(NA)",""
"Incidents","Property Condition","damp_mould_incidents_balanced.csv","No","incident_source","object","Repair Report",""
"Incidents","Property Condition","damp_mould_incidents_balanced.csv","No","is_iot_alert","bool","False",""
"Incidents","Property Condition","damp_mould_incidents_balanced.csv","No","propertyid","int64","337","Damp and mould incident reports."
"Incidents","Property Condition","damp_mould_incidents_balanced.csv","No","propertytype","object","House",""
"Incidents","Property Condition","damp_mould_incidents_balanced.csv","No","reading_date","object","2020-01-07 00:00:00.000000",""
"Incidents","Property Condition","damp_mould_incidents_balanced.csv","No","repeat_incident_flag","bool","False",""
"Incidents","Property Condition","damp_mould_incidents_balanced.csv","No","response_days","int64","0",""
"Incidents","Property Condition","damp_mould_incidents_balanced.csv","No","temperature","float64","(NA)",""
"Incidents","Property Condition","damp_mould_incidents_balanced.csv","No","tenantid_x","float64","32.0",""
"Incidents","Property Condition","damp_mould_incidents_balanced.csv","No","tenantid_y","float64","32.0",""
"Incidents","Property Condition","damp_mould_incidents_balanced.csv","No","unresolved_flag","bool","True",""
"Incidents","Property Condition","damp_mould_incidents_balanced_blocks.csv","No","blockid","float64","20.0",""
"Incidents","Property Condition","damp_mould_incidents_balanced_blocks.csv","No","children_under_5","bool","True",""
"Incidents","Property Condition","damp_mould_incidents_balanced_blocks.csv","No","estateid","float64","(NA)",""
"Incidents","Property Condition","damp_mould_incidents_balanced_blocks.csv","No","high_priority_flag","bool","False",""
"Incidents","Property Condition","damp_mould_incidents_balanced_blocks.csv","No","humidity","float64","(NA)",""
"Incidents","Property Condition","damp_mould_incidents_balanced_blocks.csv","No","incident_source","object","Repair Report",""
"Incidents","Property Condition","damp_mould_incidents_balanced_blocks.csv","No","is_iot_alert","bool","False",""
"Incidents","Property Condition","damp_mould_incidents_balanced_blocks.csv","No","propertyid","int64","337","Damp and mould incident reports."
"Incidents","Property Condition","damp_mould_incidents_balanced_blocks.csv","No","propertytype","object","House",""
"Incidents","Property Condition","damp_mould_incidents_balanced_blocks.csv","No","reading_date","object","2020-01-07 00:00:00.000000",""
"Incidents","Property Condition","damp_mould_incidents_balanced_blocks.csv","No","repeat_incident_flag","bool","False",""
"Incidents","Property Condition","damp_mould_incidents_balanced_blocks.csv","No","response_days","int64","0",""
"Incidents","Property Condition","damp_mould_incidents_balanced_blocks.csv","No","temperature","float64","(NA)",""
"Incidents","Property Condition","damp_mould_incidents_balanced_blocks.csv","No","tenantid_x","float64","32.0",""
"Incidents","Property Condition","damp_mould_incidents_balanced_blocks.csv","No","tenantid_y","float64","32.0",""
"Incidents","Property Condition","damp_mould_incidents_balanced_blocks.csv","No","unresolved_flag","bool","True",""
"Incidents","Property Condition","damp_mould_incidents_master.csv","Yes","block_augmented","bool","False",""
"Incidents","Property Condition","damp_mould_incidents_master.csv","Yes","blockid","float64","(NA)",""
"Incidents","Property Condition","damp_mould_incidents_master.csv","Yes","children_under_5","float64","(NA)",""
"Incidents","Property Condition","damp_mould_incidents_master.csv","Yes","estateid","float64","(NA)",""
"Incidents","Property Condition","damp_mould_incidents_master.csv","Yes","high_priority_flag","bool","False",""
"Incidents","Property Condition","damp_mould_incidents_master.csv","Yes","humidity","float64","(NA)",""
"Incidents","Property Condition","damp_mould_incidents_master.csv","Yes","incident_source","object","Repair Report",""
"Incidents","Property Condition","damp_mould_incidents_master.csv","Yes","is_iot_alert","bool","False",""
"Incidents","Property Condition","damp_mould_incidents_master.csv","Yes","propertyid","int64","337","Damp and mould incident reports."
"Incidents","Property Condition","damp_mould_incidents_master.csv","Yes","propertytype","float64","(NA)",""
"Incidents","Property Condition","damp_mould_incidents_master.csv","Yes","reading_date","object","2020-01-07 00:00:00.000000",""
"Incidents","Property Condition","damp_mould_incidents_master.csv","Yes","repeat_incident_flag","bool","False",""
"Incidents","Property Condition","damp_mould_incidents_master.csv","Yes","response_days","int64","0",""
"Incidents","Property Condition","damp_mould_incidents_master.csv","Yes","sample_type","object","real_world",""
"Incidents","Property Condition","damp_mould_incidents_master.csv","Yes","temperature","float64","(NA)",""
"Incidents","Property Condition","damp_mould_incidents_master.csv","Yes","tenantid","float64","(NA)",""
"Incidents","Property Condition","damp_mould_incidents_master.csv","Yes","tenantid_x","float64","(NA)",""
"Incidents","Property Condition","damp_mould_incidents_master.csv","Yes","tenantid_y","float64","(NA)",""
"Incidents","Property Condition","damp_mould_incidents_master.csv","Yes","unresolved_flag","bool","False",""
"Incidents","Property Condition","damp_mould_incidents_real_world.csv","No","high_priority_flag","bool","False",""
"Incidents","Property Condition","damp_mould_incidents_real_world.csv","No","humidity","float64","(NA)",""
"Incidents","Property Condition","damp_mould_incidents_real_world.csv","No","incident_source","object","Repair Report",""
"Incidents","Property Condition","damp_mould_incidents_real_world.csv","No","is_iot_alert","bool","False",""
"Incidents","Property Condition","damp_mould_incidents_real_world.csv","No","propertyid","int64","337","Damp and mould incident reports."
"Incidents","Property Condition","damp_mould_incidents_real_world.csv","No","reading_date","object","2020-01-07 00:00:00.000000",""
"Incidents","Property Condition","damp_mould_incidents_real_world.csv","No","repeat_incident_flag","bool","False",""
"Incidents","Property Condition","damp_mould_incidents_real_world.csv","No","response_days","int64","0",""
"Incidents","Property Condition","damp_mould_incidents_real_world.csv","No","temperature","float64","(NA)",""
"Incidents","Property Condition","damp_mould_incidents_real_world.csv","No","unresolved_flag","bool","False",""
"Incidents","Property Condition","damp_mould_incidents_varied.csv","No","children_under_5","bool","True",""
"Incidents","Property Condition","damp_mould_incidents_varied.csv","No","high_priority_flag","bool","False",""
"Incidents","Property Condition","damp_mould_incidents_varied.csv","No","humidity","float64","(NA)",""
"Incidents","Property Condition","damp_mould_incidents_varied.csv","No","incident_source","object","Repair Report",""
"Incidents","Property Condition","damp_mould_incidents_varied.csv","No","is_iot_alert","bool","False",""
"Incidents","Property Condition","damp_mould_incidents_varied.csv","No","propertyid","int64","337","Damp and mould incident reports."
"Incidents","Property Condition","damp_mould_incidents_varied.csv","No","propertytype","object","House",""
"Incidents","Property Condition","damp_mould_incidents_varied.csv","No","reading_date","object","2020-01-07 00:00:00.000000",""
"Incidents","Property Condition","damp_mould_incidents_varied.csv","No","repeat_incident_flag","bool","False",""
"Incidents","Property Condition","damp_mould_incidents_varied.csv","No","response_days","int64","0",""
"Incidents","Property Condition","damp_mould_incidents_varied.csv","No","temperature","float64","(NA)",""
"Incidents","Property Condition","damp_mould_incidents_varied.csv","No","tenantid","float64","32.0",""
"Incidents","Property Condition","damp_mould_incidents_varied.csv","No","unresolved_flag","bool","True",""
"Maintenance","Repairs & Maintenance","maintenance_requests_enriched.csv","No","blockid","float64","21.0",""
"Maintenance","Repairs & Maintenance","maintenance_requests_enriched.csv","No","description","object","Repair description for property 362",""
"Maintenance","Repairs & Maintenance","maintenance_requests_enriched.csv","No","patch_id","int64","1",""
"Maintenance","Repairs & Maintenance","maintenance_requests_enriched.csv","No","property_age_years","int64","74",""
"Maintenance","Repairs & Maintenance","maintenance_requests_enriched.csv","No","propertyid","int64","362",""
"Maintenance","Repairs & Maintenance","maintenance_requests_enriched.csv","No","propertytype","object","House",""
"Maintenance","Repairs & Maintenance","maintenance_requests_enriched.csv","No","request_date","object","2021-06-25",""
"Maintenance","Repairs & Maintenance","maintenance_requests_enriched.csv","No","request_id","int64","1","Maintenance requests or repairs history."
"Maintenance","Repairs & Maintenance","maintenance_requests_enriched.csv","No","request_type","object","Plumbing",""
"Maintenance","Repairs & Maintenance","maintenance_requests_enriched.csv","No","resolution_date","object","2024-11-26",""
"Maintenance","Repairs & Maintenance","maintenance_requests_enriched.csv","No","simulated_request_type","object","Damp",""
"Maintenance","Repairs & Maintenance","maintenance_requests_enriched.csv","No","status","object","Closed",""
"Maintenance","Repairs & Maintenance","maintenance_requests_enriched.csv","No","tenantid","int64","1",""
"Maintenance","Repairs & Maintenance","maintenance_requests_master.csv","Yes","blockid","float64","21.0",""
"Maintenance","Repairs & Maintenance","maintenance_requests_master.csv","Yes","category","object","Plumbing",""
"Maintenance","Repairs & Maintenance","maintenance_requests_master.csv","Yes","completion_date","object","2021-07-20",""
"Maintenance","Repairs & Maintenance","maintenance_requests_master.csv","Yes","cost","float64","675.33",""
"Maintenance","Repairs & Maintenance","maintenance_requests_master.csv","Yes","datereported","object","2024-10-31",""
"Maintenance","Repairs & Maintenance","maintenance_requests_master.csv","Yes","dateresolved","object","2024-11-26",""
"Maintenance","Repairs & Maintenance","maintenance_requests_master.csv","Yes","description","object","Repair description for property 362",""
"Maintenance","Repairs & Maintenance","maintenance_requests_master.csv","Yes","estateid","float64","(NA)",""
"Maintenance","Repairs & Maintenance","maintenance_requests_master.csv","Yes","patch_id","int64","1",""
"Maintenance","Repairs & Maintenance","maintenance_requests_master.csv","Yes","property_age_years","int64","74",""
"Maintenance","Repairs & Maintenance","maintenance_requests_master.csv","Yes","propertyid","int64","362",""
"Maintenance","Repairs & Maintenance","maintenance_requests_master.csv","Yes","propertytype","object","House",""
"Maintenance","Repairs & Maintenance","maintenance_requests_master.csv","Yes","request_date","object","2021-06-25",""
"Maintenance","Repairs & Maintenance","maintenance_requests_master.csv","Yes","request_id","int64","1","Maintenance requests or repairs history."
"Maintenance","Repairs & Maintenance","maintenance_requests_master.csv","Yes","simulated_cost","float64","213.87",""
"Maintenance","Repairs & Maintenance","maintenance_requests_master.csv","Yes","simulated_repair_type","object","Damp",""
"Maintenance","Repairs & Maintenance","maintenance_requests_master.csv","Yes","status","object","Closed",""
"Maintenance","Repairs & Maintenance","maintenance_requests_master.csv","Yes","tenantid","int64","1",""
"Maintenance","Planned Maintenance","planned_maintenance_phases_compliance_enriched.csv","No","avg_patch_age","float64","53.30645161290322",""
"Maintenance","Planned Maintenance","planned_maintenance_phases_compliance_enriched.csv","No","compliance_related","bool","True",""
"Maintenance","Planned Maintenance","planned_maintenance_phases_compliance_enriched.csv","No","estimated_backlog_days","int64","0",""
"Maintenance","Planned Maintenance","planned_maintenance_phases_compliance_enriched.csv","No","need_score","float64","0.56",""
"Maintenance","Planned Maintenance","planned_maintenance_phases_compliance_enriched.csv","No","overdue_flag","bool","False",""
"Maintenance","Planned Maintenance","planned_maintenance_phases_compliance_enriched.csv","No","patch_id","int64","6",""
"Maintenance","Planned Maintenance","planned_maintenance_phases_compliance_enriched.csv","No","patchid","int64","6",""
"Maintenance","Planned Maintenance","planned_maintenance_phases_compliance_enriched.csv","No","phase_end","object","2025-06-27 11:55:30.355272",""
"Maintenance","Planned Maintenance","planned_maintenance_phases_compliance_enriched.csv","No","phase_id","int64","1","Maintenance requests or repairs history."
"Maintenance","Planned Maintenance","planned_maintenance_phases_compliance_enriched.csv","No","phase_name","object","Design",""
"Maintenance","Planned Maintenance","planned_maintenance_phases_compliance_enriched.csv","No","phase_start","object","2025-05-26 11:55:30.355272",""
"Maintenance","Planned Maintenance","planned_maintenance_phases_compliance_enriched.csv","No","priority_level","object","Medium",""
"Maintenance","Planned Maintenance","planned_maintenance_phases_compliance_enriched.csv","No","priority_misalignment","bool","False",""
"Maintenance","Planned Maintenance","planned_maintenance_phases_compliance_enriched.csv","No","program_id","int64","1",""
"Maintenance","Planned Maintenance","planned_maintenance_phases_compliance_enriched.csv","No","projected_cost","float64","33977.71",""
"Maintenance","Repairs & Maintenance","repairs_enriched_final.csv","No","blockid","float64","21.0",""
"Maintenance","Repairs & Maintenance","repairs_enriched_final.csv","No","category","object","Plumbing",""
"Maintenance","Repairs & Maintenance","repairs_enriched_final.csv","No","completion_date","object","2021-07-20",""
"Maintenance","Repairs & Maintenance","repairs_enriched_final.csv","No","cost","float64","675.33",""
"Maintenance","Repairs & Maintenance","repairs_enriched_final.csv","No","datereported","object","2024-10-31",""
"Maintenance","Repairs & Maintenance","repairs_enriched_final.csv","No","dateresolved","object","2024-11-26",""
"Maintenance","Repairs & Maintenance","repairs_enriched_final.csv","No","description","object","Repair description for property 362",""
"Maintenance","Repairs & Maintenance","repairs_enriched_final.csv","No","estateid","float64","(NA)",""
"Maintenance","Repairs & Maintenance","repairs_enriched_final.csv","No","property_age_years","int64","74",""
"Maintenance","Repairs & Maintenance","repairs_enriched_final.csv","No","propertyid","int64","362",""
"Maintenance","Repairs & Maintenance","repairs_enriched_final.csv","No","propertytype","object","House",""
"Maintenance","Repairs & Maintenance","repairs_enriched_final.csv","No","repairid","int64","1","Maintenance requests or repairs history."
"Maintenance","Repairs & Maintenance","repairs_enriched_final.csv","No","request_date","object","2021-06-25",""
"Maintenance","Repairs & Maintenance","repairs_enriched_final.csv","No","simulated_cost","float64","213.87",""
"Maintenance","Repairs & Maintenance","repairs_enriched_final.csv","No","simulated_repair_type","object","Damp",""
"Maintenance","Repairs & Maintenance","repairs_enriched_final.csv","No","status","object","Closed",""
"Maintenance","Repairs & Maintenance","repairs_enriched_final.csv","No","tenantid","int64","1",""
"Tenant","Tenancy Management","tenancy_events.csv","No","event_date","object","2015-10-27",""
"Tenant","Tenancy Management","tenancy_events.csv","No","event_type","object","move_in",""
"Tenant","Tenancy Management","tenancy_events.csv","No","eventid","int64","1","Key tenancy lifecycle events."
"Tenant","Tenancy Management","tenancy_events.csv","No","propertyid","int64","362",""
"Tenant","Tenancy Management","tenancy_events.csv","No","tenantid","int64","1",""
"Tenant","Tenant Management","tenant_contacts_final.csv","No","contact_date","object","2015-03-26",""
"Tenant","Tenant Management","tenant_contacts_final.csv","No","contact_reason","object","Formal Complaint",""
"Tenant","Tenant Management","tenant_contacts_final.csv","No","propertyid","float64","(NA)",""
"Tenant","Tenant Management","tenant_contacts_final.csv","No","resolved_flag","bool","True",""
"Tenant","Tenant Management","tenant_contacts_final.csv","No","source_dataset","object","tenants",""
"Tenant","Tenant Management","tenant_contacts_final.csv","No","tenantid","int64","418","Log of tenant contacts."
"Tenant","Tenant Management","tenant_demographics_enriched.csv","No","age_of_tenant","int64","78",""
"Tenant","Tenant Management","tenant_demographics_enriched.csv","No","benefit_status","object","Full Housing Benefit",""
"Tenant","Tenant Management","tenant_demographics_enriched.csv","No","complaints_made","int64","1",""
"Tenant","Tenant Management","tenant_demographics_enriched.csv","No","contact_number","int64","7201710492",""
"Tenant","Tenant Management","tenant_demographics_enriched.csv","No","disability_flag","bool","False",""
"Tenant","Tenant Management","tenant_demographics_enriched.csv","No","email","object","tenant1@example.com",""
"Tenant","Tenant Management","tenant_demographics_enriched.csv","No","household_size","int64","2",""
"Tenant","Tenant Management","tenant_demographics_enriched.csv","No","housing_need_type","object","Domestic Abuse",""
"Tenant","Tenant Management","tenant_demographics_enriched.csv","No","income_band","object","<£15k",""
"Tenant","Tenant Management","tenant_demographics_enriched.csv","No","preferred_contact_method","object","Phone",""
"Tenant","Tenant Management","tenant_demographics_enriched.csv","No","preferred_language","object","English",""
"Tenant","Tenant Management","tenant_demographics_enriched.csv","No","propertyid","int64","362",""
"Tenant","Tenant Management","tenant_demographics_enriched.csv","No","support_plan_flag","bool","False",""
"Tenant","Tenant Management","tenant_demographics_enriched.csv","No","tenancy_type","object","Introductory",""
"Tenant","Tenant Management","tenant_demographics_enriched.csv","No","tenant_name","object","Tenant 1",""
"Tenant","Tenant Management","tenant_demographics_enriched.csv","No","tenantid","int64","1","Tenant details (potentially subset or older version)."
"Tenant","Tenant Management","tenant_demographics_enriched.csv","No","vulnerability_flag","bool","False",""
"Tenant","Customer Satisfaction","tenant_feedback_enriched_with_damp.csv","No","blockid","float64","21.0",""
"Tenant","Customer Satisfaction","tenant_feedback_enriched_with_damp.csv","No","comments","object","Very satisfied",""
"Tenant","Customer Satisfaction","tenant_feedback_enriched_with_damp.csv","No","damp_high_priority_flag","bool","False",""
"Tenant","Customer Satisfaction","tenant_feedback_enriched_with_damp.csv","No","damp_incident_nearby","bool","False",""
"Tenant","Customer Satisfaction","tenant_feedback_enriched_with_damp.csv","No","damp_unresolved_flag","bool","False",""
"Tenant","Customer Satisfaction","tenant_feedback_enriched_with_damp.csv","No","estateid","float64","(NA)",""
"Tenant","Customer Satisfaction","tenant_feedback_enriched_with_damp.csv","No","feedback_date","object","2025-01-23 11:55:30.127886",""
"Tenant","Customer Satisfaction","tenant_feedback_enriched_with_damp.csv","No","feedback_id","int64","4","Tenant feedback and satisfaction scores (potentially subset or older version)."
"Tenant","Customer Satisfaction","tenant_feedback_enriched_with_damp.csv","No","high_priority_flag","float64","(NA)",""
"Tenant","Customer Satisfaction","tenant_feedback_enriched_with_damp.csv","No","humidity","float64","(NA)",""
"Tenant","Customer Satisfaction","tenant_feedback_enriched_with_damp.csv","No","incident_source","float64","(NA)",""
"Tenant","Customer Satisfaction","tenant_feedback_enriched_with_damp.csv","No","is_iot_alert","float64","(NA)",""
"Tenant","Customer Satisfaction","tenant_feedback_enriched_with_damp.csv","No","patchid","int64","3",""
"Tenant","Customer Satisfaction","tenant_feedback_enriched_with_damp.csv","No","property_age_years","int64","74",""
"Tenant","Customer Satisfaction","tenant_feedback_enriched_with_damp.csv","No","propertyid","int64","395",""
"Tenant","Customer Satisfaction","tenant_feedback_enriched_with_damp.csv","No","propertytype","object","Flat",""
"Tenant","Customer Satisfaction","tenant_feedback_enriched_with_damp.csv","No","repairid","int64","684",""
"Tenant","Customer Satisfaction","tenant_feedback_enriched_with_damp.csv","No","repeat_incident_flag","float64","(NA)",""
"Tenant","Customer Satisfaction","tenant_feedback_enriched_with_damp.csv","No","response_days","float64","(NA)",""
"Tenant","Customer Satisfaction","tenant_feedback_enriched_with_damp.csv","No","satisfaction_score","int64","4",""
"Tenant","Customer Satisfaction","tenant_feedback_enriched_with_damp.csv","No","simulated_satisfaction","float64","5.0",""
"Tenant","Customer Satisfaction","tenant_feedback_enriched_with_damp.csv","No","temperature","float64","(NA)",""
"Tenant","Customer Satisfaction","tenant_feedback_enriched_with_damp.csv","No","tenantid","int64","6",""
"Tenant","Customer Satisfaction","tenant_feedback_enriched_with_damp.csv","No","unresolved_flag","float64","(NA)",""
"Tenant","Customer Satisfaction","tenant_feedback_linked_to_damp.csv","No","blockid","float64","22.0",""
"Tenant","Customer Satisfaction","tenant_feedback_linked_to_damp.csv","No","comments","object","Very satisfied",""
"Tenant","Customer Satisfaction","tenant_feedback_linked_to_damp.csv","No","date_diff","float64","9.0",""
"Tenant","Customer Satisfaction","tenant_feedback_linked_to_damp.csv","No","estateid","float64","(NA)",""
"Tenant","Customer Satisfaction","tenant_feedback_linked_to_damp.csv","No","feedback_date","object","2025-04-22 11:55:29.958030",""
"Tenant","Customer Satisfaction","tenant_feedback_linked_to_damp.csv","No","feedback_id","int64","8","Tenant feedback and satisfaction scores (potentially subset or older version)."
"Tenant","Customer Satisfaction","tenant_feedback_linked_to_damp.csv","No","high_priority_flag","bool","False",""
"Tenant","Customer Satisfaction","tenant_feedback_linked_to_damp.csv","No","humidity","float64","71.1",""
"Tenant","Customer Satisfaction","tenant_feedback_linked_to_damp.csv","No","incident_source","object","IoT Alert",""
"Tenant","Customer Satisfaction","tenant_feedback_linked_to_damp.csv","No","is_iot_alert","bool","True",""
"Tenant","Customer Satisfaction","tenant_feedback_linked_to_damp.csv","No","patchid","int64","8",""
"Tenant","Customer Satisfaction","tenant_feedback_linked_to_damp.csv","No","property_age_years","int64","71",""
"Tenant","Customer Satisfaction","tenant_feedback_linked_to_damp.csv","No","propertyid","int64","354",""
"Tenant","Customer Satisfaction","tenant_feedback_linked_to_damp.csv","No","propertyid_damp","float64","354.0",""
"Tenant","Customer Satisfaction","tenant_feedback_linked_to_damp.csv","No","propertytype","object","Flat",""
"Tenant","Customer Satisfaction","tenant_feedback_linked_to_damp.csv","No","reading_date","object","2025-04-13 01:55:30.359483",""
"Tenant","Customer Satisfaction","tenant_feedback_linked_to_damp.csv","No","repairid","int64","429",""
"Tenant","Customer Satisfaction","tenant_feedback_linked_to_damp.csv","No","repeat_incident_flag","bool","False",""
"Tenant","Customer Satisfaction","tenant_feedback_linked_to_damp.csv","No","response_days","float64","30.0",""
"Tenant","Customer Satisfaction","tenant_feedback_linked_to_damp.csv","No","satisfaction_score","int64","4",""
"Tenant","Customer Satisfaction","tenant_feedback_linked_to_damp.csv","No","simulated_satisfaction","float64","3.7",""
"Tenant","Customer Satisfaction","tenant_feedback_linked_to_damp.csv","No","temperature","float64","13.8",""
"Tenant","Customer Satisfaction","tenant_feedback_linked_to_damp.csv","No","tenantid","int64","219",""
"Tenant","Customer Satisfaction","tenant_feedback_linked_to_damp.csv","No","unresolved_flag","bool","False",""
"Tenant","Customer Satisfaction","tenant_feedback_master.csv","Yes","blockid","float64","21.0",""
"Tenant","Customer Satisfaction","tenant_feedback_master.csv","Yes","comments","object","Very satisfied",""
"Tenant","Customer Satisfaction","tenant_feedback_master.csv","Yes","damp_high_priority_flag","bool","False",""
"Tenant","Customer Satisfaction","tenant_feedback_master.csv","Yes","damp_incident_nearby","bool","False",""
"Tenant","Customer Satisfaction","tenant_feedback_master.csv","Yes","damp_unresolved_flag","bool","False",""
"Tenant","Customer Satisfaction","tenant_feedback_master.csv","Yes","date_diff","float64","(NA)",""
"Tenant","Customer Satisfaction","tenant_feedback_master.csv","Yes","estateid","float64","(NA)",""
"Tenant","Customer Satisfaction","tenant_feedback_master.csv","Yes","feedback_date","object","2025-01-23 11:55:30.127886",""
"Tenant","Customer Satisfaction","tenant_feedback_master.csv","Yes","feedback_id","int64","4","Master tenant details including demographics, contact, tenancy info."
"Tenant","Customer Satisfaction","tenant_feedback_master.csv","Yes","high_priority_flag","float64","(NA)",""
"Tenant","Customer Satisfaction","tenant_feedback_master.csv","Yes","humidity","float64","(NA)",""
"Tenant","Customer Satisfaction","tenant_feedback_master.csv","Yes","incident_source","float64","(NA)",""
"Tenant","Customer Satisfaction","tenant_feedback_master.csv","Yes","is_iot_alert","float64","(NA)",""
"Tenant","Customer Satisfaction","tenant_feedback_master.csv","Yes","patchid","int64","3",""
"Tenant","Customer Satisfaction","tenant_feedback_master.csv","Yes","property_age_years","int64","74",""
"Tenant","Customer Satisfaction","tenant_feedback_master.csv","Yes","propertyid","int64","395",""
"Tenant","Customer Satisfaction","tenant_feedback_master.csv","Yes","propertyid_damp","float64","(NA)",""
"Tenant","Customer Satisfaction","tenant_feedback_master.csv","Yes","propertytype","object","Flat",""
"Tenant","Customer Satisfaction","tenant_feedback_master.csv","Yes","reading_date","float64","(NA)",""
"Tenant","Customer Satisfaction","tenant_feedback_master.csv","Yes","repairid","int64","684",""
"Tenant","Customer Satisfaction","tenant_feedback_master.csv","Yes","repeat_incident_flag","float64","(NA)",""
"Tenant","Customer Satisfaction","tenant_feedback_master.csv","Yes","response_days","float64","(NA)",""
"Tenant","Customer Satisfaction","tenant_feedback_master.csv","Yes","satisfaction_score","int64","4",""
"Tenant","Customer Satisfaction","tenant_feedback_master.csv","Yes","simulated_satisfaction","float64","5.0",""
"Tenant","Customer Satisfaction","tenant_feedback_master.csv","Yes","temperature","float64","(NA)",""
"Tenant","Customer Satisfaction","tenant_feedback_master.csv","Yes","tenantid","int64","6",""
"Tenant","Customer Satisfaction","tenant_feedback_master.csv","Yes","unresolved_flag","float64","(NA)",""
"Tenant","Tenant Management","tenants_enriched.csv","No","age_of_tenant","int64","78",""
"Tenant","Tenant Management","tenants_enriched.csv","No","blockid","float64","21.0",""
"Tenant","Tenant Management","tenants_enriched.csv","No","contact_number","int64","7201710492",""
"Tenant","Tenant Management","tenants_enriched.csv","No","disability_flag","bool","False",""
"Tenant","Tenant Management","tenants_enriched.csv","No","email","object","tenant1@example.com",""
"Tenant","Tenant Management","tenants_enriched.csv","No","estateid","float64","(NA)",""
"Tenant","Tenant Management","tenants_enriched.csv","No","household_size","int64","2",""
"Tenant","Tenant Management","tenants_enriched.csv","No","income_band","object","<£15k",""
"Tenant","Tenant Management","tenants_enriched.csv","No","move_in_date","object","2018-12-24 08:40:37.449713",""
"Tenant","Tenant Management","tenants_enriched.csv","No","patchid","int64","1",""
"Tenant","Tenant Management","tenants_enriched.csv","No","property_age_years","int64","74",""
"Tenant","Tenant Management","tenants_enriched.csv","No","propertyid","int64","362",""
"Tenant","Tenant Management","tenants_enriched.csv","No","propertytype","object","House",""
"Tenant","Tenant Management","tenants_enriched.csv","No","tenancy_start_date","object","2015-10-27",""
"Tenant","Tenant Management","tenants_enriched.csv","No","tenancy_type","object","Introductory",""
"Tenant","Tenant Management","tenants_enriched.csv","No","tenant_name","object","Tenant 1",""
"Tenant","Tenant Management","tenants_enriched.csv","No","tenantid","int64","1","Tenant details (potentially subset or older version)."
"Tenant","Tenant Management","tenants_enriched.csv","No","vulnerability_flag","bool","False",""
"Tenant","Tenant Management","tenants_enriched_master.csv","Yes","age_of_tenant","int64","78",""
"Tenant","Tenant Management","tenants_enriched_master.csv","Yes","asbestos_high_risk","bool","False",""
"Tenant","Tenant Management","tenants_enriched_master.csv","Yes","benefit_status","object","Full Housing Benefit",""
"Tenant","Tenant Management","tenants_enriched_master.csv","Yes","blockid","float64","21.0",""
"Tenant","Tenant Management","tenants_enriched_master.csv","Yes","children_under_5","bool","False",""
"Tenant","Tenant Management","tenants_enriched_master.csv","Yes","complaints_made","int64","1",""
"Tenant","Tenant Management","tenants_enriched_master.csv","Yes","contact_number","int64","7201710492",""
"Tenant","Tenant Management","tenants_enriched_master.csv","Yes","disability_flag","bool","False",""
"Tenant","Tenant Management","tenants_enriched_master.csv","Yes","email","object","tenant1@example.com",""
"Tenant","Tenant Management","tenants_enriched_master.csv","Yes","epc_rating","object","D",""
"Tenant","Tenant Management","tenants_enriched_master.csv","Yes","estateid","float64","(NA)",""
"Tenant","Tenant Management","tenants_enriched_master.csv","Yes","household_size","int64","2",""
"Tenant","Tenant Management","tenants_enriched_master.csv","Yes","housing_need_type","object","Domestic Abuse",""
"Tenant","Tenant Management","tenants_enriched_master.csv","Yes","income_band","object","<£15k",""
"Tenant","Tenant Management","tenants_enriched_master.csv","Yes","is_void","bool","False",""
"Tenant","Tenant Management","tenants_enriched_master.csv","Yes","last_contact_date","object","2019-08-03",""
"Tenant","Tenant Management","tenants_enriched_master.csv","Yes","move_in_date","object","2018-12-24 08:40:37.449713",""
"Tenant","Tenant Management","tenants_enriched_master.csv","Yes","num_delayed_repairs","int64","2",""
"Tenant","Tenant Management","tenants_enriched_master.csv","Yes","patchid","int64","1",""
"Tenant","Tenant Management","tenants_enriched_master.csv","Yes","preferred_contact_method","object","Phone",""
"Tenant","Tenant Management","tenants_enriched_master.csv","Yes","preferred_language","object","English",""
"Tenant","Tenant Management","tenants_enriched_master.csv","Yes","property_age_years","int64","74",""
"Tenant","Tenant Management","tenants_enriched_master.csv","Yes","propertyid","int64","362",""
"Tenant","Tenant Management","tenants_enriched_master.csv","Yes","propertytype_x","object","House",""
"Tenant","Tenant Management","tenants_enriched_master.csv","Yes","propertytype_y","object","House",""
"Tenant","Tenant Management","tenants_enriched_master.csv","Yes","repair_related_contacts","float64","1.0",""
"Tenant","Tenant Management","tenants_enriched_master.csv","Yes","simulated_satisfaction","float64","4.1",""
"Tenant","Tenant Management","tenants_enriched_master.csv","Yes","support_plan_flag","bool","False",""
"Tenant","Tenant Management","tenants_enriched_master.csv","Yes","tenancy_start_date","object","2015-10-27",""
"Tenant","Tenant Management","tenants_enriched_master.csv","Yes","tenancy_type","object","Introductory",""
"Tenant","Tenant Management","tenants_enriched_master.csv","Yes","tenant_name","object","Tenant 1",""
"Tenant","Tenant Management","tenants_enriched_master.csv","Yes","tenantid","int64","1","Master tenant details including demographics, contact, tenancy info."
"Tenant","Tenant Management","tenants_enriched_master.csv","Yes","vulnerability_flag","bool","False",""
"Tenant","Tenant Management","tenants_enriched_with_children.csv","No","age_of_tenant","int64","78",""
"Tenant","Tenant Management","tenants_enriched_with_children.csv","No","asbestos_high_risk","bool","False",""
"Tenant","Tenant Management","tenants_enriched_with_children.csv","No","benefit_status","object","Full Housing Benefit",""
"Tenant","Tenant Management","tenants_enriched_with_children.csv","No","blockid","float64","21.0",""
"Tenant","Tenant Management","tenants_enriched_with_children.csv","No","children_under_5","bool","False",""
"Tenant","Tenant Management","tenants_enriched_with_children.csv","No","complaints_made","int64","1",""
"Tenant","Tenant Management","tenants_enriched_with_children.csv","No","contact_number","int64","7201710492",""
"Tenant","Tenant Management","tenants_enriched_with_children.csv","No","disability_flag","bool","False",""
"Tenant","Tenant Management","tenants_enriched_with_children.csv","No","email","object","tenant1@example.com",""
"Tenant","Tenant Management","tenants_enriched_with_children.csv","No","epc_rating","object","D",""
"Tenant","Tenant Management","tenants_enriched_with_children.csv","No","estateid","float64","(NA)",""
"Tenant","Tenant Management","tenants_enriched_with_children.csv","No","household_size","int64","2",""
"Tenant","Tenant Management","tenants_enriched_with_children.csv","No","housing_need_type","object","Domestic Abuse",""
"Tenant","Tenant Management","tenants_enriched_with_children.csv","No","income_band","object","<£15k",""
"Tenant","Tenant Management","tenants_enriched_with_children.csv","No","is_void","bool","False",""
"Tenant","Tenant Management","tenants_enriched_with_children.csv","No","last_contact_date","object","2019-08-03",""
"Tenant","Tenant Management","tenants_enriched_with_children.csv","No","move_in_date","object","2018-12-24 08:40:37.449713",""
"Tenant","Tenant Management","tenants_enriched_with_children.csv","No","num_delayed_repairs","int64","2",""
"Tenant","Tenant Management","tenants_enriched_with_children.csv","No","patchid","int64","1",""
"Tenant","Tenant Management","tenants_enriched_with_children.csv","No","preferred_contact_method","object","Phone",""
"Tenant","Tenant Management","tenants_enriched_with_children.csv","No","preferred_language","object","English",""
"Tenant","Tenant Management","tenants_enriched_with_children.csv","No","property_age_years","int64","74",""
"Tenant","Tenant Management","tenants_enriched_with_children.csv","No","propertyid","int64","362",""
"Tenant","Tenant Management","tenants_enriched_with_children.csv","No","propertytype_x","object","House",""
"Tenant","Tenant Management","tenants_enriched_with_children.csv","No","propertytype_y","object","House",""
"Tenant","Tenant Management","tenants_enriched_with_children.csv","No","repair_related_contacts","float64","1.0",""
"Tenant","Tenant Management","tenants_enriched_with_children.csv","No","simulated_satisfaction","float64","4.1",""
"Tenant","Tenant Management","tenants_enriched_with_children.csv","No","support_plan_flag","bool","False",""
"Tenant","Tenant Management","tenants_enriched_with_children.csv","No","tenancy_start_date","object","2015-10-27",""
"Tenant","Tenant Management","tenants_enriched_with_children.csv","No","tenancy_type","object","Introductory",""
"Tenant","Tenant Management","tenants_enriched_with_children.csv","No","tenant_name","object","Tenant 1",""
"Tenant","Tenant Management","tenants_enriched_with_children.csv","No","tenantid","int64","1","Tenant details (potentially subset or older version)."
"Tenant","Tenant Management","tenants_enriched_with_children.csv","No","vulnerability_flag","bool","False",""
"Tenant","Tenant Management","tenants_enriched_with_full_satisfaction.csv","No","age_of_tenant","int64","78",""
"Tenant","Tenant Management","tenants_enriched_with_full_satisfaction.csv","No","asbestos_high_risk","bool","False",""
"Tenant","Tenant Management","tenants_enriched_with_full_satisfaction.csv","No","benefit_status","object","Full Housing Benefit",""
"Tenant","Tenant Management","tenants_enriched_with_full_satisfaction.csv","No","blockid","float64","21.0",""
"Tenant","Tenant Management","tenants_enriched_with_full_satisfaction.csv","No","complaints_made","int64","1",""
"Tenant","Tenant Management","tenants_enriched_with_full_satisfaction.csv","No","contact_number","int64","7201710492",""
"Tenant","Tenant Management","tenants_enriched_with_full_satisfaction.csv","No","disability_flag","bool","False",""
"Tenant","Tenant Management","tenants_enriched_with_full_satisfaction.csv","No","email","object","tenant1@example.com",""
"Tenant","Tenant Management","tenants_enriched_with_full_satisfaction.csv","No","epc_rating","object","D",""
"Tenant","Tenant Management","tenants_enriched_with_full_satisfaction.csv","No","estateid","float64","(NA)",""
"Tenant","Tenant Management","tenants_enriched_with_full_satisfaction.csv","No","household_size","int64","2",""
"Tenant","Tenant Management","tenants_enriched_with_full_satisfaction.csv","No","housing_need_type","object","Domestic Abuse",""
"Tenant","Tenant Management","tenants_enriched_with_full_satisfaction.csv","No","income_band","object","<£15k",""
"Tenant","Tenant Management","tenants_enriched_with_full_satisfaction.csv","No","is_void","bool","False",""
"Tenant","Tenant Management","tenants_enriched_with_full_satisfaction.csv","No","last_contact_date","object","2019-08-03",""
"Tenant","Tenant Management","tenants_enriched_with_full_satisfaction.csv","No","move_in_date","object","2018-12-24 08:40:37.449713",""
"Tenant","Tenant Management","tenants_enriched_with_full_satisfaction.csv","No","num_delayed_repairs","int64","2",""
"Tenant","Tenant Management","tenants_enriched_with_full_satisfaction.csv","No","patchid","int64","1",""
"Tenant","Tenant Management","tenants_enriched_with_full_satisfaction.csv","No","preferred_contact_method","object","Phone",""
"Tenant","Tenant Management","tenants_enriched_with_full_satisfaction.csv","No","preferred_language","object","English",""
"Tenant","Tenant Management","tenants_enriched_with_full_satisfaction.csv","No","property_age_years","int64","74",""
"Tenant","Tenant Management","tenants_enriched_with_full_satisfaction.csv","No","propertyid","int64","362",""
"Tenant","Tenant Management","tenants_enriched_with_full_satisfaction.csv","No","propertytype_x","object","House",""
"Tenant","Tenant Management","tenants_enriched_with_full_satisfaction.csv","No","propertytype_y","object","House",""
"Tenant","Tenant Management","tenants_enriched_with_full_satisfaction.csv","No","repair_related_contacts","float64","1.0",""
"Tenant","Tenant Management","tenants_enriched_with_full_satisfaction.csv","No","simulated_satisfaction","float64","4.1",""
"Tenant","Tenant Management","tenants_enriched_with_full_satisfaction.csv","No","support_plan_flag","bool","False",""
"Tenant","Tenant Management","tenants_enriched_with_full_satisfaction.csv","No","tenancy_start_date","object","2015-10-27",""
"Tenant","Tenant Management","tenants_enriched_with_full_satisfaction.csv","No","tenancy_type","object","Introductory",""
"Tenant","Tenant Management","tenants_enriched_with_full_satisfaction.csv","No","tenant_name","object","Tenant 1",""
"Tenant","Tenant Management","tenants_enriched_with_full_satisfaction.csv","No","tenantid","int64","1","Tenant details (potentially subset or older version)."
"Tenant","Tenant Management","tenants_enriched_with_full_satisfaction.csv","No","vulnerability_flag","bool","False",""
"Tenant","Tenant Management","tenants_enriched_with_satisfaction.csv","No","age_of_tenant","int64","78",""
"Tenant","Tenant Management","tenants_enriched_with_satisfaction.csv","No","asbestos_high_risk","bool","False",""
"Tenant","Tenant Management","tenants_enriched_with_satisfaction.csv","No","benefit_status","object","Full Housing Benefit",""
"Tenant","Tenant Management","tenants_enriched_with_satisfaction.csv","No","blockid","float64","21.0",""
"Tenant","Tenant Management","tenants_enriched_with_satisfaction.csv","No","complaints_made","int64","1",""
"Tenant","Tenant Management","tenants_enriched_with_satisfaction.csv","No","contact_number","int64","7201710492",""
"Tenant","Tenant Management","tenants_enriched_with_satisfaction.csv","No","disability_flag","bool","False",""
"Tenant","Tenant Management","tenants_enriched_with_satisfaction.csv","No","email","object","tenant1@example.com",""
"Tenant","Tenant Management","tenants_enriched_with_satisfaction.csv","No","epc_rating","object","D",""
"Tenant","Tenant Management","tenants_enriched_with_satisfaction.csv","No","estateid","float64","(NA)",""
"Tenant","Tenant Management","tenants_enriched_with_satisfaction.csv","No","household_size","int64","2",""
"Tenant","Tenant Management","tenants_enriched_with_satisfaction.csv","No","housing_need_type","object","Domestic Abuse",""
"Tenant","Tenant Management","tenants_enriched_with_satisfaction.csv","No","income_band","object","<£15k",""
"Tenant","Tenant Management","tenants_enriched_with_satisfaction.csv","No","is_void","bool","False",""
"Tenant","Tenant Management","tenants_enriched_with_satisfaction.csv","No","last_contact_date","object","2019-08-03",""
"Tenant","Tenant Management","tenants_enriched_with_satisfaction.csv","No","move_in_date","object","2018-12-24 08:40:37.449713",""
"Tenant","Tenant Management","tenants_enriched_with_satisfaction.csv","No","patchid","int64","1",""
"Tenant","Tenant Management","tenants_enriched_with_satisfaction.csv","No","preferred_contact_method","object","Phone",""
"Tenant","Tenant Management","tenants_enriched_with_satisfaction.csv","No","preferred_language","object","English",""
"Tenant","Tenant Management","tenants_enriched_with_satisfaction.csv","No","property_age_years","int64","74",""
"Tenant","Tenant Management","tenants_enriched_with_satisfaction.csv","No","propertyid","int64","362",""
"Tenant","Tenant Management","tenants_enriched_with_satisfaction.csv","No","propertytype_x","object","House",""
"Tenant","Tenant Management","tenants_enriched_with_satisfaction.csv","No","propertytype_y","object","House",""
"Tenant","Tenant Management","tenants_enriched_with_satisfaction.csv","No","simulated_satisfaction","float64","4.0",""
"Tenant","Tenant Management","tenants_enriched_with_satisfaction.csv","No","support_plan_flag","bool","False",""
"Tenant","Tenant Management","tenants_enriched_with_satisfaction.csv","No","tenancy_start_date","object","2015-10-27",""
"Tenant","Tenant Management","tenants_enriched_with_satisfaction.csv","No","tenancy_type","object","Introductory",""
"Tenant","Tenant Management","tenants_enriched_with_satisfaction.csv","No","tenant_name","object","Tenant 1",""
"Tenant","Tenant Management","tenants_enriched_with_satisfaction.csv","No","tenantid","int64","1","Tenant details (potentially subset or older version)."
"Tenant","Tenant Management","tenants_enriched_with_satisfaction.csv","No","vulnerability_flag","bool","False",""
"Unknown","Property Management","imputed_master_properties_enriched.csv","Yes","accountableperson","float64","(NA)",""
"Unknown","Property Management","imputed_master_properties_enriched.csv","Yes","address","object","167 Pembridge Road, London",""
"Unknown","Property Management","imputed_master_properties_enriched.csv","Yes","asb_incidents","float64","(NA)",""
"Unknown","Property Management","imputed_master_properties_enriched.csv","Yes","avg_inspection_score","float64","0.0",""
"Unknown","Property Management","imputed_master_properties_enriched.csv","Yes","avg_repair_cost","float64","2576.7833333333333",""
"Unknown","Property Management","imputed_master_properties_enriched.csv","Yes","bedrooms","int64","3",""
"Unknown","Property Management","imputed_master_properties_enriched.csv","Yes","blockid","float64","1.0",""
"Unknown","Property Management","imputed_master_properties_enriched.csv","Yes","blockname","object","Block 1",""
"Unknown","Property Management","imputed_master_properties_enriched.csv","Yes","buildingregistrationdate","float64","(NA)",""
"Unknown","Property Management","imputed_master_properties_enriched.csv","Yes","buildingsafetymanager","float64","(NA)",""
"Unknown","Property Management","imputed_master_properties_enriched.csv","Yes","compliance_overdue_flag","bool","False",""
"Unknown","Property Management","imputed_master_properties_enriched.csv","Yes","compliance_status","object","Not Applicable",""
"Unknown","Property Management","imputed_master_properties_enriched.csv","Yes","coreid","float64","(NA)",""
"Unknown","Property Management","imputed_master_properties_enriched.csv","Yes","corename","float64","(NA)",""
"Unknown","Property Management","imputed_master_properties_enriched.csv","Yes","days_since_last_compliance_audit","float64","(NA)",""
"Unknown","Property Management","imputed_master_properties_enriched.csv","Yes","days_since_last_fire_assessment","float64","(NA)",""
"Unknown","Property Management","imputed_master_properties_enriched.csv","Yes","days_since_last_structural_inspection","float64","(NA)",""
"Unknown","Property Management","imputed_master_properties_enriched.csv","Yes","enforcementnotices","float64","(NA)",""
"Unknown","Property Management","imputed_master_properties_enriched.csv","Yes","estateid","float64","1.0",""
"Unknown","Property Management","imputed_master_properties_enriched.csv","Yes","estatename","object","Estate 1",""
"Unknown","Property Management","imputed_master_properties_enriched.csv","Yes","fire_risk_flag","bool","False",""
"Unknown","Property Management","imputed_master_properties_enriched.csv","Yes","firesafety_certificate_date","float64","(NA)",""
"Unknown","Property Management","imputed_master_properties_enriched.csv","Yes","gas_safety_certificate_date","float64","(NA)",""
"Unknown","Property Management","imputed_master_properties_enriched.csv","Yes","golden_thread","object","Not Required",""
"Unknown","Property Management","imputed_master_properties_enriched.csv","Yes","inspection_count","int64","5",""
"Unknown","Property Management","imputed_master_properties_enriched.csv","Yes","is_higher_risk","bool","False",""
"Unknown","Property Management","imputed_master_properties_enriched.csv","Yes","lastfireriskassessmentdate","float64","(NA)",""
"Unknown","Property Management","imputed_master_properties_enriched.csv","Yes","laststructuralinspectiondate","float64","(NA)",""
"Unknown","Property Management","imputed_master_properties_enriched.csv","Yes","num_floors","float64","(NA)",""
"Unknown","Property Management","imputed_master_properties_enriched.csv","Yes","patch_id","float64","7.0",""
"Unknown","Property Management","imputed_master_properties_enriched.csv","Yes","patchid","float64","7.0",""
"Unknown","Property Management","imputed_master_properties_enriched.csv","Yes","property_age_years","float64","31.0",""
"Unknown","Property Management","imputed_master_properties_enriched.csv","Yes","propertyid","int64","1","Purpose needs review."
"Unknown","Property Management","imputed_master_properties_enriched.csv","Yes","propertytype","object","Flat",""
"Unknown","Property Management","imputed_master_properties_enriched.csv","Yes","region_id","float64","(NA)",""
"Unknown","Property Management","imputed_master_properties_enriched.csv","Yes","safetycasereportdate","float64","(NA)",""
"Unknown","Property Management","imputed_master_properties_enriched.csv","Yes","total_repairs","float64","5.0",""
"Unknown","Property Management","properties_enriched.csv","No","accountableperson","float64","(NA)",""
"Unknown","Property Management","properties_enriched.csv","No","address","object","167 Pembridge Road, London",""
"Unknown","Property Management","properties_enriched.csv","No","asbestos_high_risk","bool","False",""
"Unknown","Property Management","properties_enriched.csv","No","asbestos_present","bool","False",""
"Unknown","Property Management","properties_enriched.csv","No","bedrooms","int64","3",""
"Unknown","Property Management","properties_enriched.csv","No","blockid","float64","1.0",""
"Unknown","Property Management","properties_enriched.csv","No","blockname","object","Block 1",""
"Unknown","Property Management","properties_enriched.csv","No","buildingregistrationdate","float64","(NA)",""
"Unknown","Property Management","properties_enriched.csv","No","buildingsafetymanager","float64","(NA)",""
"Unknown","Property Management","properties_enriched.csv","No","compliance_status","object","Not Applicable",""
"Unknown","Property Management","properties_enriched.csv","No","coreid","float64","(NA)",""
"Unknown","Property Management","properties_enriched.csv","No","corename","float64","(NA)",""
"Unknown","Property Management","properties_enriched.csv","No","electrical_safety_certified","bool","True",""
"Unknown","Property Management","properties_enriched.csv","No","enforcementnotices","float64","(NA)",""
"Unknown","Property Management","properties_enriched.csv","No","epc_rating","object","D",""
"Unknown","Property Management","properties_enriched.csv","No","estateid","float64","1.0",""
"Unknown","Property Management","properties_enriched.csv","No","estatename","object","Estate 1",""
"Unknown","Property Management","properties_enriched.csv","No","firesafety_certificate_date","float64","(NA)",""
"Unknown","Property Management","properties_enriched.csv","No","gas_safety_certificate_date","float64","(NA)",""
"Unknown","Property Management","properties_enriched.csv","No","gas_safety_certified","bool","True",""
"Unknown","Property Management","properties_enriched.csv","No","golden_thread","object","Not Required",""
"Unknown","Property Management","properties_enriched.csv","No","is_higher_risk","bool","False",""
"Unknown","Property Management","properties_enriched.csv","No","is_void","bool","False",""
"Unknown","Property Management","properties_enriched.csv","No","lastfireriskassessmentdate","float64","(NA)",""
"Unknown","Property Management","properties_enriched.csv","No","laststructuralinspectiondate","float64","(NA)",""
"Unknown","Property Management","properties_enriched.csv","No","num_floors","float64","(NA)",""
"Unknown","Property Management","properties_enriched.csv","No","ownership_type","object","General Needs Rent",""
"Unknown","Property Management","properties_enriched.csv","No","property_age_years","float64","31.0",""
"Unknown","Property Management","properties_enriched.csv","No","propertyid","int64","1","Purpose needs review."
"Unknown","Property Management","properties_enriched.csv","No","propertytype","object","Flat",""
"Unknown","Property Management","properties_enriched.csv","No","safetycasereportdate","float64","(NA)",""
"Unknown","Property Management","properties_enriched.csv","No","uprn","int64","342319992484",""
"Unknown","Property Management","properties_master.csv","No","accountableperson","float64","(NA)",""
"Unknown","Property Management","properties_master.csv","No","address","object","167 Pembridge Road, London",""
"Unknown","Property Management","properties_master.csv","No","asbestos_high_risk","bool","False",""
"Unknown","Property Management","properties_master.csv","No","asbestos_present","bool","False",""
"Unknown","Property Management","properties_master.csv","No","bedrooms","int64","3",""
"Unknown","Property Management","properties_master.csv","No","blockid","float64","1.0",""
"Unknown","Property Management","properties_master.csv","No","blockname","object","Block 1",""
"Unknown","Property Management","properties_master.csv","No","buildingregistrationdate","float64","(NA)",""
"Unknown","Property Management","properties_master.csv","No","buildingsafetymanager","float64","(NA)",""
"Unknown","Property Management","properties_master.csv","No","compliance_status","object","Not Applicable",""
"Unknown","Property Management","properties_master.csv","No","coreid","float64","(NA)",""
"Unknown","Property Management","properties_master.csv","No","corename","float64","(NA)",""
"Unknown","Property Management","properties_master.csv","No","electrical_safety_certified","bool","True",""
"Unknown","Property Management","properties_master.csv","No","enforcementnotices","float64","(NA)",""
"Unknown","Property Management","properties_master.csv","No","epc_rating","object","D",""
"Unknown","Property Management","properties_master.csv","No","estateid","float64","1.0",""
"Unknown","Property Management","properties_master.csv","No","estatename","object","Estate 1",""
"Unknown","Property Management","properties_master.csv","No","firesafety_certificate_date","float64","(NA)",""
"Unknown","Property Management","properties_master.csv","No","gas_safety_certificate_date","float64","(NA)",""
"Unknown","Property Management","properties_master.csv","No","gas_safety_certified","bool","True",""
"Unknown","Property Management","properties_master.csv","No","golden_thread","object","Not Required",""
"Unknown","Property Management","properties_master.csv","No","is_higher_risk","bool","False",""
"Unknown","Property Management","properties_master.csv","No","is_void","bool","False",""
"Unknown","Property Management","properties_master.csv","No","lastfireriskassessmentdate","float64","(NA)",""
"Unknown","Property Management","properties_master.csv","No","laststructuralinspectiondate","float64","(NA)",""
"Unknown","Property Management","properties_master.csv","No","num_floors","float64","(NA)",""
"Unknown","Property Management","properties_master.csv","No","ownership_type","object","General Needs Rent",""
"Unknown","Property Management","properties_master.csv","No","property_age_years","float64","31.0",""
"Unknown","Property Management","properties_master.csv","No","propertyid","int64","1","Purpose needs review."
"Unknown","Property Management","properties_master.csv","No","propertytype","object","Flat",""
"Unknown","Property Management","properties_master.csv","No","safetycasereportdate","float64","(NA)",""
"Unknown","Property Management","properties_master.csv","No","uprn","int64","342319992484",""
"Unknown","Property Management","properties_updated.csv","No","accountableperson","float64","(NA)",""
"Unknown","Property Management","properties_updated.csv","No","address","object","167 Pembridge Road, London",""
"Unknown","Property Management","properties_updated.csv","No","bedrooms","int64","3",""
"Unknown","Property Management","properties_updated.csv","No","blockid","float64","1.0",""
"Unknown","Property Management","properties_updated.csv","No","blockname","object","Block 1",""
"Unknown","Property Management","properties_updated.csv","No","buildingregistrationdate","float64","(NA)",""
"Unknown","Property Management","properties_updated.csv","No","buildingsafetymanager","float64","(NA)",""
"Unknown","Property Management","properties_updated.csv","No","compliance_status","object","Not Applicable",""
"Unknown","Property Management","properties_updated.csv","No","coreid","float64","(NA)",""
"Unknown","Property Management","properties_updated.csv","No","corename","float64","(NA)",""
"Unknown","Property Management","properties_updated.csv","No","enforcementnotices","float64","(NA)",""
"Unknown","Property Management","properties_updated.csv","No","estateid","float64","1.0",""
"Unknown","Property Management","properties_updated.csv","No","estatename","object","Estate 1",""
"Unknown","Property Management","properties_updated.csv","No","firesafety_certificate_date","float64","(NA)",""
"Unknown","Property Management","properties_updated.csv","No","gas_safety_certificate_date","float64","(NA)",""
"Unknown","Property Management","properties_updated.csv","No","golden_thread","object","Not Required",""
"Unknown","Property Management","properties_updated.csv","No","is_higher_risk","bool","False",""
"Unknown","Property Management","properties_updated.csv","No","lastfireriskassessmentdate","float64","(NA)",""
"Unknown","Property Management","properties_updated.csv","No","laststructuralinspectiondate","float64","(NA)",""
"Unknown","Property Management","properties_updated.csv","No","num_floors","float64","(NA)",""
"Unknown","Property Management","properties_updated.csv","No","property_age_years","float64","31.0",""
"Unknown","Property Management","properties_updated.csv","No","propertyid","int64","1","Purpose needs review."
"Unknown","Property Management","properties_updated.csv","No","propertytype","object","Flat",""
"Unknown","Property Management","properties_updated.csv","No","safetycasereportdate","float64","(NA)",""
"Unknown","Property Management","properties_updated.csv","No","uprn","int64","342319992484",""
