propertyid,reading_date,humidity,temperature,incident_source,is_iot_alert,unresolved_flag,response_days,repeat_incident_flag,high_priority_flag
337,2020-01-07 00:00:00.000000,,,Repair Report,False,False,0,False,False
77,2020-01-12 00:00:00.000000,,,Repair Report,False,False,0,False,False
301,2020-01-16 00:00:00.000000,,,Repair Report,False,False,0,False,False
329,2020-01-19 00:00:00.000000,,,Repair Report,False,False,0,False,False
358,2020-01-19 00:00:00.000000,,,Repair Report,False,False,0,False,False
240,2020-01-22 00:00:00.000000,,,Repair Report,False,False,0,False,False
78,2020-01-25 00:00:00.000000,,,Repair Report,False,False,0,False,False
392,2020-03-03 00:00:00.000000,,,Repair Report,False,False,0,False,False
485,2020-03-06 00:00:00.000000,,,Repair Report,False,False,0,False,False
476,2020-03-07 00:00:00.000000,,,Repair Report,False,False,0,False,False
447,2020-03-13 00:00:00.000000,,,Repair Report,False,False,0,False,False
230,2020-03-27 00:00:00.000000,,,Repair Report,False,False,0,False,False
263,2020-04-08 00:00:00.000000,,,Repair Report,False,False,0,False,False
182,2020-04-10 00:00:00.000000,,,Repair Report,False,False,0,False,False
240,2020-04-21 00:00:00.000000,,,Repair Report,False,False,0,False,False
246,2020-04-22 00:00:00.000000,,,Repair Report,False,False,0,False,False
382,2020-04-29 00:00:00.000000,,,Repair Report,False,False,0,False,False
239,2020-05-03 00:00:00.000000,,,Repair Report,False,False,0,False,False
388,2020-05-06 00:00:00.000000,,,Repair Report,False,False,0,False,False
61,2020-05-07 00:00:00.000000,,,Repair Report,False,False,0,False,False
168,2020-05-21 00:00:00.000000,,,Repair Report,False,False,0,False,False
298,2020-06-09 00:00:00.000000,,,Repair Report,False,False,0,False,False
69,2020-06-09 00:00:00.000000,,,Repair Report,False,False,0,False,False
7,2020-06-11 00:00:00.000000,,,Repair Report,False,False,0,False,False
385,2020-06-12 00:00:00.000000,,,Repair Report,False,False,0,False,False
455,2020-07-20 00:00:00.000000,,,Repair Report,False,False,0,False,False
381,2020-07-21 00:00:00.000000,,,Repair Report,False,False,0,False,False
119,2020-07-27 00:00:00.000000,,,Repair Report,False,False,0,False,False
211,2020-08-08 00:00:00.000000,,,Repair Report,False,False,0,False,False
480,2020-08-20 00:00:00.000000,,,Repair Report,False,False,0,False,False
307,2020-08-27 00:00:00.000000,,,Repair Report,False,False,0,False,False
305,2020-09-02 00:00:00.000000,,,Repair Report,False,False,0,False,False
101,2020-09-07 00:00:00.000000,,,Repair Report,False,False,0,False,False
197,2020-09-17 00:00:00.000000,,,Repair Report,False,False,0,False,False
260,2020-09-18 00:00:00.000000,,,Repair Report,False,False,0,False,False
469,2020-10-02 00:00:00.000000,,,Repair Report,False,False,0,False,False
343,2020-10-05 00:00:00.000000,,,Repair Report,False,False,0,False,False
203,2020-10-20 00:00:00.000000,,,Repair Report,False,False,0,False,False
488,2020-10-23 00:00:00.000000,,,Repair Report,False,False,0,False,False
245,2020-11-08 00:00:00.000000,,,Repair Report,False,False,0,False,False
168,2020-11-08 00:00:00.000000,,,Repair Report,False,False,0,False,False
136,2020-11-29 00:00:00.000000,,,Repair Report,False,False,0,False,False
494,2020-12-01 00:00:00.000000,,,Repair Report,False,False,0,False,False
492,2020-12-07 00:00:00.000000,,,Repair Report,False,False,0,False,False
474,2020-12-09 00:00:00.000000,,,Repair Report,False,False,0,False,False
248,2020-12-17 00:00:00.000000,,,Repair Report,False,False,0,False,False
453,2020-12-18 00:00:00.000000,,,Repair Report,False,False,0,False,False
111,2020-12-27 00:00:00.000000,,,Repair Report,False,False,0,False,False
421,2021-01-15 00:00:00.000000,,,Repair Report,False,False,0,False,False
199,2021-01-18 00:00:00.000000,,,Repair Report,False,False,0,False,False
255,2021-02-04 00:00:00.000000,,,Repair Report,False,False,0,False,False
115,2021-02-21 00:00:00.000000,,,Repair Report,False,False,0,False,False
295,2021-03-11 00:00:00.000000,,,Repair Report,False,False,0,False,False
465,2021-03-17 00:00:00.000000,,,Repair Report,False,False,0,False,False
298,2021-03-20 00:00:00.000000,,,Repair Report,False,False,0,False,False
496,2021-03-24 00:00:00.000000,,,Repair Report,False,False,0,False,False
312,2021-03-29 00:00:00.000000,,,Repair Report,False,False,0,False,False
278,2021-03-30 00:00:00.000000,,,Repair Report,False,False,0,False,False
495,2021-04-07 00:00:00.000000,,,Repair Report,False,False,0,False,False
409,2021-04-10 00:00:00.000000,,,Repair Report,False,False,0,False,False
246,2021-04-25 00:00:00.000000,,,Repair Report,False,False,0,False,False
195,2021-04-25 00:00:00.000000,,,Repair Report,False,False,0,False,False
233,2021-04-30 00:00:00.000000,,,Repair Report,False,False,0,False,False
466,2021-05-07 00:00:00.000000,,,Repair Report,False,False,0,False,False
97,2021-05-08 00:00:00.000000,,,Repair Report,False,False,0,False,False
480,2021-05-11 00:00:00.000000,,,Repair Report,False,False,0,False,False
211,2021-05-29 00:00:00.000000,,,Repair Report,False,False,0,False,False
95,2021-06-13 00:00:00.000000,,,Repair Report,False,False,0,False,False
126,2021-06-15 00:00:00.000000,,,Repair Report,False,False,0,False,False
207,2021-06-16 00:00:00.000000,,,Repair Report,False,False,0,False,False
304,2021-06-16 00:00:00.000000,,,Repair Report,False,False,0,False,False
196,2021-06-19 00:00:00.000000,,,Repair Report,False,False,0,False,False
26,2021-06-23 00:00:00.000000,,,Repair Report,False,False,0,False,False
60,2021-07-01 00:00:00.000000,,,Repair Report,False,False,0,False,False
214,2021-07-03 00:00:00.000000,,,Repair Report,False,False,0,False,False
346,2021-07-06 00:00:00.000000,,,Repair Report,False,False,0,False,False
498,2021-07-14 00:00:00.000000,,,Repair Report,False,False,0,False,False
46,2021-07-15 00:00:00.000000,,,Repair Report,False,False,0,False,False
490,2021-07-19 00:00:00.000000,,,Repair Report,False,False,0,False,False
177,2021-08-12 00:00:00.000000,,,Repair Report,False,False,0,False,False
305,2021-08-13 00:00:00.000000,,,Repair Report,False,False,0,False,False
273,2021-08-16 00:00:00.000000,,,Repair Report,False,False,0,False,False
91,2021-08-16 00:00:00.000000,,,Repair Report,False,False,0,False,False
393,2021-08-20 00:00:00.000000,,,Repair Report,False,False,0,False,False
130,2021-08-26 00:00:00.000000,,,Repair Report,False,False,0,False,False
304,2021-08-27 00:00:00.000000,,,Repair Report,False,False,0,False,False
97,2021-09-01 00:00:00.000000,,,Repair Report,False,False,0,False,False
166,2021-09-19 00:00:00.000000,,,Repair Report,False,False,0,False,False
417,2021-09-20 00:00:00.000000,,,Repair Report,False,False,0,False,False
42,2021-10-01 00:00:00.000000,,,Repair Report,False,False,0,False,False
317,2021-10-27 00:00:00.000000,,,Repair Report,False,False,0,False,False
270,2021-10-30 00:00:00.000000,,,Repair Report,False,False,0,False,False
498,2021-11-08 00:00:00.000000,,,Repair Report,False,False,0,False,False
376,2021-11-28 00:00:00.000000,,,Repair Report,False,False,0,False,False
83,2021-11-30 00:00:00.000000,,,Repair Report,False,False,0,False,False
417,2021-12-08 00:00:00.000000,,,Repair Report,False,False,0,False,False
322,2021-12-08 00:00:00.000000,,,Repair Report,False,False,0,False,False
113,2021-12-09 00:00:00.000000,,,Repair Report,False,False,0,False,False
328,2021-12-13 00:00:00.000000,,,Repair Report,False,False,0,False,False
16,2021-12-26 00:00:00.000000,,,Repair Report,False,False,0,False,False
338,2021-12-28 00:00:00.000000,,,Repair Report,False,False,0,False,False
401,2022-02-04 00:00:00.000000,,,Repair Report,False,False,0,False,False
228,2022-02-05 00:00:00.000000,,,Repair Report,False,False,0,False,False
191,2022-02-07 00:00:00.000000,,,Repair Report,False,False,0,False,False
256,2022-02-09 00:00:00.000000,,,Repair Report,False,False,0,False,False
465,2022-02-11 00:00:00.000000,,,Repair Report,False,False,0,False,False
295,2022-02-12 00:00:00.000000,,,Repair Report,False,False,0,False,False
40,2022-02-23 00:00:00.000000,,,Repair Report,False,False,0,False,False
87,2022-02-27 00:00:00.000000,,,Repair Report,False,False,0,False,False
193,2022-02-28 00:00:00.000000,,,Repair Report,False,False,0,False,False
75,2022-03-23 00:00:00.000000,,,Repair Report,False,False,0,False,False
139,2022-03-30 00:00:00.000000,,,Repair Report,False,False,0,False,False
487,2022-03-30 00:00:00.000000,,,Repair Report,False,False,0,False,False
383,2022-04-11 00:00:00.000000,,,Repair Report,False,False,0,False,False
496,2022-04-22 00:00:00.000000,,,Repair Report,False,False,0,False,False
293,2022-04-25 00:00:00.000000,,,Repair Report,False,False,0,False,False
292,2022-06-17 00:00:00.000000,,,Repair Report,False,False,0,False,False
437,2022-06-21 00:00:00.000000,,,Repair Report,False,False,0,False,False
347,2022-06-24 00:00:00.000000,,,Repair Report,False,False,0,False,False
89,2022-06-25 00:00:00.000000,,,Repair Report,False,False,0,False,False
199,2022-06-26 00:00:00.000000,,,Repair Report,False,False,0,False,False
173,2022-07-05 00:00:00.000000,,,Repair Report,False,False,0,False,False
454,2022-07-11 00:00:00.000000,,,Repair Report,False,False,0,False,False
313,2022-07-13 00:00:00.000000,,,Repair Report,False,False,0,False,False
425,2022-07-22 00:00:00.000000,,,Repair Report,False,False,0,False,False
142,2022-07-29 00:00:00.000000,,,Repair Report,False,False,0,False,False
250,2022-08-02 00:00:00.000000,,,Repair Report,False,False,0,False,False
402,2022-08-08 00:00:00.000000,,,Repair Report,False,False,0,False,False
404,2022-08-20 00:00:00.000000,,,Repair Report,False,False,0,False,False
225,2022-08-23 00:00:00.000000,,,Repair Report,False,False,0,False,False
200,2022-08-28 00:00:00.000000,,,Repair Report,False,False,0,False,False
119,2022-08-31 00:00:00.000000,,,Repair Report,False,False,0,False,False
238,2022-09-18 00:00:00.000000,,,Repair Report,False,False,0,False,False
155,2022-09-23 00:00:00.000000,,,Repair Report,False,False,0,False,False
276,2022-09-26 00:00:00.000000,,,Repair Report,False,False,0,False,False
216,2025-03-18 12:55:30.359483,71.1,12.4,IoT Alert,True,True,14,True,False
157,2025-03-18 14:55:30.359483,71.9,15.9,IoT Alert,True,False,7,False,False
85,2025-03-18 14:55:30.359483,75.8,10.8,IoT Alert,True,False,0,False,False
297,2025-03-18 15:55:30.359483,71.7,14.5,IoT Alert,True,True,7,False,False
167,2025-03-18 15:55:30.359483,76.2,15.7,IoT Alert,True,False,60,False,False
497,2025-03-18 19:55:30.359483,72.2,15.1,IoT Alert,True,False,0,False,False
126,2025-03-18 19:55:30.359483,72.6,12.2,IoT Alert,True,True,7,True,False
467,2025-03-18 20:55:30.359483,70.2,12.1,IoT Alert,True,True,7,True,False
180,2025-03-18 21:55:30.359483,74.3,13.3,IoT Alert,True,True,14,True,False
87,2025-03-18 22:55:30.359483,71.3,15.8,IoT Alert,True,True,90,False,False
417,2025-03-18 23:55:30.359483,70.9,15.9,IoT Alert,True,True,7,False,False
450,2025-03-19 00:55:30.359483,70.8,15.7,IoT Alert,True,False,7,False,False
112,2025-03-19 00:55:30.359483,74.6,15.8,IoT Alert,True,False,30,False,False
67,2025-03-19 02:55:30.359483,73.7,14.9,IoT Alert,True,True,14,False,False
444,2025-03-19 02:55:30.359483,75.1,15.1,IoT Alert,True,True,7,False,False
173,2025-03-19 02:55:30.359483,77.2,13.4,IoT Alert,True,False,14,False,False
288,2025-03-19 03:55:30.359483,72.8,13.8,IoT Alert,True,True,0,True,False
296,2025-03-19 04:55:30.359483,71.2,14.0,IoT Alert,True,True,0,True,False
331,2025-03-19 04:55:30.359483,70.6,15.2,IoT Alert,True,True,14,True,False
224,2025-03-19 06:55:30.359483,74.5,14.5,IoT Alert,True,False,14,False,False
145,2025-03-19 07:55:30.359483,71.5,15.9,IoT Alert,True,True,90,False,False
148,2025-03-19 07:55:30.359483,75.6,12.1,IoT Alert,True,False,7,False,False
60,2025-03-19 08:55:30.359483,71.8,11.9,IoT Alert,True,False,14,False,False
331,2025-03-19 10:55:30.359483,73.7,15.1,IoT Alert,True,True,30,True,False
301,2025-03-19 12:55:30.359483,75.3,15.6,IoT Alert,True,False,0,False,False
14,2025-03-19 12:55:30.359483,74.3,14.9,IoT Alert,True,True,30,True,False
233,2025-03-19 15:55:30.359483,82.0,12.4,IoT Alert,True,False,0,False,False
43,2025-03-19 18:55:30.359483,73.7,10.5,IoT Alert,True,False,90,False,False
162,2025-03-19 19:55:30.359483,72.6,13.5,IoT Alert,True,False,0,False,False
311,2025-03-19 19:55:30.359483,75.3,12.0,IoT Alert,True,True,14,True,False
418,2025-03-19 19:55:30.359483,73.4,14.6,IoT Alert,True,False,0,False,False
69,2025-03-19 20:55:30.359483,70.2,15.6,IoT Alert,True,True,90,False,False
331,2025-03-19 20:55:30.359483,73.1,13.5,IoT Alert,True,True,14,False,False
309,2025-03-19 22:55:30.359483,74.0,15.2,IoT Alert,True,True,14,True,False
96,2025-03-20 00:55:30.359483,71.4,10.6,IoT Alert,True,False,0,False,False
370,2025-03-20 02:55:30.359483,82.6,14.6,IoT Alert,True,False,30,False,False
248,2025-03-20 04:55:30.359483,76.8,15.0,IoT Alert,True,True,7,True,False
42,2025-03-20 05:55:30.359483,74.0,13.5,IoT Alert,True,False,60,False,False
37,2025-03-20 05:55:30.359483,72.0,15.5,IoT Alert,True,True,7,True,False
333,2025-03-20 09:55:30.359483,78.8,14.9,IoT Alert,True,False,0,False,False
262,2025-03-20 10:55:30.359483,84.5,13.5,IoT Alert,True,True,0,False,False
433,2025-03-20 11:55:30.359483,70.2,12.5,IoT Alert,True,False,14,False,False
313,2025-03-20 11:55:30.359483,71.5,15.1,IoT Alert,True,True,14,False,False
19,2025-03-20 11:55:30.359483,74.1,14.0,IoT Alert,True,False,0,False,False
215,2025-03-20 12:55:30.359483,77.6,15.7,IoT Alert,True,True,30,True,False
307,2025-03-20 13:55:30.359483,71.7,14.3,IoT Alert,True,True,14,False,False
429,2025-03-20 15:55:30.359483,73.5,9.7,IoT Alert,True,True,14,True,False
429,2025-03-20 16:55:30.359483,71.8,13.3,IoT Alert,True,False,14,False,False
25,2025-03-20 16:55:30.359483,70.4,13.8,IoT Alert,True,False,14,False,False
470,2025-03-20 17:55:30.359483,73.4,14.0,IoT Alert,True,True,14,False,False
163,2025-03-20 17:55:30.359483,73.3,14.8,IoT Alert,True,False,0,False,False
85,2025-03-20 21:55:30.359483,70.7,13.7,IoT Alert,True,False,0,False,False
39,2025-03-20 22:55:30.359483,70.9,13.8,IoT Alert,True,False,60,False,False
322,2025-03-20 22:55:30.359483,73.9,14.0,IoT Alert,True,False,90,False,False
309,2025-03-20 22:55:30.359483,70.9,10.8,IoT Alert,True,True,7,False,False
68,2025-03-20 23:55:30.359483,70.7,14.6,IoT Alert,True,True,7,False,False
343,2025-03-21 03:55:30.359483,79.8,12.3,IoT Alert,True,False,30,False,False
134,2025-03-21 03:55:30.359483,75.4,13.8,IoT Alert,True,False,14,False,False
147,2025-03-21 06:55:30.359483,71.5,15.1,IoT Alert,True,False,0,False,False
232,2025-03-21 06:55:30.359483,72.5,14.4,IoT Alert,True,True,0,False,False
254,2025-03-21 09:55:30.359483,74.1,11.5,IoT Alert,True,True,30,True,False
303,2025-03-21 11:55:30.359483,71.9,15.5,IoT Alert,True,False,30,False,False
444,2025-03-21 11:55:30.359483,70.2,15.9,IoT Alert,True,False,0,False,False
214,2025-03-21 11:55:30.359483,79.0,15.5,IoT Alert,True,False,7,False,False
155,2025-03-21 15:55:30.359483,74.5,15.1,IoT Alert,True,False,7,False,False
76,2025-03-21 15:55:30.359483,71.4,12.7,IoT Alert,True,False,30,False,False
156,2025-03-21 16:55:30.359483,71.0,15.0,IoT Alert,True,True,0,True,False
231,2025-03-21 17:55:30.359483,70.9,13.2,IoT Alert,True,True,0,False,False
133,2025-03-21 17:55:30.359483,72.8,13.6,IoT Alert,True,False,30,False,False
67,2025-03-21 17:55:30.359483,70.2,12.1,IoT Alert,True,False,0,False,False
264,2025-03-21 18:55:30.359483,70.7,14.7,IoT Alert,True,True,30,True,False
265,2025-03-21 19:55:30.359483,71.0,14.5,IoT Alert,True,True,7,False,False
112,2025-03-21 21:55:30.359483,73.8,12.8,IoT Alert,True,False,0,False,False
456,2025-03-21 21:55:30.359483,70.5,14.1,IoT Alert,True,True,7,False,False
241,2025-03-21 22:55:30.359483,70.1,11.6,IoT Alert,True,True,30,True,False
30,2025-03-21 22:55:30.359483,70.6,15.6,IoT Alert,True,False,60,False,False
22,2025-03-21 23:55:30.359483,79.6,13.5,IoT Alert,True,False,60,False,False
435,2025-03-22 00:55:30.359483,71.9,14.8,IoT Alert,True,False,7,False,False
105,2025-03-22 01:55:30.359483,70.4,15.0,IoT Alert,True,True,30,True,False
126,2025-03-22 02:55:30.359483,70.4,14.6,IoT Alert,True,False,7,False,False
88,2025-03-22 03:55:30.359483,72.0,12.7,IoT Alert,True,True,7,False,False
490,2025-03-22 07:55:30.359483,71.4,15.5,IoT Alert,True,True,60,False,False
412,2025-03-22 07:55:30.359483,79.0,15.0,IoT Alert,True,False,0,False,False
272,2025-03-22 14:55:30.359483,74.3,14.1,IoT Alert,True,False,0,False,False
212,2025-03-22 15:55:30.359483,81.2,15.7,IoT Alert,True,False,7,False,False
53,2025-03-22 15:55:30.359483,71.4,13.5,IoT Alert,True,False,0,False,False
209,2025-03-22 16:55:30.359483,70.2,13.4,IoT Alert,True,False,0,False,False
438,2025-03-22 16:55:30.359483,75.1,10.5,IoT Alert,True,True,14,False,False
348,2025-03-22 17:55:30.359483,71.6,15.6,IoT Alert,True,True,14,True,False
35,2025-03-22 18:55:30.359483,71.7,15.9,IoT Alert,True,True,60,False,False
10,2025-03-22 19:55:30.359483,70.6,12.0,IoT Alert,True,True,60,True,False
232,2025-03-22 21:55:30.359483,76.5,15.7,IoT Alert,True,False,7,False,False
465,2025-03-22 22:55:30.359483,74.3,13.7,IoT Alert,True,True,7,False,False
3,2025-03-23 01:55:30.359483,70.5,13.8,IoT Alert,True,False,7,False,False
69,2025-03-23 06:55:30.359483,75.0,15.4,IoT Alert,True,False,14,False,False
60,2025-03-23 08:55:30.359483,76.8,15.9,IoT Alert,True,False,7,False,False
476,2025-03-23 09:55:30.359483,73.5,14.6,IoT Alert,True,False,30,False,False
119,2025-03-23 10:55:30.359483,75.5,15.5,IoT Alert,True,False,14,False,False
428,2025-03-23 12:55:30.359483,76.3,13.0,IoT Alert,True,True,14,False,False
61,2025-03-23 13:55:30.359483,78.8,12.0,IoT Alert,True,True,14,True,False
311,2025-03-23 14:55:30.359483,74.5,15.6,IoT Alert,True,False,7,False,False
1,2025-03-23 15:55:30.359483,75.2,14.8,IoT Alert,True,True,90,True,False
451,2025-03-23 18:55:30.359483,71.2,15.7,IoT Alert,True,True,30,False,False
453,2025-03-23 20:55:30.359483,74.4,15.3,IoT Alert,True,False,0,False,False
126,2025-03-23 22:55:30.359483,79.7,12.9,IoT Alert,True,True,60,True,False
371,2025-03-24 01:55:30.359483,71.8,12.7,IoT Alert,True,False,14,False,False
442,2025-03-24 02:55:30.359483,74.1,15.9,IoT Alert,True,False,60,False,False
30,2025-03-24 03:55:30.359483,71.1,14.9,IoT Alert,True,False,30,False,False
479,2025-03-24 03:55:30.359483,81.2,13.4,IoT Alert,True,True,14,False,False
280,2025-03-24 03:55:30.359483,70.1,13.2,IoT Alert,True,True,0,True,False
250,2025-03-24 04:55:30.359483,70.5,13.9,IoT Alert,True,False,7,False,False
246,2025-03-24 05:55:30.359483,72.1,15.3,IoT Alert,True,True,14,True,False
453,2025-03-24 05:55:30.359483,81.9,12.4,IoT Alert,True,False,30,False,False
242,2025-03-24 07:55:30.359483,74.5,13.5,IoT Alert,True,False,7,False,False
248,2025-03-24 08:55:30.359483,74.4,15.9,IoT Alert,True,False,0,False,False
32,2025-03-24 09:55:30.359483,70.9,11.4,IoT Alert,True,True,60,False,False
367,2025-03-24 09:55:30.359483,73.2,15.7,IoT Alert,True,True,90,True,False
448,2025-03-24 10:55:30.359483,71.3,14.5,IoT Alert,True,False,14,False,False
167,2025-03-24 13:55:30.359483,82.6,13.6,IoT Alert,True,True,0,False,False
162,2025-03-24 15:55:30.359483,70.3,15.5,IoT Alert,True,True,7,False,False
381,2025-03-24 15:55:30.359483,71.0,15.4,IoT Alert,True,False,0,False,False
255,2025-03-24 16:55:30.359483,73.1,15.0,IoT Alert,True,False,90,False,False
127,2025-03-24 19:55:30.359483,72.0,13.6,IoT Alert,True,False,0,False,False
211,2025-03-24 22:55:30.359483,70.8,15.6,IoT Alert,True,False,14,False,False
258,2025-03-24 22:55:30.359483,74.5,13.2,IoT Alert,True,True,7,True,False
98,2025-03-24 22:55:30.359483,71.0,13.2,IoT Alert,True,False,14,False,False
477,2025-03-24 22:55:30.359483,70.3,9.8,IoT Alert,True,False,30,False,False
302,2025-03-25 04:55:30.359483,74.4,14.8,IoT Alert,True,True,60,True,False
163,2025-03-25 05:55:30.359483,74.6,15.6,IoT Alert,True,False,7,False,False
458,2025-03-25 06:55:30.359483,70.5,14.9,IoT Alert,True,False,0,False,False
370,2025-03-25 06:55:30.359483,77.2,15.5,IoT Alert,True,False,0,False,False
115,2025-03-25 08:55:30.359483,71.6,10.3,IoT Alert,True,False,90,False,False
113,2025-03-25 10:55:30.359483,73.8,14.5,IoT Alert,True,False,60,False,False
143,2025-03-25 12:55:30.359483,72.1,9.5,IoT Alert,True,True,14,False,False
80,2025-03-25 13:55:30.359483,70.9,12.3,IoT Alert,True,True,30,True,False
133,2025-03-25 13:55:30.359483,86.8,12.6,IoT Alert,True,False,30,False,False
198,2025-03-25 19:55:30.359483,76.1,15.4,IoT Alert,True,False,0,False,False
229,2025-03-25 20:55:30.359483,70.7,14.5,IoT Alert,True,False,90,False,False
297,2025-03-25 21:55:30.359483,73.1,9.7,IoT Alert,True,False,14,False,False
343,2025-03-25 21:55:30.359483,70.4,15.6,IoT Alert,True,False,7,False,False
464,2025-03-26 01:55:30.359483,88.2,12.7,IoT Alert,True,False,14,False,False
103,2025-03-26 03:55:30.359483,70.8,13.6,IoT Alert,True,False,0,False,False
334,2025-03-26 03:55:30.359483,73.8,15.0,IoT Alert,True,False,0,False,False
40,2025-03-26 03:55:30.359483,70.7,15.4,IoT Alert,True,False,30,False,False
356,2025-03-26 14:55:30.359483,70.2,12.7,IoT Alert,True,False,0,False,False
246,2025-03-26 15:55:30.359483,72.1,11.8,IoT Alert,True,False,30,False,False
450,2025-03-26 17:55:30.359483,74.4,12.7,IoT Alert,True,True,7,False,False
473,2025-03-26 18:55:30.359483,74.8,14.1,IoT Alert,True,True,7,True,False
189,2025-03-26 20:55:30.359483,77.9,13.5,IoT Alert,True,True,7,False,False
407,2025-03-26 22:55:30.359483,70.3,13.6,IoT Alert,True,False,7,False,False
372,2025-03-26 22:55:30.359483,70.4,15.7,IoT Alert,True,True,30,False,False
199,2025-03-26 22:55:30.359483,78.9,13.5,IoT Alert,True,True,7,False,False
258,2025-03-27 00:55:30.359483,71.8,15.5,IoT Alert,True,False,14,False,False
195,2025-03-27 00:55:30.359483,71.5,12.3,IoT Alert,True,True,14,True,False
178,2025-03-27 05:55:30.359483,74.4,14.7,IoT Alert,True,False,30,False,False
375,2025-03-27 09:55:30.359483,74.7,12.4,IoT Alert,True,True,90,True,False
244,2025-03-27 10:55:30.359483,74.0,14.5,IoT Alert,True,True,30,True,False
393,2025-03-27 11:55:30.359483,74.8,15.3,IoT Alert,True,False,7,False,False
302,2025-03-27 13:55:30.359483,73.0,10.7,IoT Alert,True,True,0,False,False
399,2025-03-27 14:55:30.359483,70.3,14.9,IoT Alert,True,True,7,False,False
92,2025-03-27 14:55:30.359483,72.0,12.6,IoT Alert,True,False,14,False,False
24,2025-03-27 16:55:30.359483,72.7,15.4,IoT Alert,True,False,0,False,False
276,2025-03-27 18:55:30.359483,77.6,15.2,IoT Alert,True,True,14,True,False
223,2025-03-27 18:55:30.359483,72.8,15.6,IoT Alert,True,False,14,False,False
425,2025-03-27 19:55:30.359483,71.5,14.8,IoT Alert,True,True,7,False,False
275,2025-03-27 21:55:30.359483,70.8,13.6,IoT Alert,True,True,30,False,False
436,2025-03-27 23:55:30.359483,70.1,15.4,IoT Alert,True,False,0,False,False
120,2025-03-27 23:55:30.359483,72.2,15.5,IoT Alert,True,False,0,False,False
70,2025-03-28 00:55:30.359483,73.6,15.7,IoT Alert,True,False,30,False,False
38,2025-03-28 00:55:30.359483,78.0,14.0,IoT Alert,True,False,14,False,False
188,2025-03-28 01:55:30.359483,70.5,14.5,IoT Alert,True,False,30,False,False
265,2025-03-28 03:55:30.359483,72.2,15.6,IoT Alert,True,False,14,False,False
224,2025-03-28 03:55:30.359483,74.9,15.4,IoT Alert,True,True,7,False,False
261,2025-03-28 07:55:30.359483,75.1,15.8,IoT Alert,True,False,60,False,False
139,2025-03-28 07:55:30.359483,75.0,13.8,IoT Alert,True,True,30,False,False
384,2025-03-28 07:55:30.359483,70.3,14.6,IoT Alert,True,True,30,False,False
35,2025-03-28 08:55:30.359483,77.6,14.9,IoT Alert,True,True,7,False,False
45,2025-03-28 10:55:30.359483,72.6,14.4,IoT Alert,True,True,14,False,False
152,2025-03-28 11:55:30.359483,70.4,14.0,IoT Alert,True,False,7,False,False
13,2025-03-28 15:55:30.359483,70.7,9.5,IoT Alert,True,False,0,False,False
401,2025-03-28 16:55:30.359483,78.9,15.0,IoT Alert,True,False,90,False,False
95,2025-03-28 17:55:30.359483,72.9,15.3,IoT Alert,True,True,0,True,False
283,2025-03-28 17:55:30.359483,74.7,13.4,IoT Alert,True,True,90,False,False
409,2025-03-28 17:55:30.359483,72.2,15.9,IoT Alert,True,True,14,True,False
334,2025-03-28 18:55:30.359483,78.2,14.6,IoT Alert,True,True,0,False,False
69,2025-03-28 19:55:30.359483,72.6,12.8,IoT Alert,True,False,14,False,False
49,2025-03-28 20:55:30.359483,72.7,14.6,IoT Alert,True,False,60,False,False
142,2025-03-29 00:55:30.359483,71.4,15.9,IoT Alert,True,False,30,False,False
450,2025-03-29 01:55:30.359483,72.3,14.9,IoT Alert,True,True,60,False,False
224,2025-03-29 04:55:30.359483,74.6,15.4,IoT Alert,True,False,30,False,False
392,2025-03-29 04:55:30.359483,75.1,15.2,IoT Alert,True,False,30,False,False
493,2025-03-29 05:55:30.359483,70.7,14.8,IoT Alert,True,False,60,False,False
123,2025-03-29 05:55:30.359483,75.5,15.8,IoT Alert,True,False,7,False,False
19,2025-03-29 05:55:30.359483,71.9,12.7,IoT Alert,True,True,14,True,False
303,2025-03-29 09:55:30.359483,74.8,14.3,IoT Alert,True,True,7,False,False
335,2025-03-29 12:55:30.359483,71.4,15.9,IoT Alert,True,True,90,True,False
389,2025-03-29 12:55:30.359483,72.0,15.2,IoT Alert,True,False,90,False,False
59,2025-03-29 16:55:30.359483,75.0,14.8,IoT Alert,True,True,0,True,False
348,2025-03-29 19:55:30.359483,72.8,14.8,IoT Alert,True,True,30,True,False
461,2025-03-29 20:55:30.359483,72.4,15.8,IoT Alert,True,True,90,True,False
442,2025-03-29 20:55:30.359483,70.7,14.8,IoT Alert,True,True,0,True,False
318,2025-03-29 21:55:30.359483,70.5,15.9,IoT Alert,True,False,14,False,False
401,2025-03-29 22:55:30.359483,72.3,15.5,IoT Alert,True,False,90,False,False
78,2025-03-29 23:55:30.359483,77.9,15.9,IoT Alert,True,True,0,False,False
417,2025-03-30 01:55:30.359483,73.9,15.3,IoT Alert,True,True,30,True,False
195,2025-03-30 01:55:30.359483,73.1,14.3,IoT Alert,True,True,7,True,False
36,2025-03-30 03:55:30.359483,71.1,13.4,IoT Alert,True,True,90,False,False
306,2025-03-30 04:55:30.359483,74.0,13.7,IoT Alert,True,True,90,True,False
78,2025-03-30 05:55:30.359483,72.1,10.0,IoT Alert,True,True,90,True,False
60,2025-03-30 06:55:30.359483,70.2,14.5,IoT Alert,True,True,14,False,False
221,2025-03-30 06:55:30.359483,78.1,11.1,IoT Alert,True,False,60,False,False
490,2025-03-30 07:55:30.359483,73.5,15.5,IoT Alert,True,False,60,False,False
160,2025-03-30 08:55:30.359483,73.7,12.0,IoT Alert,True,True,7,False,False
165,2025-03-30 08:55:30.359483,73.9,15.5,IoT Alert,True,True,60,True,False
54,2025-03-30 08:55:30.359483,71.2,11.5,IoT Alert,True,False,0,False,False
357,2025-03-30 09:55:30.359483,71.1,15.9,IoT Alert,True,False,14,False,False
97,2025-03-30 10:55:30.359483,71.3,14.9,IoT Alert,True,False,7,False,False
417,2025-03-30 12:55:30.359483,72.3,13.7,IoT Alert,True,False,0,False,False
396,2025-03-30 13:55:30.359483,75.0,13.3,IoT Alert,True,True,0,False,False
436,2025-03-30 13:55:30.359483,72.5,13.8,IoT Alert,True,True,30,True,False
375,2025-03-30 16:55:30.359483,73.0,15.0,IoT Alert,True,False,7,False,False
432,2025-03-30 18:55:30.359483,79.4,13.0,IoT Alert,True,True,30,False,False
236,2025-03-30 18:55:30.359483,79.6,15.3,IoT Alert,True,False,0,False,False
81,2025-03-30 18:55:30.359483,70.8,15.9,IoT Alert,True,False,7,False,False
76,2025-03-30 20:55:30.359483,71.8,12.8,IoT Alert,True,False,14,False,False
139,2025-03-30 20:55:30.359483,70.7,15.3,IoT Alert,True,True,30,True,False
259,2025-03-30 21:55:30.359483,72.3,15.5,IoT Alert,True,False,7,False,False
254,2025-03-30 21:55:30.359483,76.3,13.3,IoT Alert,True,True,30,False,False
326,2025-03-31 00:55:30.359483,70.1,14.0,IoT Alert,True,False,60,False,False
452,2025-03-31 01:55:30.359483,74.7,15.8,IoT Alert,True,False,30,False,False
310,2025-03-31 03:55:30.359483,79.6,15.3,IoT Alert,True,True,7,False,False
277,2025-03-31 05:55:30.359483,71.1,13.6,IoT Alert,True,False,0,False,False
283,2025-03-31 07:55:30.359483,71.1,12.7,IoT Alert,True,False,60,False,False
5,2025-03-31 09:55:30.359483,74.7,15.8,IoT Alert,True,True,0,True,False
101,2025-03-31 12:55:30.359483,73.7,14.2,IoT Alert,True,True,60,False,False
500,2025-03-31 14:55:30.359483,73.7,15.1,IoT Alert,True,True,14,False,False
300,2025-03-31 14:55:30.359483,70.9,12.9,IoT Alert,True,True,90,True,False
114,2025-03-31 16:55:30.359483,79.2,13.6,IoT Alert,True,True,30,True,False
351,2025-03-31 17:55:30.359483,73.7,13.7,IoT Alert,True,False,90,False,False
398,2025-03-31 17:55:30.359483,70.3,15.4,IoT Alert,True,True,7,True,False
152,2025-03-31 18:55:30.359483,72.1,15.7,IoT Alert,True,True,30,True,False
433,2025-03-31 22:55:30.359483,73.2,14.1,IoT Alert,True,False,14,False,False
439,2025-03-31 22:55:30.359483,71.1,11.3,IoT Alert,True,True,14,True,False
328,2025-03-31 22:55:30.359483,74.6,14.1,IoT Alert,True,False,30,False,False
276,2025-03-31 23:55:30.359483,70.8,15.1,IoT Alert,True,True,60,False,False
124,2025-04-01 02:55:30.359483,71.3,11.5,IoT Alert,True,True,90,False,False
264,2025-04-01 03:55:30.359483,74.3,11.7,IoT Alert,True,False,30,False,False
485,2025-04-01 06:55:30.359483,74.0,13.0,IoT Alert,True,False,14,False,False
256,2025-04-01 06:55:30.359483,73.1,11.8,IoT Alert,True,False,14,False,False
69,2025-04-01 09:55:30.359483,72.6,15.0,IoT Alert,True,False,30,False,False
201,2025-04-01 10:55:30.359483,71.3,15.9,IoT Alert,True,False,7,False,False
138,2025-04-01 10:55:30.359483,72.3,15.7,IoT Alert,True,True,0,False,False
170,2025-04-01 10:55:30.359483,75.9,13.3,IoT Alert,True,True,7,True,False
471,2025-04-01 13:55:30.359483,73.5,11.1,IoT Alert,True,False,7,False,False
130,2025-04-01 13:55:30.359483,73.5,11.7,IoT Alert,True,False,7,False,False
93,2025-04-01 15:55:30.359483,76.8,15.1,IoT Alert,True,False,7,False,False
417,2025-04-01 16:55:30.359483,70.1,15.2,IoT Alert,True,True,0,True,False
8,2025-04-01 16:55:30.359483,73.1,15.1,IoT Alert,True,True,0,False,False
147,2025-04-01 17:55:30.359483,73.6,14.5,IoT Alert,True,False,90,False,False
314,2025-04-01 19:55:30.359483,72.5,15.7,IoT Alert,True,True,14,False,False
368,2025-04-01 20:55:30.359483,70.5,15.4,IoT Alert,True,False,7,False,False
74,2025-04-01 20:55:30.359483,72.6,15.6,IoT Alert,True,False,30,False,False
5,2025-04-01 21:55:30.359483,74.3,12.1,IoT Alert,True,True,7,False,False
426,2025-04-01 23:55:30.359483,71.8,12.2,IoT Alert,True,False,90,False,False
301,2025-04-02 07:55:30.359483,70.6,14.3,IoT Alert,True,False,30,False,False
55,2025-04-02 10:55:30.359483,78.4,14.7,IoT Alert,True,True,0,True,False
204,2025-04-02 11:55:30.359483,75.4,15.0,IoT Alert,True,False,14,False,False
50,2025-04-02 11:55:30.359483,72.2,14.9,IoT Alert,True,False,60,False,False
245,2025-04-02 12:55:30.359483,72.0,13.6,IoT Alert,True,False,90,False,False
224,2025-04-02 13:55:30.359483,71.8,14.7,IoT Alert,True,True,14,False,False
124,2025-04-02 15:55:30.359483,76.6,15.7,IoT Alert,True,False,30,False,False
404,2025-04-02 18:55:30.359483,72.7,14.1,IoT Alert,True,True,0,True,False
470,2025-04-02 18:55:30.359483,70.3,9.8,IoT Alert,True,True,90,True,False
364,2025-04-02 20:55:30.359483,70.7,14.7,IoT Alert,True,False,7,False,False
398,2025-04-02 20:55:30.359483,72.2,10.4,IoT Alert,True,True,90,False,False
59,2025-04-03 02:55:30.359483,70.4,14.5,IoT Alert,True,True,30,False,False
100,2025-04-03 02:55:30.359483,70.2,13.8,IoT Alert,True,False,30,False,False
92,2025-04-03 04:55:30.359483,76.5,14.9,IoT Alert,True,False,14,False,False
347,2025-04-03 05:55:30.359483,73.8,12.8,IoT Alert,True,False,7,False,False
38,2025-04-03 06:55:30.359483,71.3,15.0,IoT Alert,True,False,0,False,False
488,2025-04-03 07:55:30.359483,70.8,15.2,IoT Alert,True,True,7,True,False
170,2025-04-03 10:55:30.359483,74.6,13.4,IoT Alert,True,True,0,True,False
266,2025-04-03 10:55:30.359483,71.2,15.9,IoT Alert,True,True,30,False,False
135,2025-04-03 11:55:30.359483,72.0,14.5,IoT Alert,True,False,7,False,False
37,2025-04-03 12:55:30.359483,72.8,15.9,IoT Alert,True,False,0,False,False
98,2025-04-03 14:55:30.359483,75.5,15.6,IoT Alert,True,False,90,False,False
336,2025-04-03 15:55:30.359483,72.6,14.8,IoT Alert,True,False,60,False,False
282,2025-04-03 17:55:30.359483,75.1,13.3,IoT Alert,True,True,90,False,False
442,2025-04-03 20:55:30.359483,74.7,15.2,IoT Alert,True,True,90,False,False
197,2025-04-04 01:55:30.359483,71.4,15.5,IoT Alert,True,True,0,False,False
226,2025-04-04 01:55:30.359483,75.1,15.8,IoT Alert,True,False,7,False,False
396,2025-04-04 03:55:30.359483,72.4,15.5,IoT Alert,True,True,30,True,False
112,2025-04-04 04:55:30.359483,73.1,15.6,IoT Alert,True,False,30,False,False
454,2025-04-04 04:55:30.359483,70.2,13.1,IoT Alert,True,True,0,True,False
375,2025-04-04 04:55:30.359483,74.9,15.8,IoT Alert,True,True,60,False,False
215,2025-04-04 04:55:30.359483,73.8,14.2,IoT Alert,True,True,7,False,False
190,2025-04-04 06:55:30.359483,70.5,15.3,IoT Alert,True,False,7,False,False
336,2025-04-04 07:55:30.359483,75.4,14.9,IoT Alert,True,False,14,False,False
451,2025-04-04 09:55:30.359483,71.0,13.6,IoT Alert,True,True,14,True,False
461,2025-04-04 10:55:30.359483,71.3,15.0,IoT Alert,True,True,14,False,False
77,2025-04-04 10:55:30.359483,71.1,12.9,IoT Alert,True,False,0,False,False
118,2025-04-04 14:55:30.359483,70.4,14.7,IoT Alert,True,True,60,True,False
148,2025-04-04 16:55:30.359483,71.8,15.3,IoT Alert,True,False,7,False,False
25,2025-04-04 17:55:30.359483,70.3,13.3,IoT Alert,True,False,0,False,False
443,2025-04-04 20:55:30.359483,71.6,15.4,IoT Alert,True,True,60,False,False
315,2025-04-04 20:55:30.359483,70.5,14.3,IoT Alert,True,True,90,True,False
230,2025-04-04 21:55:30.359483,72.0,12.2,IoT Alert,True,False,60,False,False
27,2025-04-04 21:55:30.359483,71.8,12.8,IoT Alert,True,True,60,True,False
27,2025-04-05 03:55:30.359483,70.3,15.2,IoT Alert,True,True,30,False,False
55,2025-04-05 04:55:30.359483,78.8,14.9,IoT Alert,True,False,14,False,False
172,2025-04-05 07:55:30.359483,72.4,12.0,IoT Alert,True,False,0,False,False
423,2025-04-05 10:55:30.359483,84.7,14.5,IoT Alert,True,False,14,False,False
388,2025-04-05 11:55:30.359483,71.1,15.2,IoT Alert,True,False,7,False,False
45,2025-04-05 13:55:30.359483,70.4,14.9,IoT Alert,True,True,7,False,False
94,2025-04-05 14:55:30.359483,73.1,14.7,IoT Alert,True,True,30,False,False
265,2025-04-05 15:55:30.359483,76.3,14.9,IoT Alert,True,False,14,False,False
104,2025-04-05 15:55:30.359483,70.9,15.7,IoT Alert,True,False,0,False,False
72,2025-04-05 16:55:30.359483,82.0,11.6,IoT Alert,True,True,7,True,False
474,2025-04-05 16:55:30.359483,71.4,15.5,IoT Alert,True,False,30,False,False
283,2025-04-05 17:55:30.359483,75.6,15.2,IoT Alert,True,True,0,True,False
445,2025-04-05 17:55:30.359483,74.6,13.6,IoT Alert,True,True,60,False,False
29,2025-04-05 18:55:30.359483,72.5,15.9,IoT Alert,True,True,14,False,False
3,2025-04-05 18:55:30.359483,70.8,15.3,IoT Alert,True,True,14,True,False
34,2025-04-05 18:55:30.359483,70.2,15.0,IoT Alert,True,True,14,True,False
408,2025-04-05 23:55:30.359483,73.0,14.1,IoT Alert,True,True,60,True,False
261,2025-04-06 00:55:30.359483,71.5,15.7,IoT Alert,True,True,7,False,False
44,2025-04-06 02:55:30.359483,71.7,15.9,IoT Alert,True,False,30,False,False
144,2025-04-06 03:55:30.359483,72.2,15.0,IoT Alert,True,False,14,False,False
467,2025-04-06 03:55:30.359483,72.2,15.5,IoT Alert,True,False,7,False,False
194,2025-04-06 04:55:30.359483,70.3,13.1,IoT Alert,True,False,60,False,False
476,2025-04-06 06:55:30.359483,76.3,14.3,IoT Alert,True,True,30,False,False
269,2025-04-06 06:55:30.359483,72.2,15.5,IoT Alert,True,True,30,False,False
269,2025-04-06 07:55:30.359483,79.4,15.3,IoT Alert,True,False,60,False,False
471,2025-04-06 09:55:30.359483,75.0,15.7,IoT Alert,True,True,60,False,False
34,2025-04-06 10:55:30.359483,76.2,15.2,IoT Alert,True,False,30,False,False
375,2025-04-06 12:55:30.359483,71.6,15.7,IoT Alert,True,True,60,False,False
34,2025-04-06 13:55:30.359483,71.5,13.7,IoT Alert,True,False,30,False,False
280,2025-04-06 13:55:30.359483,78.4,14.5,IoT Alert,True,True,30,False,False
328,2025-04-06 14:55:30.359483,70.8,15.4,IoT Alert,True,False,30,False,False
92,2025-04-06 14:55:30.359483,74.9,15.7,IoT Alert,True,False,30,False,False
411,2025-04-06 16:55:30.359483,74.3,13.0,IoT Alert,True,False,0,False,False
214,2025-04-06 18:55:30.359483,73.0,14.9,IoT Alert,True,True,60,False,False
62,2025-04-06 18:55:30.359483,72.2,13.5,IoT Alert,True,False,60,False,False
426,2025-04-06 19:55:30.359483,71.0,11.6,IoT Alert,True,False,0,False,False
397,2025-04-06 21:55:30.359483,75.2,14.7,IoT Alert,True,False,60,False,False
236,2025-04-07 01:55:30.359483,72.7,10.8,IoT Alert,True,False,0,False,False
358,2025-04-07 01:55:30.359483,70.7,15.7,IoT Alert,True,False,7,False,False
178,2025-04-07 03:55:30.359483,70.4,14.7,IoT Alert,True,True,30,False,False
212,2025-04-07 03:55:30.359483,70.7,12.5,IoT Alert,True,False,0,False,False
189,2025-04-07 03:55:30.359483,73.1,15.9,IoT Alert,True,False,60,False,False
264,2025-04-07 04:55:30.359483,71.0,12.9,IoT Alert,True,False,60,False,False
481,2025-04-07 06:55:30.359483,71.4,14.9,IoT Alert,True,True,14,False,False
106,2025-04-07 06:55:30.359483,71.8,15.4,IoT Alert,True,True,0,False,False
50,2025-04-07 06:55:30.359483,82.1,13.1,IoT Alert,True,False,7,False,False
347,2025-04-07 07:55:30.359483,71.3,15.6,IoT Alert,True,False,30,False,False
273,2025-04-07 08:55:30.359483,71.9,13.1,IoT Alert,True,True,90,False,False
463,2025-04-07 08:55:30.359483,73.7,11.4,IoT Alert,True,False,30,False,False
3,2025-04-07 09:55:30.359483,71.2,15.8,IoT Alert,True,True,7,False,False
214,2025-04-07 10:55:30.359483,75.1,9.6,IoT Alert,True,True,30,True,False
467,2025-04-07 11:55:30.359483,75.7,15.0,IoT Alert,True,True,14,False,False
500,2025-04-07 15:55:30.359483,72.6,10.9,IoT Alert,True,True,30,True,False
422,2025-04-07 21:55:30.359483,72.3,12.8,IoT Alert,True,False,0,False,False
199,2025-04-08 02:55:30.359483,73.3,14.9,IoT Alert,True,True,30,False,False
273,2025-04-08 02:55:30.359483,73.8,15.3,IoT Alert,True,False,14,False,False
102,2025-04-08 03:55:30.359483,78.1,15.1,IoT Alert,True,False,90,False,False
152,2025-04-08 03:55:30.359483,72.7,13.8,IoT Alert,True,False,7,False,False
392,2025-04-08 04:55:30.359483,72.7,15.1,IoT Alert,True,False,30,False,False
5,2025-04-08 04:55:30.359483,70.8,14.8,IoT Alert,True,True,90,False,False
68,2025-04-08 04:55:30.359483,73.0,11.7,IoT Alert,True,False,0,False,False
63,2025-04-08 05:55:30.359483,72.4,14.3,IoT Alert,True,False,90,False,False
229,2025-04-08 06:55:30.359483,74.7,14.8,IoT Alert,True,True,30,True,False
63,2025-04-08 06:55:30.359483,70.7,15.9,IoT Alert,True,False,0,False,False
152,2025-04-08 09:55:30.359483,71.0,13.1,IoT Alert,True,False,7,False,False
14,2025-04-08 14:55:30.359483,72.3,15.5,IoT Alert,True,False,30,False,False
350,2025-04-08 14:55:30.359483,73.2,14.2,IoT Alert,True,False,0,False,False
492,2025-04-08 15:55:30.359483,72.8,15.6,IoT Alert,True,False,14,False,False
294,2025-04-08 16:55:30.359483,72.8,12.4,IoT Alert,True,True,7,False,False
417,2025-04-08 16:55:30.359483,73.2,14.4,IoT Alert,True,False,30,False,False
428,2025-04-08 20:55:30.359483,74.9,13.6,IoT Alert,True,False,0,False,False
383,2025-04-08 20:55:30.359483,70.9,14.6,IoT Alert,True,True,60,False,False
488,2025-04-08 21:55:30.359483,73.0,12.5,IoT Alert,True,True,90,False,False
200,2025-04-08 22:55:30.359483,73.4,12.8,IoT Alert,True,True,90,True,False
240,2025-04-08 22:55:30.359483,83.8,13.8,IoT Alert,True,False,30,False,False
340,2025-04-08 22:55:30.359483,70.2,15.7,IoT Alert,True,False,0,False,False
440,2025-04-08 23:55:30.359483,72.0,13.7,IoT Alert,True,True,30,False,False
162,2025-04-09 00:55:30.359483,70.5,11.8,IoT Alert,True,False,0,False,False
451,2025-04-09 03:55:30.359483,70.1,13.9,IoT Alert,True,True,0,False,False
441,2025-04-09 05:55:30.359483,70.5,15.0,IoT Alert,True,False,7,False,False
477,2025-04-09 07:55:30.359483,70.9,15.3,IoT Alert,True,False,14,False,False
136,2025-04-09 09:55:30.359483,70.7,12.1,IoT Alert,True,False,30,False,False
3,2025-04-09 10:55:30.359483,72.8,14.1,IoT Alert,True,True,30,True,False
238,2025-04-09 10:55:30.359483,70.2,15.9,IoT Alert,True,True,14,False,False
425,2025-04-09 12:55:30.359483,70.4,13.9,IoT Alert,True,True,7,False,False
364,2025-04-09 14:55:30.359483,73.5,13.7,IoT Alert,True,True,90,True,False
458,2025-04-09 14:55:30.359483,70.3,13.7,IoT Alert,True,False,14,False,False
149,2025-04-09 15:55:30.359483,79.0,14.6,IoT Alert,True,False,14,False,False
473,2025-04-09 17:55:30.359483,71.1,14.5,IoT Alert,True,False,0,False,False
304,2025-04-09 19:55:30.359483,71.7,15.4,IoT Alert,True,False,30,False,False
89,2025-04-09 20:55:30.359483,75.4,10.9,IoT Alert,True,False,30,False,False
264,2025-04-09 20:55:30.359483,72.4,15.4,IoT Alert,True,False,7,False,False
317,2025-04-09 21:55:30.359483,77.4,14.0,IoT Alert,True,False,0,False,False
144,2025-04-09 21:55:30.359483,76.0,15.8,IoT Alert,True,False,30,False,False
51,2025-04-09 22:55:30.359483,76.6,14.7,IoT Alert,True,True,30,False,False
140,2025-04-09 22:55:30.359483,78.6,11.2,IoT Alert,True,True,7,False,False
93,2025-04-09 23:55:30.359483,71.2,15.5,IoT Alert,True,True,90,True,False
463,2025-04-10 00:55:30.359483,71.6,15.5,IoT Alert,True,False,0,False,False
342,2025-04-10 00:55:30.359483,70.2,15.6,IoT Alert,True,False,14,False,False
479,2025-04-10 03:55:30.359483,72.6,15.9,IoT Alert,True,True,90,False,False
351,2025-04-10 04:55:30.359483,72.0,15.8,IoT Alert,True,False,14,False,False
305,2025-04-10 04:55:30.359483,77.3,15.5,IoT Alert,True,False,30,False,False
487,2025-04-10 06:55:30.359483,71.2,15.8,IoT Alert,True,True,7,True,False
370,2025-04-10 08:55:30.359483,70.2,12.5,IoT Alert,True,True,7,True,False
343,2025-04-10 09:55:30.359483,71.4,13.4,IoT Alert,True,False,90,False,False
177,2025-04-10 13:55:30.359483,72.1,11.6,IoT Alert,True,False,14,False,False
322,2025-04-10 16:55:30.359483,72.4,15.5,IoT Alert,True,False,60,False,False
470,2025-04-10 16:55:30.359483,71.9,14.3,IoT Alert,True,False,7,False,False
295,2025-04-10 19:55:30.359483,72.1,15.6,IoT Alert,True,False,7,False,False
8,2025-04-10 21:55:30.359483,70.2,14.1,IoT Alert,True,False,0,False,False
474,2025-04-10 21:55:30.359483,72.1,15.4,IoT Alert,True,False,30,False,False
202,2025-04-11 00:55:30.359483,70.1,10.0,IoT Alert,True,False,7,False,False
174,2025-04-11 03:55:30.359483,72.6,15.5,IoT Alert,True,True,60,False,False
436,2025-04-11 04:55:30.359483,73.3,15.1,IoT Alert,True,True,14,True,False
229,2025-04-11 04:55:30.359483,70.7,15.4,IoT Alert,True,True,90,True,False
358,2025-04-11 05:55:30.359483,75.9,12.1,IoT Alert,True,False,0,False,False
465,2025-04-11 05:55:30.359483,81.6,13.2,IoT Alert,True,False,60,False,False
118,2025-04-11 06:55:30.359483,76.5,15.3,IoT Alert,True,False,30,False,False
475,2025-04-11 06:55:30.359483,70.6,15.5,IoT Alert,True,True,30,True,False
488,2025-04-11 07:55:30.359483,73.8,11.2,IoT Alert,True,True,60,False,False
286,2025-04-11 07:55:30.359483,72.1,15.3,IoT Alert,True,True,30,True,False
232,2025-04-11 11:55:30.359483,71.5,14.5,IoT Alert,True,True,30,False,False
442,2025-04-11 11:55:30.359483,76.1,15.5,IoT Alert,True,False,0,False,False
67,2025-04-11 13:55:30.359483,74.9,15.9,IoT Alert,True,True,0,False,False
37,2025-04-11 14:55:30.359483,75.1,13.1,IoT Alert,True,True,90,True,False
190,2025-04-11 14:55:30.359483,71.3,13.8,IoT Alert,True,False,30,False,False
238,2025-04-11 16:55:30.359483,72.9,15.1,IoT Alert,True,True,30,False,False
110,2025-04-11 16:55:30.359483,87.5,14.8,IoT Alert,True,False,14,False,False
429,2025-04-11 17:55:30.359483,70.2,15.4,IoT Alert,True,False,0,False,False
49,2025-04-11 17:55:30.359483,72.7,12.4,IoT Alert,True,True,0,False,False
344,2025-04-11 18:55:30.359483,77.6,13.7,IoT Alert,True,False,30,False,False
381,2025-04-11 20:55:30.359483,70.9,13.7,IoT Alert,True,False,14,False,False
240,2025-04-11 23:55:30.359483,74.9,15.2,IoT Alert,True,False,7,False,False
81,2025-04-12 02:55:30.359483,71.2,11.6,IoT Alert,True,True,14,True,False
264,2025-04-12 03:55:30.359483,70.9,15.3,IoT Alert,True,False,0,False,False
260,2025-04-12 03:55:30.359483,70.9,15.2,IoT Alert,True,True,14,True,False
307,2025-04-12 05:55:30.359483,74.8,12.5,IoT Alert,True,True,7,True,False
58,2025-04-12 06:55:30.359483,71.3,15.3,IoT Alert,True,True,30,False,False
357,2025-04-12 07:55:30.359483,71.7,13.0,IoT Alert,True,False,7,False,False
6,2025-04-12 11:55:30.359483,71.3,13.0,IoT Alert,True,True,14,False,False
227,2025-04-12 14:55:30.359483,78.9,14.6,IoT Alert,True,True,0,False,False
267,2025-04-12 15:55:30.359483,70.2,15.8,IoT Alert,True,False,0,False,False
197,2025-04-12 18:55:30.359483,71.0,13.1,IoT Alert,True,True,7,True,False
33,2025-04-12 20:55:30.359483,72.7,15.5,IoT Alert,True,True,14,True,False
24,2025-04-12 20:55:30.359483,74.9,15.1,IoT Alert,True,True,30,True,False
430,2025-04-12 20:55:30.359483,78.9,15.3,IoT Alert,True,True,7,True,False
439,2025-04-12 23:55:30.359483,75.0,15.2,IoT Alert,True,True,30,True,False
213,2025-04-12 23:55:30.359483,72.5,14.0,IoT Alert,True,True,60,False,False
354,2025-04-13 01:55:30.359483,71.1,13.8,IoT Alert,True,False,30,False,False
142,2025-04-13 02:55:30.359483,70.2,15.0,IoT Alert,True,True,0,False,False
392,2025-04-13 02:55:30.359483,74.9,13.3,IoT Alert,True,True,14,False,False
289,2025-04-13 03:55:30.359483,73.5,14.3,IoT Alert,True,False,0,False,False
472,2025-04-13 04:55:30.359483,71.0,12.8,IoT Alert,True,True,7,True,False
116,2025-04-13 05:55:30.359483,74.3,14.3,IoT Alert,True,False,90,False,False
280,2025-04-13 05:55:30.359483,72.8,12.2,IoT Alert,True,True,0,False,False
357,2025-04-13 06:55:30.359483,71.8,15.6,IoT Alert,True,True,14,True,False
348,2025-04-13 07:55:30.359483,78.9,13.7,IoT Alert,True,True,30,True,False
209,2025-04-13 09:55:30.359483,73.1,15.9,IoT Alert,True,True,30,False,False
265,2025-04-13 09:55:30.359483,76.7,14.4,IoT Alert,True,True,14,True,False
464,2025-04-13 10:55:30.359483,80.5,15.5,IoT Alert,True,True,0,False,False
226,2025-04-13 13:55:30.359483,70.6,13.5,IoT Alert,True,True,7,False,False
490,2025-04-13 15:55:30.359483,74.7,11.3,IoT Alert,True,True,14,True,False
195,2025-04-13 15:55:30.359483,73.7,13.7,IoT Alert,True,True,0,True,False
66,2025-04-13 16:55:30.359483,71.0,13.9,IoT Alert,True,True,7,True,False
407,2025-04-13 16:55:30.359483,70.1,14.5,IoT Alert,True,True,0,True,False
61,2025-04-13 17:55:30.359483,70.3,11.8,IoT Alert,True,False,0,False,False
241,2025-04-13 17:55:30.359483,70.3,15.8,IoT Alert,True,False,7,False,False
460,2025-04-13 19:55:30.359483,71.9,12.8,IoT Alert,True,True,0,True,False
43,2025-04-13 21:55:30.359483,70.7,14.8,IoT Alert,True,False,14,False,False
3,2025-04-13 23:55:30.359483,76.2,15.7,IoT Alert,True,False,30,False,False
7,2025-04-14 00:55:30.359483,70.9,15.0,IoT Alert,True,True,60,False,False
56,2025-04-14 01:55:30.359483,73.3,15.1,IoT Alert,True,False,7,False,False
52,2025-04-14 01:55:30.359483,70.4,14.8,IoT Alert,True,False,0,False,False
156,2025-04-14 03:55:30.359483,72.5,14.4,IoT Alert,True,True,0,False,False
244,2025-04-14 04:55:30.359483,74.3,15.7,IoT Alert,True,True,30,False,False
482,2025-04-14 06:55:30.359483,74.7,12.0,IoT Alert,True,False,30,False,False
200,2025-04-14 08:55:30.359483,71.3,15.6,IoT Alert,True,False,0,False,False
446,2025-04-14 09:55:30.359483,71.6,15.2,IoT Alert,True,True,90,True,False
463,2025-04-14 10:55:30.359483,71.8,13.8,IoT Alert,True,True,0,True,False
258,2025-04-14 12:55:30.359483,71.2,13.5,IoT Alert,True,True,14,True,False
229,2025-04-14 15:55:30.359483,77.0,14.8,IoT Alert,True,True,30,True,False
163,2025-04-14 15:55:30.359483,72.4,13.9,IoT Alert,True,False,60,False,False
16,2025-04-14 18:55:30.359483,72.1,12.0,IoT Alert,True,True,30,True,False
415,2025-04-14 18:55:30.359483,81.3,15.0,IoT Alert,True,True,60,True,False
457,2025-04-14 19:55:30.359483,74.5,15.5,IoT Alert,True,False,7,False,False
448,2025-04-14 20:55:30.359483,70.9,13.4,IoT Alert,True,True,60,False,False
252,2025-04-14 20:55:30.359483,70.6,14.7,IoT Alert,True,True,0,True,False
390,2025-04-14 22:55:30.359483,70.6,14.4,IoT Alert,True,False,60,False,False
307,2025-04-15 00:55:30.359483,70.1,14.6,IoT Alert,True,False,14,False,False
443,2025-04-15 01:55:30.359483,71.0,10.2,IoT Alert,True,False,60,False,False
186,2025-04-15 02:55:30.359483,76.8,15.3,IoT Alert,True,False,14,False,False
253,2025-04-15 05:55:30.359483,71.4,13.7,IoT Alert,True,True,30,False,False
406,2025-04-15 07:55:30.359483,74.6,15.7,IoT Alert,True,True,14,True,False
92,2025-04-15 09:55:30.359483,73.6,15.5,IoT Alert,True,False,30,False,False
23,2025-04-15 09:55:30.359483,72.3,13.6,IoT Alert,True,True,0,True,False
318,2025-04-15 12:55:30.359483,71.6,15.5,IoT Alert,True,True,0,True,False
455,2025-04-15 12:55:30.359483,74.1,14.8,IoT Alert,True,True,7,True,False
384,2025-04-15 14:55:30.359483,70.4,10.1,IoT Alert,True,True,0,False,False
179,2025-04-15 17:55:30.359483,76.0,14.4,IoT Alert,True,True,60,True,False
167,2025-04-15 18:55:30.359483,70.2,14.6,IoT Alert,True,True,7,True,False
301,2025-04-15 18:55:30.359483,81.4,13.7,IoT Alert,True,True,90,False,False
141,2025-04-15 19:55:30.359483,73.3,15.9,IoT Alert,True,True,7,True,False
486,2025-04-15 19:55:30.359483,90.2,13.1,IoT Alert,True,False,0,False,False
372,2025-04-15 20:55:30.359483,77.3,14.1,IoT Alert,True,False,30,False,False
190,2025-04-15 21:55:30.359483,70.5,15.0,IoT Alert,True,False,30,False,False
315,2025-04-15 22:55:30.359483,75.6,14.5,IoT Alert,True,False,14,False,False
304,2025-04-15 23:55:30.359483,77.2,13.1,IoT Alert,True,True,14,True,False
201,2025-04-15 23:55:30.359483,72.9,14.4,IoT Alert,True,True,30,False,False
107,2025-04-15 23:55:30.359483,73.2,12.7,IoT Alert,True,False,7,False,False
292,2025-04-16 03:55:30.359483,72.9,15.7,IoT Alert,True,False,90,False,False
186,2025-04-16 04:55:30.359483,71.8,13.6,IoT Alert,True,False,90,False,False
317,2025-04-16 05:55:30.359483,70.3,14.3,IoT Alert,True,True,30,True,False
181,2025-04-16 06:55:30.359483,78.8,14.6,IoT Alert,True,True,0,False,False
378,2025-04-16 07:55:30.359483,70.1,13.7,IoT Alert,True,True,30,True,False
432,2025-04-16 07:55:30.359483,71.3,15.3,IoT Alert,True,True,0,False,False
487,2025-04-16 09:55:30.359483,71.2,12.7,IoT Alert,True,False,0,False,False
187,2025-04-16 10:55:30.359483,74.4,13.7,IoT Alert,True,False,7,False,False
333,2025-04-16 10:55:30.359483,73.9,12.1,IoT Alert,True,True,14,False,False
245,2025-04-16 10:55:30.359483,72.2,15.9,IoT Alert,True,False,60,False,False
300,2025-04-16 11:55:30.359483,72.8,15.6,IoT Alert,True,False,30,False,False
240,2025-04-16 12:55:30.359483,71.7,14.1,IoT Alert,True,True,30,True,False
298,2025-04-16 12:55:30.359483,78.3,13.1,IoT Alert,True,True,14,False,False
292,2025-04-16 12:55:30.359483,72.2,14.2,IoT Alert,True,True,7,False,False
428,2025-04-16 14:55:30.359483,75.6,14.3,IoT Alert,True,True,7,True,False
441,2025-04-16 14:55:30.359483,70.5,13.3,IoT Alert,True,True,90,False,False
463,2025-04-16 21:55:30.359483,70.1,15.7,IoT Alert,True,True,0,True,False
169,2025-04-16 22:55:30.359483,70.2,15.8,IoT Alert,True,True,60,False,False
88,2025-04-16 22:55:30.359483,74.3,15.1,IoT Alert,True,True,14,True,False
358,2025-04-16 23:55:30.359483,71.6,14.4,IoT Alert,True,False,14,False,False
84,2025-04-17 00:55:30.359483,79.4,13.0,IoT Alert,True,True,30,False,False
105,2025-04-17 07:55:30.359483,79.1,13.4,IoT Alert,True,False,14,False,False
61,2025-04-17 08:55:30.359483,71.7,13.5,IoT Alert,True,True,60,True,False
192,2025-04-17 08:55:30.359483,72.1,13.6,IoT Alert,True,False,90,False,False
8,2025-04-17 09:55:30.359483,73.3,15.5,IoT Alert,True,True,14,True,False
201,2025-04-17 09:55:30.359483,70.2,15.9,IoT Alert,True,True,7,True,False
127,2025-04-17 09:55:30.359483,72.6,15.9,IoT Alert,True,False,14,False,False
233,2025-04-17 09:55:30.359483,70.9,11.6,IoT Alert,True,False,90,False,False
236,2025-04-17 10:55:30.359483,73.1,13.6,IoT Alert,True,False,7,False,False
