propertyid,reading_date,humidity,temperature,incident_source,is_iot_alert,unresolved_flag,response_days,repeat_incident_flag,high_priority_flag,tenantid,children_under_5,propertytype
337,2020-01-07 00:00:00.000000,,,Repair Report,False,True,0,False,False,32.0,True,House
77,2020-01-12 00:00:00.000000,,,Repair Report,False,True,0,False,False,25.0,False,Flat
301,2020-01-16 00:00:00.000000,,,Repair Report,False,False,0,False,False,387.0,False,Block of Flats
329,2020-01-19 00:00:00.000000,,,Repair Report,False,False,0,False,False,445.0,False,Flat
358,2020-01-19 00:00:00.000000,,,Repair Report,False,True,0,False,False,156.0,True,Flat
240,2020-01-22 00:00:00.000000,,,Repair Report,False,False,0,False,False,266.0,False,Block of Flats
78,2020-01-25 00:00:00.000000,,,Repair Report,False,True,0,False,False,46.0,False,Flat
392,2020-03-03 00:00:00.000000,,,Repair Report,False,False,0,False,False,70.0,False,Flat
485,2020-03-06 00:00:00.000000,,,Repair Report,False,True,0,False,False,343.0,True,House
476,2020-03-07 00:00:00.000000,,,Repair Report,False,True,0,False,False,31.0,False,Block of Flats
447,2020-03-13 00:00:00.000000,,,Repair Report,False,True,0,False,False,370.0,True,Flat
230,2020-03-27 00:00:00.000000,,,Repair Report,False,False,0,False,False,108.0,False,Flat
263,2020-04-08 00:00:00.000000,,,Repair Report,False,True,0,False,False,62.0,False,House
182,2020-04-10 00:00:00.000000,,,Repair Report,False,True,0,False,False,178.0,True,Flat
240,2020-04-21 00:00:00.000000,,,Repair Report,False,False,0,False,False,266.0,False,Block of Flats
246,2020-04-22 00:00:00.000000,,,Repair Report,False,True,0,False,False,203.0,False,Flat
382,2020-04-29 00:00:00.000000,,,Repair Report,False,True,0,False,False,91.0,True,Flat
239,2020-05-03 00:00:00.000000,,,Repair Report,False,True,0,False,False,69.0,True,Flat
388,2020-05-06 00:00:00.000000,,,Repair Report,False,False,0,False,False,442.0,False,Flat
61,2020-05-07 00:00:00.000000,,,Repair Report,False,False,0,False,False,160.0,False,House
168,2020-05-21 00:00:00.000000,,,Repair Report,False,True,0,False,False,250.0,False,Flat
298,2020-06-09 00:00:00.000000,,,Repair Report,False,True,0,False,False,255.0,False,House
69,2020-06-09 00:00:00.000000,,,Repair Report,False,True,0,False,False,9.0,False,Flat
7,2020-06-11 00:00:00.000000,,,Repair Report,False,True,0,False,False,234.0,False,Flat
385,2020-06-12 00:00:00.000000,,,Repair Report,False,False,0,False,False,41.0,False,Flat
455,2020-07-20 00:00:00.000000,,,Repair Report,False,True,0,False,False,185.0,False,House
381,2020-07-21 00:00:00.000000,,,Repair Report,False,True,0,False,False,245.0,True,Flat
119,2020-07-27 00:00:00.000000,,,Repair Report,False,True,0,False,False,174.0,False,House
211,2020-08-08 00:00:00.000000,,,Repair Report,False,False,0,False,False,189.0,False,House
480,2020-08-20 00:00:00.000000,,,Repair Report,False,False,0,False,False,143.0,False,House
307,2020-08-27 00:00:00.000000,,,Repair Report,False,False,0,False,False,448.0,False,House
305,2020-09-02 00:00:00.000000,,,Repair Report,False,False,0,False,False,76.0,False,Flat
101,2020-09-07 00:00:00.000000,,,Repair Report,False,False,0,False,False,356.0,False,Flat
197,2020-09-17 00:00:00.000000,,,Repair Report,False,False,0,False,False,224.0,True,Flat
260,2020-09-18 00:00:00.000000,,,Repair Report,False,False,0,False,False,417.0,False,Flat
469,2020-10-02 00:00:00.000000,,,Repair Report,False,False,0,False,False,392.0,False,Flat
343,2020-10-05 00:00:00.000000,,,Repair Report,False,False,0,False,False,338.0,False,Block of Flats
203,2020-10-20 00:00:00.000000,,,Repair Report,False,True,0,False,False,272.0,False,Flat
488,2020-10-23 00:00:00.000000,,,Repair Report,False,False,0,False,False,299.0,False,Flat
245,2020-11-08 00:00:00.000000,,,Repair Report,False,False,0,False,False,227.0,False,Block of Flats
168,2020-11-08 00:00:00.000000,,,Repair Report,False,True,0,False,False,250.0,False,Flat
136,2020-11-29 00:00:00.000000,,,Repair Report,False,True,0,False,False,380.0,False,Flat
494,2020-12-01 00:00:00.000000,,,Repair Report,False,True,0,False,False,191.0,True,Flat
492,2020-12-07 00:00:00.000000,,,Repair Report,False,False,0,False,False,22.0,True,House
474,2020-12-09 00:00:00.000000,,,Repair Report,False,True,0,False,False,434.0,True,House
248,2020-12-17 00:00:00.000000,,,Repair Report,False,True,0,False,False,117.0,False,House
453,2020-12-18 00:00:00.000000,,,Repair Report,False,False,0,False,False,322.0,False,Flat
111,2020-12-27 00:00:00.000000,,,Repair Report,False,True,0,False,False,161.0,False,Flat
421,2021-01-15 00:00:00.000000,,,Repair Report,False,True,0,False,False,286.0,True,Flat
199,2021-01-18 00:00:00.000000,,,Repair Report,False,True,0,False,False,254.0,False,Flat
255,2021-02-04 00:00:00.000000,,,Repair Report,False,False,0,False,False,351.0,False,Flat
115,2021-02-21 00:00:00.000000,,,Repair Report,False,False,0,False,False,175.0,False,Flat
295,2021-03-11 00:00:00.000000,,,Repair Report,False,False,0,False,False,292.0,True,House
465,2021-03-17 00:00:00.000000,,,Repair Report,False,True,0,False,False,115.0,False,Block of Flats
298,2021-03-20 00:00:00.000000,,,Repair Report,False,False,0,False,False,255.0,False,House
496,2021-03-24 00:00:00.000000,,,Repair Report,False,True,0,False,False,17.0,False,House
312,2021-03-29 00:00:00.000000,,,Repair Report,False,False,0,False,False,303.0,False,Flat
278,2021-03-30 00:00:00.000000,,,Repair Report,False,True,0,False,False,73.0,True,Flat
495,2021-04-07 00:00:00.000000,,,Repair Report,False,True,0,False,False,61.0,False,Flat
409,2021-04-10 00:00:00.000000,,,Repair Report,False,False,0,False,False,20.0,False,Flat
246,2021-04-25 00:00:00.000000,,,Repair Report,False,True,0,False,False,203.0,False,Flat
195,2021-04-25 00:00:00.000000,,,Repair Report,False,False,0,False,False,12.0,False,House
233,2021-04-30 00:00:00.000000,,,Repair Report,False,False,0,False,False,308.0,False,House
466,2021-05-07 00:00:00.000000,,,Repair Report,False,True,0,False,False,80.0,True,House
97,2021-05-08 00:00:00.000000,,,Repair Report,False,False,0,False,False,264.0,False,Flat
480,2021-05-11 00:00:00.000000,,,Repair Report,False,True,0,False,False,143.0,False,House
211,2021-05-29 00:00:00.000000,,,Repair Report,False,False,0,False,False,189.0,False,House
95,2021-06-13 00:00:00.000000,,,Repair Report,False,False,0,False,False,144.0,False,House
126,2021-06-15 00:00:00.000000,,,Repair Report,False,False,0,False,False,280.0,False,Flat
207,2021-06-16 00:00:00.000000,,,Repair Report,False,True,0,False,False,349.0,False,Block of Flats
304,2021-06-16 00:00:00.000000,,,Repair Report,False,False,0,False,False,407.0,True,Block of Flats
196,2021-06-19 00:00:00.000000,,,Repair Report,False,False,0,False,False,182.0,False,Flat
26,2021-06-23 00:00:00.000000,,,Repair Report,False,True,0,False,False,114.0,False,Flat
60,2021-07-01 00:00:00.000000,,,Repair Report,False,True,0,False,False,230.0,False,Flat
214,2021-07-03 00:00:00.000000,,,Repair Report,False,False,0,False,False,359.0,False,House
346,2021-07-06 00:00:00.000000,,,Repair Report,False,False,0,False,False,436.0,False,House
498,2021-07-14 00:00:00.000000,,,Repair Report,False,False,0,False,False,27.0,False,House
46,2021-07-15 00:00:00.000000,,,Repair Report,False,False,0,False,False,153.0,False,Flat
490,2021-07-19 00:00:00.000000,,,Repair Report,False,False,0,False,False,173.0,False,Flat
177,2021-08-12 00:00:00.000000,,,Repair Report,False,True,0,False,False,122.0,False,Flat
305,2021-08-13 00:00:00.000000,,,Repair Report,False,True,0,False,False,76.0,False,Flat
273,2021-08-16 00:00:00.000000,,,Repair Report,False,True,0,False,False,194.0,False,Block of Flats
91,2021-08-16 00:00:00.000000,,,Repair Report,False,True,0,False,False,86.0,True,Flat
393,2021-08-20 00:00:00.000000,,,Repair Report,False,True,0,False,False,258.0,False,House
130,2021-08-26 00:00:00.000000,,,Repair Report,False,False,0,False,False,285.0,False,Flat
304,2021-08-27 00:00:00.000000,,,Repair Report,False,True,0,False,False,407.0,True,Block of Flats
97,2021-09-01 00:00:00.000000,,,Repair Report,False,False,0,False,False,264.0,False,Flat
166,2021-09-19 00:00:00.000000,,,Repair Report,False,True,0,False,False,204.0,False,Flat
417,2021-09-20 00:00:00.000000,,,Repair Report,False,False,0,False,False,256.0,False,Flat
42,2021-10-01 00:00:00.000000,,,Repair Report,False,True,0,False,False,346.0,False,Flat
317,2021-10-27 00:00:00.000000,,,Repair Report,False,False,0,False,False,19.0,False,Flat
270,2021-10-30 00:00:00.000000,,,Repair Report,False,True,0,False,False,409.0,False,House
498,2021-11-08 00:00:00.000000,,,Repair Report,False,True,0,False,False,27.0,False,House
376,2021-11-28 00:00:00.000000,,,Repair Report,False,False,0,False,False,192.0,False,Flat
83,2021-11-30 00:00:00.000000,,,Repair Report,False,True,0,False,False,82.0,False,House
417,2021-12-08 00:00:00.000000,,,Repair Report,False,True,0,False,False,256.0,False,Flat
322,2021-12-08 00:00:00.000000,,,Repair Report,False,False,0,False,False,85.0,False,Flat
113,2021-12-09 00:00:00.000000,,,Repair Report,False,False,0,False,False,295.0,False,Flat
328,2021-12-13 00:00:00.000000,,,Repair Report,False,False,0,False,False,368.0,False,House
16,2021-12-26 00:00:00.000000,,,Repair Report,False,True,0,False,False,100.0,True,Flat
338,2021-12-28 00:00:00.000000,,,Repair Report,False,False,0,False,False,398.0,False,Flat
401,2022-02-04 00:00:00.000000,,,Repair Report,False,True,0,False,False,193.0,False,Flat
228,2022-02-05 00:00:00.000000,,,Repair Report,False,True,0,False,False,126.0,False,House
191,2022-02-07 00:00:00.000000,,,Repair Report,False,True,0,False,False,415.0,False,Flat
256,2022-02-09 00:00:00.000000,,,Repair Report,False,False,0,False,False,215.0,False,Block of Flats
465,2022-02-11 00:00:00.000000,,,Repair Report,False,False,0,False,False,115.0,False,Block of Flats
295,2022-02-12 00:00:00.000000,,,Repair Report,False,True,0,False,False,292.0,True,House
40,2022-02-23 00:00:00.000000,,,Repair Report,False,False,0,False,False,66.0,False,Flat
87,2022-02-27 00:00:00.000000,,,Repair Report,False,False,0,False,False,97.0,False,Flat
193,2022-02-28 00:00:00.000000,,,Repair Report,False,True,0,False,False,137.0,False,Flat
75,2022-03-23 00:00:00.000000,,,Repair Report,False,False,0,False,False,208.0,False,House
139,2022-03-30 00:00:00.000000,,,Repair Report,False,True,0,False,False,378.0,True,House
487,2022-03-30 00:00:00.000000,,,Repair Report,False,False,0,False,False,406.0,False,Flat
383,2022-04-11 00:00:00.000000,,,Repair Report,False,True,0,False,False,221.0,False,Flat
496,2022-04-22 00:00:00.000000,,,Repair Report,False,False,0,False,False,17.0,False,House
293,2022-04-25 00:00:00.000000,,,Repair Report,False,False,0,False,False,362.0,False,Flat
292,2022-06-17 00:00:00.000000,,,Repair Report,False,False,0,False,False,290.0,False,House
437,2022-06-21 00:00:00.000000,,,Repair Report,False,False,0,False,False,233.0,False,House
347,2022-06-24 00:00:00.000000,,,Repair Report,False,False,0,False,False,236.0,False,Block of Flats
89,2022-06-25 00:00:00.000000,,,Repair Report,False,True,0,False,False,441.0,True,Flat
199,2022-06-26 00:00:00.000000,,,Repair Report,False,True,0,False,False,254.0,False,Flat
173,2022-07-05 00:00:00.000000,,,Repair Report,False,False,0,False,False,84.0,True,Flat
454,2022-07-11 00:00:00.000000,,,Repair Report,False,True,0,False,False,169.0,True,Flat
313,2022-07-13 00:00:00.000000,,,Repair Report,False,False,0,False,False,89.0,False,Flat
425,2022-07-22 00:00:00.000000,,,Repair Report,False,True,0,False,False,372.0,True,Flat
142,2022-07-29 00:00:00.000000,,,Repair Report,False,False,0,False,False,186.0,False,Block of Flats
250,2022-08-02 00:00:00.000000,,,Repair Report,False,False,0,False,False,101.0,True,House
402,2022-08-08 00:00:00.000000,,,Repair Report,False,False,0,False,False,414.0,False,House
404,2022-08-20 00:00:00.000000,,,Repair Report,False,True,0,False,False,393.0,False,Flat
225,2022-08-23 00:00:00.000000,,,Repair Report,False,True,0,False,False,312.0,True,Flat
200,2022-08-28 00:00:00.000000,,,Repair Report,False,True,0,False,False,206.0,True,Flat
119,2022-08-31 00:00:00.000000,,,Repair Report,False,True,0,False,False,174.0,False,House
238,2022-09-18 00:00:00.000000,,,Repair Report,False,False,0,False,False,118.0,False,Flat
155,2022-09-23 00:00:00.000000,,,Repair Report,False,False,0,False,False,81.0,False,House
276,2022-09-26 00:00:00.000000,,,Repair Report,False,False,0,False,False,184.0,False,House
216,2025-03-18 12:55:30.359483,71.1,12.4,IoT Alert,True,False,14,True,False,363.0,False,Flat
157,2025-03-18 14:55:30.359483,71.9,15.9,IoT Alert,True,True,7,False,False,389.0,False,Flat
85,2025-03-18 14:55:30.359483,75.8,10.8,IoT Alert,True,False,0,False,False,14.0,True,Flat
297,2025-03-18 15:55:30.359483,71.7,14.5,IoT Alert,True,True,7,False,False,252.0,False,House
167,2025-03-18 15:55:30.359483,76.2,15.7,IoT Alert,True,False,60,False,False,444.0,True,House
497,2025-03-18 19:55:30.359483,72.2,15.1,IoT Alert,True,False,0,False,False,,,House
126,2025-03-18 19:55:30.359483,72.6,12.2,IoT Alert,True,True,7,True,False,280.0,False,Flat
467,2025-03-18 20:55:30.359483,70.2,12.1,IoT Alert,True,True,7,True,False,,,Flat
180,2025-03-18 21:55:30.359483,74.3,13.3,IoT Alert,True,False,14,True,False,296.0,False,House
87,2025-03-18 22:55:30.359483,71.3,15.8,IoT Alert,True,False,90,False,False,97.0,False,Flat
417,2025-03-18 23:55:30.359483,70.9,15.9,IoT Alert,True,True,7,False,False,256.0,False,Flat
450,2025-03-19 00:55:30.359483,70.8,15.7,IoT Alert,True,True,7,False,False,243.0,False,Flat
112,2025-03-19 00:55:30.359483,74.6,15.8,IoT Alert,True,False,30,False,False,231.0,False,Flat
67,2025-03-19 02:55:30.359483,73.7,14.9,IoT Alert,True,False,14,False,False,141.0,False,House
444,2025-03-19 02:55:30.359483,75.1,15.1,IoT Alert,True,True,7,False,False,,,Flat
173,2025-03-19 02:55:30.359483,77.2,13.4,IoT Alert,True,False,14,False,False,84.0,True,Flat
288,2025-03-19 03:55:30.359483,72.8,13.8,IoT Alert,True,True,0,True,False,261.0,False,House
296,2025-03-19 04:55:30.359483,71.2,14.0,IoT Alert,True,True,0,True,False,402.0,False,Flat
331,2025-03-19 04:55:30.359483,70.6,15.2,IoT Alert,True,True,14,True,False,,,House
224,2025-03-19 06:55:30.359483,74.5,14.5,IoT Alert,True,False,14,False,False,282.0,False,Flat
145,2025-03-19 07:55:30.359483,71.5,15.9,IoT Alert,True,False,90,False,False,179.0,False,Flat
148,2025-03-19 07:55:30.359483,75.6,12.1,IoT Alert,True,True,7,False,False,259.0,False,House
60,2025-03-19 08:55:30.359483,71.8,11.9,IoT Alert,True,False,14,False,False,230.0,False,Flat
331,2025-03-19 10:55:30.359483,73.7,15.1,IoT Alert,True,True,30,True,False,,,House
301,2025-03-19 12:55:30.359483,75.3,15.6,IoT Alert,True,True,0,False,False,387.0,False,Block of Flats
14,2025-03-19 12:55:30.359483,74.3,14.9,IoT Alert,True,False,30,True,False,439.0,False,House
233,2025-03-19 15:55:30.359483,82.0,12.4,IoT Alert,True,True,0,False,False,308.0,False,House
43,2025-03-19 18:55:30.359483,73.7,10.5,IoT Alert,True,False,90,False,False,120.0,False,Block of Flats
162,2025-03-19 19:55:30.359483,72.6,13.5,IoT Alert,True,True,0,False,False,411.0,False,Block of Flats
311,2025-03-19 19:55:30.359483,75.3,12.0,IoT Alert,True,False,14,True,False,213.0,False,Flat
418,2025-03-19 19:55:30.359483,73.4,14.6,IoT Alert,True,True,0,False,False,127.0,False,Flat
69,2025-03-19 20:55:30.359483,70.2,15.6,IoT Alert,True,False,90,False,False,9.0,False,Flat
331,2025-03-19 20:55:30.359483,73.1,13.5,IoT Alert,True,True,14,False,False,,,House
309,2025-03-19 22:55:30.359483,74.0,15.2,IoT Alert,True,True,14,True,False,,,Flat
96,2025-03-20 00:55:30.359483,71.4,10.6,IoT Alert,True,True,0,False,False,340.0,True,Flat
370,2025-03-20 02:55:30.359483,82.6,14.6,IoT Alert,True,True,30,False,False,180.0,True,Flat
248,2025-03-20 04:55:30.359483,76.8,15.0,IoT Alert,True,True,7,True,False,117.0,False,House
42,2025-03-20 05:55:30.359483,74.0,13.5,IoT Alert,True,False,60,False,False,346.0,False,Flat
37,2025-03-20 05:55:30.359483,72.0,15.5,IoT Alert,True,True,7,True,False,223.0,True,Flat
333,2025-03-20 09:55:30.359483,78.8,14.9,IoT Alert,True,True,0,False,False,105.0,False,Flat
262,2025-03-20 10:55:30.359483,84.5,13.5,IoT Alert,True,True,0,False,False,149.0,True,Flat
433,2025-03-20 11:55:30.359483,70.2,12.5,IoT Alert,True,True,14,False,False,298.0,True,Flat
313,2025-03-20 11:55:30.359483,71.5,15.1,IoT Alert,True,False,14,False,False,89.0,False,Flat
19,2025-03-20 11:55:30.359483,74.1,14.0,IoT Alert,True,False,0,False,False,58.0,True,Flat
215,2025-03-20 12:55:30.359483,77.6,15.7,IoT Alert,True,True,30,True,False,,,Flat
307,2025-03-20 13:55:30.359483,71.7,14.3,IoT Alert,True,False,14,False,False,448.0,False,House
429,2025-03-20 15:55:30.359483,73.5,9.7,IoT Alert,True,False,14,True,False,163.0,False,Flat
429,2025-03-20 16:55:30.359483,71.8,13.3,IoT Alert,True,False,14,False,False,163.0,False,Flat
25,2025-03-20 16:55:30.359483,70.4,13.8,IoT Alert,True,False,14,False,False,138.0,False,Flat
470,2025-03-20 17:55:30.359483,73.4,14.0,IoT Alert,True,False,14,False,False,251.0,False,Flat
163,2025-03-20 17:55:30.359483,73.3,14.8,IoT Alert,True,True,0,False,False,376.0,False,Flat
85,2025-03-20 21:55:30.359483,70.7,13.7,IoT Alert,True,False,0,False,False,14.0,True,Flat
39,2025-03-20 22:55:30.359483,70.9,13.8,IoT Alert,True,False,60,False,False,248.0,False,House
322,2025-03-20 22:55:30.359483,73.9,14.0,IoT Alert,True,False,90,False,False,85.0,False,Flat
309,2025-03-20 22:55:30.359483,70.9,10.8,IoT Alert,True,True,7,False,False,,,Flat
68,2025-03-20 23:55:30.359483,70.7,14.6,IoT Alert,True,True,7,False,False,188.0,False,House
343,2025-03-21 03:55:30.359483,79.8,12.3,IoT Alert,True,False,30,False,False,338.0,False,Block of Flats
134,2025-03-21 03:55:30.359483,75.4,13.8,IoT Alert,True,False,14,False,False,321.0,False,Flat
147,2025-03-21 06:55:30.359483,71.5,15.1,IoT Alert,True,True,0,False,False,257.0,False,House
232,2025-03-21 06:55:30.359483,72.5,14.4,IoT Alert,True,True,0,False,False,125.0,False,Flat
254,2025-03-21 09:55:30.359483,74.1,11.5,IoT Alert,True,False,30,True,False,145.0,False,Flat
303,2025-03-21 11:55:30.359483,71.9,15.5,IoT Alert,True,False,30,False,False,281.0,False,House
444,2025-03-21 11:55:30.359483,70.2,15.9,IoT Alert,True,False,0,False,False,,,Flat
214,2025-03-21 11:55:30.359483,79.0,15.5,IoT Alert,True,True,7,False,False,359.0,False,House
155,2025-03-21 15:55:30.359483,74.5,15.1,IoT Alert,True,True,7,False,False,81.0,False,House
76,2025-03-21 15:55:30.359483,71.4,12.7,IoT Alert,True,False,30,False,False,98.0,False,House
156,2025-03-21 16:55:30.359483,71.0,15.0,IoT Alert,True,True,0,True,False,4.0,False,Block of Flats
231,2025-03-21 17:55:30.359483,70.9,13.2,IoT Alert,True,True,0,False,False,373.0,True,Flat
133,2025-03-21 17:55:30.359483,72.8,13.6,IoT Alert,True,False,30,False,False,110.0,True,Flat
67,2025-03-21 17:55:30.359483,70.2,12.1,IoT Alert,True,True,0,False,False,141.0,False,House
264,2025-03-21 18:55:30.359483,70.7,14.7,IoT Alert,True,False,30,True,False,429.0,False,Flat
265,2025-03-21 19:55:30.359483,71.0,14.5,IoT Alert,True,True,7,False,False,437.0,True,Flat
112,2025-03-21 21:55:30.359483,73.8,12.8,IoT Alert,True,True,0,False,False,231.0,False,Flat
456,2025-03-21 21:55:30.359483,70.5,14.1,IoT Alert,True,True,7,False,False,79.0,False,Flat
241,2025-03-21 22:55:30.359483,70.1,11.6,IoT Alert,True,False,30,True,False,342.0,False,House
30,2025-03-21 22:55:30.359483,70.6,15.6,IoT Alert,True,False,60,False,False,164.0,False,Block of Flats
22,2025-03-21 23:55:30.359483,79.6,13.5,IoT Alert,True,True,60,False,False,,,Flat
435,2025-03-22 00:55:30.359483,71.9,14.8,IoT Alert,True,True,7,False,False,396.0,False,House
105,2025-03-22 01:55:30.359483,70.4,15.0,IoT Alert,True,False,30,True,False,5.0,False,Flat
126,2025-03-22 02:55:30.359483,70.4,14.6,IoT Alert,True,True,7,False,False,280.0,False,Flat
88,2025-03-22 03:55:30.359483,72.0,12.7,IoT Alert,True,True,7,False,False,,,Flat
490,2025-03-22 07:55:30.359483,71.4,15.5,IoT Alert,True,False,60,False,False,173.0,False,Flat
412,2025-03-22 07:55:30.359483,79.0,15.0,IoT Alert,True,True,0,False,False,317.0,False,Flat
272,2025-03-22 14:55:30.359483,74.3,14.1,IoT Alert,True,True,0,False,False,134.0,True,Flat
212,2025-03-22 15:55:30.359483,81.2,15.7,IoT Alert,True,True,7,False,False,28.0,False,Flat
53,2025-03-22 15:55:30.359483,71.4,13.5,IoT Alert,True,True,0,False,False,435.0,True,Flat
209,2025-03-22 16:55:30.359483,70.2,13.4,IoT Alert,True,True,0,False,False,142.0,False,Flat
438,2025-03-22 16:55:30.359483,75.1,10.5,IoT Alert,True,True,14,False,False,165.0,True,Flat
348,2025-03-22 17:55:30.359483,71.6,15.6,IoT Alert,True,False,14,True,False,96.0,False,Flat
35,2025-03-22 18:55:30.359483,71.7,15.9,IoT Alert,True,False,60,False,False,428.0,False,Block of Flats
10,2025-03-22 19:55:30.359483,70.6,12.0,IoT Alert,True,True,60,True,False,11.0,True,Flat
232,2025-03-22 21:55:30.359483,76.5,15.7,IoT Alert,True,True,7,False,False,125.0,False,Flat
465,2025-03-22 22:55:30.359483,74.3,13.7,IoT Alert,True,True,7,False,False,115.0,False,Block of Flats
3,2025-03-23 01:55:30.359483,70.5,13.8,IoT Alert,True,True,7,False,False,35.0,False,Flat
69,2025-03-23 06:55:30.359483,75.0,15.4,IoT Alert,True,False,14,False,False,9.0,False,Flat
60,2025-03-23 08:55:30.359483,76.8,15.9,IoT Alert,True,True,7,False,False,230.0,False,Flat
476,2025-03-23 09:55:30.359483,73.5,14.6,IoT Alert,True,False,30,False,False,31.0,False,Block of Flats
119,2025-03-23 10:55:30.359483,75.5,15.5,IoT Alert,True,False,14,False,False,174.0,False,House
428,2025-03-23 12:55:30.359483,76.3,13.0,IoT Alert,True,True,14,False,False,430.0,True,Flat
61,2025-03-23 13:55:30.359483,78.8,12.0,IoT Alert,True,False,14,True,False,160.0,False,House
311,2025-03-23 14:55:30.359483,74.5,15.6,IoT Alert,True,True,7,False,False,213.0,False,Flat
1,2025-03-23 15:55:30.359483,75.2,14.8,IoT Alert,True,False,90,True,False,47.0,False,Flat
451,2025-03-23 18:55:30.359483,71.2,15.7,IoT Alert,True,False,30,False,False,10.0,False,Flat
453,2025-03-23 20:55:30.359483,74.4,15.3,IoT Alert,True,True,0,False,False,322.0,False,Flat
126,2025-03-23 22:55:30.359483,79.7,12.9,IoT Alert,True,False,60,True,False,280.0,False,Flat
371,2025-03-24 01:55:30.359483,71.8,12.7,IoT Alert,True,False,14,False,False,319.0,False,House
442,2025-03-24 02:55:30.359483,74.1,15.9,IoT Alert,True,False,60,False,False,422.0,False,House
30,2025-03-24 03:55:30.359483,71.1,14.9,IoT Alert,True,False,30,False,False,164.0,False,Block of Flats
479,2025-03-24 03:55:30.359483,81.2,13.4,IoT Alert,True,True,14,False,False,209.0,True,Flat
280,2025-03-24 03:55:30.359483,70.1,13.2,IoT Alert,True,True,0,True,False,395.0,False,House
250,2025-03-24 04:55:30.359483,70.5,13.9,IoT Alert,True,False,7,False,False,101.0,True,House
246,2025-03-24 05:55:30.359483,72.1,15.3,IoT Alert,True,False,14,True,False,203.0,False,Flat
453,2025-03-24 05:55:30.359483,81.9,12.4,IoT Alert,True,False,30,False,False,322.0,False,Flat
242,2025-03-24 07:55:30.359483,74.5,13.5,IoT Alert,True,True,7,False,False,438.0,False,Flat
248,2025-03-24 08:55:30.359483,74.4,15.9,IoT Alert,True,True,0,False,False,117.0,False,House
32,2025-03-24 09:55:30.359483,70.9,11.4,IoT Alert,True,False,60,False,False,131.0,False,House
367,2025-03-24 09:55:30.359483,73.2,15.7,IoT Alert,True,True,90,True,False,431.0,True,Flat
448,2025-03-24 10:55:30.359483,71.3,14.5,IoT Alert,True,False,14,False,False,260.0,True,Flat
167,2025-03-24 13:55:30.359483,82.6,13.6,IoT Alert,True,True,0,False,False,444.0,True,House
162,2025-03-24 15:55:30.359483,70.3,15.5,IoT Alert,True,True,7,False,False,411.0,False,Block of Flats
381,2025-03-24 15:55:30.359483,71.0,15.4,IoT Alert,True,True,0,False,False,245.0,True,Flat
255,2025-03-24 16:55:30.359483,73.1,15.0,IoT Alert,True,False,90,False,False,351.0,False,Flat
127,2025-03-24 19:55:30.359483,72.0,13.6,IoT Alert,True,True,0,False,False,129.0,True,Flat
211,2025-03-24 22:55:30.359483,70.8,15.6,IoT Alert,True,False,14,False,False,189.0,False,House
258,2025-03-24 22:55:30.359483,74.5,13.2,IoT Alert,True,True,7,True,False,,,House
98,2025-03-24 22:55:30.359483,71.0,13.2,IoT Alert,True,False,14,False,False,268.0,False,House
477,2025-03-24 22:55:30.359483,70.3,9.8,IoT Alert,True,False,30,False,False,382.0,False,Flat
302,2025-03-25 04:55:30.359483,74.4,14.8,IoT Alert,True,False,60,True,False,107.0,False,Block of Flats
163,2025-03-25 05:55:30.359483,74.6,15.6,IoT Alert,True,True,7,False,False,376.0,False,Flat
458,2025-03-25 06:55:30.359483,70.5,14.9,IoT Alert,True,True,0,False,False,403.0,False,House
370,2025-03-25 06:55:30.359483,77.2,15.5,IoT Alert,True,False,0,False,False,180.0,True,Flat
115,2025-03-25 08:55:30.359483,71.6,10.3,IoT Alert,True,False,90,False,False,175.0,False,Flat
113,2025-03-25 10:55:30.359483,73.8,14.5,IoT Alert,True,False,60,False,False,295.0,False,Flat
143,2025-03-25 12:55:30.359483,72.1,9.5,IoT Alert,True,True,14,False,False,336.0,True,House
80,2025-03-25 13:55:30.359483,70.9,12.3,IoT Alert,True,False,30,True,False,65.0,False,Flat
133,2025-03-25 13:55:30.359483,86.8,12.6,IoT Alert,True,False,30,False,False,110.0,True,Flat
198,2025-03-25 19:55:30.359483,76.1,15.4,IoT Alert,True,True,0,False,False,306.0,False,Block of Flats
229,2025-03-25 20:55:30.359483,70.7,14.5,IoT Alert,True,False,90,False,False,207.0,True,Flat
297,2025-03-25 21:55:30.359483,73.1,9.7,IoT Alert,True,False,14,False,False,252.0,False,House
343,2025-03-25 21:55:30.359483,70.4,15.6,IoT Alert,True,True,7,False,False,338.0,False,Block of Flats
464,2025-03-26 01:55:30.359483,88.2,12.7,IoT Alert,True,False,14,False,False,385.0,False,Flat
103,2025-03-26 03:55:30.359483,70.8,13.6,IoT Alert,True,False,0,False,False,,,House
334,2025-03-26 03:55:30.359483,73.8,15.0,IoT Alert,True,True,0,False,False,36.0,False,Flat
40,2025-03-26 03:55:30.359483,70.7,15.4,IoT Alert,True,False,30,False,False,66.0,False,Flat
356,2025-03-26 14:55:30.359483,70.2,12.7,IoT Alert,True,False,0,False,False,291.0,True,Flat
246,2025-03-26 15:55:30.359483,72.1,11.8,IoT Alert,True,False,30,False,False,203.0,False,Flat
450,2025-03-26 17:55:30.359483,74.4,12.7,IoT Alert,True,True,7,False,False,243.0,False,Flat
473,2025-03-26 18:55:30.359483,74.8,14.1,IoT Alert,True,True,7,True,False,92.0,False,Flat
189,2025-03-26 20:55:30.359483,77.9,13.5,IoT Alert,True,True,7,False,False,,,Flat
407,2025-03-26 22:55:30.359483,70.3,13.6,IoT Alert,True,True,7,False,False,13.0,False,House
372,2025-03-26 22:55:30.359483,70.4,15.7,IoT Alert,True,False,30,False,False,15.0,False,Flat
199,2025-03-26 22:55:30.359483,78.9,13.5,IoT Alert,True,True,7,False,False,254.0,False,Flat
258,2025-03-27 00:55:30.359483,71.8,15.5,IoT Alert,True,True,14,False,False,,,House
195,2025-03-27 00:55:30.359483,71.5,12.3,IoT Alert,True,False,14,True,False,12.0,False,House
178,2025-03-27 05:55:30.359483,74.4,14.7,IoT Alert,True,True,30,False,False,240.0,True,Block of Flats
375,2025-03-27 09:55:30.359483,74.7,12.4,IoT Alert,True,False,90,True,False,3.0,False,Flat
244,2025-03-27 10:55:30.359483,74.0,14.5,IoT Alert,True,True,30,True,False,,,House
393,2025-03-27 11:55:30.359483,74.8,15.3,IoT Alert,True,True,7,False,False,258.0,False,House
302,2025-03-27 13:55:30.359483,73.0,10.7,IoT Alert,True,True,0,False,False,107.0,False,Block of Flats
399,2025-03-27 14:55:30.359483,70.3,14.9,IoT Alert,True,True,7,False,False,337.0,False,Flat
92,2025-03-27 14:55:30.359483,72.0,12.6,IoT Alert,True,False,14,False,False,432.0,False,House
24,2025-03-27 16:55:30.359483,72.7,15.4,IoT Alert,True,True,0,False,False,147.0,False,Flat
276,2025-03-27 18:55:30.359483,77.6,15.2,IoT Alert,True,False,14,True,False,184.0,False,House
223,2025-03-27 18:55:30.359483,72.8,15.6,IoT Alert,True,False,14,False,False,148.0,False,Flat
425,2025-03-27 19:55:30.359483,71.5,14.8,IoT Alert,True,True,7,False,False,372.0,True,Flat
275,2025-03-27 21:55:30.359483,70.8,13.6,IoT Alert,True,False,30,False,False,222.0,False,Flat
436,2025-03-27 23:55:30.359483,70.1,15.4,IoT Alert,True,True,0,False,False,,,Block of Flats
120,2025-03-27 23:55:30.359483,72.2,15.5,IoT Alert,True,True,0,False,False,212.0,False,House
70,2025-03-28 00:55:30.359483,73.6,15.7,IoT Alert,True,True,30,False,False,78.0,True,House
38,2025-03-28 00:55:30.359483,78.0,14.0,IoT Alert,True,False,14,False,False,171.0,False,Flat
188,2025-03-28 01:55:30.359483,70.5,14.5,IoT Alert,True,False,30,False,False,,,House
265,2025-03-28 03:55:30.359483,72.2,15.6,IoT Alert,True,True,14,False,False,437.0,True,Flat
224,2025-03-28 03:55:30.359483,74.9,15.4,IoT Alert,True,True,7,False,False,282.0,False,Flat
261,2025-03-28 07:55:30.359483,75.1,15.8,IoT Alert,True,False,60,False,False,374.0,False,Flat
139,2025-03-28 07:55:30.359483,75.0,13.8,IoT Alert,True,True,30,False,False,378.0,True,House
384,2025-03-28 07:55:30.359483,70.3,14.6,IoT Alert,True,True,30,False,False,330.0,True,Flat
35,2025-03-28 08:55:30.359483,77.6,14.9,IoT Alert,True,True,7,False,False,428.0,False,Block of Flats
45,2025-03-28 10:55:30.359483,72.6,14.4,IoT Alert,True,False,14,False,False,323.0,False,House
152,2025-03-28 11:55:30.359483,70.4,14.0,IoT Alert,True,False,7,False,False,,,Block of Flats
13,2025-03-28 15:55:30.359483,70.7,9.5,IoT Alert,True,True,0,False,False,332.0,False,Flat
401,2025-03-28 16:55:30.359483,78.9,15.0,IoT Alert,True,False,90,False,False,193.0,False,Flat
95,2025-03-28 17:55:30.359483,72.9,15.3,IoT Alert,True,True,0,True,False,144.0,False,House
283,2025-03-28 17:55:30.359483,74.7,13.4,IoT Alert,True,False,90,False,False,350.0,False,Flat
409,2025-03-28 17:55:30.359483,72.2,15.9,IoT Alert,True,False,14,True,False,20.0,False,Flat
334,2025-03-28 18:55:30.359483,78.2,14.6,IoT Alert,True,True,0,False,False,36.0,False,Flat
69,2025-03-28 19:55:30.359483,72.6,12.8,IoT Alert,True,False,14,False,False,9.0,False,Flat
49,2025-03-28 20:55:30.359483,72.7,14.6,IoT Alert,True,False,60,False,False,,,Flat
142,2025-03-29 00:55:30.359483,71.4,15.9,IoT Alert,True,False,30,False,False,186.0,False,Block of Flats
450,2025-03-29 01:55:30.359483,72.3,14.9,IoT Alert,True,False,60,False,False,243.0,False,Flat
224,2025-03-29 04:55:30.359483,74.6,15.4,IoT Alert,True,False,30,False,False,282.0,False,Flat
392,2025-03-29 04:55:30.359483,75.1,15.2,IoT Alert,True,False,30,False,False,70.0,False,Flat
493,2025-03-29 05:55:30.359483,70.7,14.8,IoT Alert,True,False,60,False,False,446.0,False,Flat
123,2025-03-29 05:55:30.359483,75.5,15.8,IoT Alert,True,True,7,False,False,270.0,False,Flat
19,2025-03-29 05:55:30.359483,71.9,12.7,IoT Alert,True,True,14,True,False,58.0,True,Flat
303,2025-03-29 09:55:30.359483,74.8,14.3,IoT Alert,True,True,7,False,False,281.0,False,House
335,2025-03-29 12:55:30.359483,71.4,15.9,IoT Alert,True,True,90,True,False,30.0,True,House
389,2025-03-29 12:55:30.359483,72.0,15.2,IoT Alert,True,False,90,False,False,16.0,False,Flat
59,2025-03-29 16:55:30.359483,75.0,14.8,IoT Alert,True,True,0,True,False,,,Block of Flats
348,2025-03-29 19:55:30.359483,72.8,14.8,IoT Alert,True,False,30,True,False,96.0,False,Flat
461,2025-03-29 20:55:30.359483,72.4,15.8,IoT Alert,True,False,90,True,False,324.0,False,House
442,2025-03-29 20:55:30.359483,70.7,14.8,IoT Alert,True,True,0,True,False,422.0,False,House
318,2025-03-29 21:55:30.359483,70.5,15.9,IoT Alert,True,False,14,False,False,75.0,False,Flat
401,2025-03-29 22:55:30.359483,72.3,15.5,IoT Alert,True,False,90,False,False,193.0,False,Flat
78,2025-03-29 23:55:30.359483,77.9,15.9,IoT Alert,True,True,0,False,False,46.0,False,Flat
417,2025-03-30 01:55:30.359483,73.9,15.3,IoT Alert,True,False,30,True,False,256.0,False,Flat
195,2025-03-30 01:55:30.359483,73.1,14.3,IoT Alert,True,True,7,True,False,12.0,False,House
36,2025-03-30 03:55:30.359483,71.1,13.4,IoT Alert,True,True,90,False,False,333.0,True,Flat
306,2025-03-30 04:55:30.359483,74.0,13.7,IoT Alert,True,False,90,True,False,274.0,False,Flat
78,2025-03-30 05:55:30.359483,72.1,10.0,IoT Alert,True,False,90,True,False,46.0,False,Flat
60,2025-03-30 06:55:30.359483,70.2,14.5,IoT Alert,True,False,14,False,False,230.0,False,Flat
221,2025-03-30 06:55:30.359483,78.1,11.1,IoT Alert,True,False,60,False,False,121.0,False,Flat
490,2025-03-30 07:55:30.359483,73.5,15.5,IoT Alert,True,False,60,False,False,173.0,False,Flat
160,2025-03-30 08:55:30.359483,73.7,12.0,IoT Alert,True,True,7,False,False,331.0,True,House
165,2025-03-30 08:55:30.359483,73.9,15.5,IoT Alert,True,False,60,True,False,304.0,False,House
54,2025-03-30 08:55:30.359483,71.2,11.5,IoT Alert,True,True,0,False,False,419.0,False,Flat
357,2025-03-30 09:55:30.359483,71.1,15.9,IoT Alert,True,False,14,False,False,24.0,False,Flat
97,2025-03-30 10:55:30.359483,71.3,14.9,IoT Alert,True,True,7,False,False,264.0,False,Flat
417,2025-03-30 12:55:30.359483,72.3,13.7,IoT Alert,True,True,0,False,False,256.0,False,Flat
396,2025-03-30 13:55:30.359483,75.0,13.3,IoT Alert,True,True,0,False,False,278.0,False,Block of Flats
436,2025-03-30 13:55:30.359483,72.5,13.8,IoT Alert,True,True,30,True,False,,,Block of Flats
375,2025-03-30 16:55:30.359483,73.0,15.0,IoT Alert,True,True,7,False,False,3.0,False,Flat
432,2025-03-30 18:55:30.359483,79.4,13.0,IoT Alert,True,False,30,False,False,95.0,False,Flat
236,2025-03-30 18:55:30.359483,79.6,15.3,IoT Alert,True,True,0,False,False,,,Flat
81,2025-03-30 18:55:30.359483,70.8,15.9,IoT Alert,True,True,7,False,False,426.0,False,Flat
76,2025-03-30 20:55:30.359483,71.8,12.8,IoT Alert,True,False,14,False,False,98.0,False,House
139,2025-03-30 20:55:30.359483,70.7,15.3,IoT Alert,True,True,30,True,False,378.0,True,House
259,2025-03-30 21:55:30.359483,72.3,15.5,IoT Alert,True,True,7,False,False,307.0,False,Block of Flats
254,2025-03-30 21:55:30.359483,76.3,13.3,IoT Alert,True,False,30,False,False,145.0,False,Flat
326,2025-03-31 00:55:30.359483,70.1,14.0,IoT Alert,True,False,60,False,False,320.0,False,Flat
452,2025-03-31 01:55:30.359483,74.7,15.8,IoT Alert,True,False,30,False,False,67.0,True,House
310,2025-03-31 03:55:30.359483,79.6,15.3,IoT Alert,True,True,7,False,False,416.0,False,Flat
277,2025-03-31 05:55:30.359483,71.1,13.6,IoT Alert,True,False,0,False,False,,,Flat
283,2025-03-31 07:55:30.359483,71.1,12.7,IoT Alert,True,False,60,False,False,350.0,False,Flat
5,2025-03-31 09:55:30.359483,74.7,15.8,IoT Alert,True,True,0,True,False,353.0,False,House
101,2025-03-31 12:55:30.359483,73.7,14.2,IoT Alert,True,False,60,False,False,356.0,False,Flat
500,2025-03-31 14:55:30.359483,73.7,15.1,IoT Alert,True,True,14,False,False,,,Flat
300,2025-03-31 14:55:30.359483,70.9,12.9,IoT Alert,True,False,90,True,False,214.0,False,Flat
114,2025-03-31 16:55:30.359483,79.2,13.6,IoT Alert,True,False,30,True,False,132.0,False,Flat
351,2025-03-31 17:55:30.359483,73.7,13.7,IoT Alert,True,True,90,False,False,408.0,True,House
398,2025-03-31 17:55:30.359483,70.3,15.4,IoT Alert,True,True,7,True,False,314.0,False,House
152,2025-03-31 18:55:30.359483,72.1,15.7,IoT Alert,True,True,30,True,False,,,Block of Flats
433,2025-03-31 22:55:30.359483,73.2,14.1,IoT Alert,True,False,14,False,False,298.0,True,Flat
439,2025-03-31 22:55:30.359483,71.1,11.3,IoT Alert,True,True,14,True,False,99.0,True,House
328,2025-03-31 22:55:30.359483,74.6,14.1,IoT Alert,True,False,30,False,False,368.0,False,House
276,2025-03-31 23:55:30.359483,70.8,15.1,IoT Alert,True,False,60,False,False,184.0,False,House
124,2025-04-01 02:55:30.359483,71.3,11.5,IoT Alert,True,False,90,False,False,262.0,False,Flat
264,2025-04-01 03:55:30.359483,74.3,11.7,IoT Alert,True,False,30,False,False,429.0,False,Flat
485,2025-04-01 06:55:30.359483,74.0,13.0,IoT Alert,True,True,14,False,False,343.0,True,House
256,2025-04-01 06:55:30.359483,73.1,11.8,IoT Alert,True,False,14,False,False,215.0,False,Block of Flats
69,2025-04-01 09:55:30.359483,72.6,15.0,IoT Alert,True,False,30,False,False,9.0,False,Flat
201,2025-04-01 10:55:30.359483,71.3,15.9,IoT Alert,True,True,7,False,False,369.0,False,Flat
138,2025-04-01 10:55:30.359483,72.3,15.7,IoT Alert,True,True,0,False,False,111.0,False,Block of Flats
170,2025-04-01 10:55:30.359483,75.9,13.3,IoT Alert,True,True,7,True,False,,,House
471,2025-04-01 13:55:30.359483,73.5,11.1,IoT Alert,True,True,7,False,False,133.0,False,House
130,2025-04-01 13:55:30.359483,73.5,11.7,IoT Alert,True,True,7,False,False,285.0,False,Flat
93,2025-04-01 15:55:30.359483,76.8,15.1,IoT Alert,True,True,7,False,False,198.0,False,Flat
417,2025-04-01 16:55:30.359483,70.1,15.2,IoT Alert,True,True,0,True,False,256.0,False,Flat
8,2025-04-01 16:55:30.359483,73.1,15.1,IoT Alert,True,True,0,False,False,168.0,True,House
147,2025-04-01 17:55:30.359483,73.6,14.5,IoT Alert,True,False,90,False,False,257.0,False,House
314,2025-04-01 19:55:30.359483,72.5,15.7,IoT Alert,True,True,14,False,False,,,Block of Flats
368,2025-04-01 20:55:30.359483,70.5,15.4,IoT Alert,True,True,7,False,False,200.0,False,Flat
74,2025-04-01 20:55:30.359483,72.6,15.6,IoT Alert,True,False,30,False,False,2.0,False,Flat
5,2025-04-01 21:55:30.359483,74.3,12.1,IoT Alert,True,True,7,False,False,353.0,False,House
426,2025-04-01 23:55:30.359483,71.8,12.2,IoT Alert,True,False,90,False,False,377.0,False,House
301,2025-04-02 07:55:30.359483,70.6,14.3,IoT Alert,True,False,30,False,False,387.0,False,Block of Flats
55,2025-04-02 10:55:30.359483,78.4,14.7,IoT Alert,True,True,0,True,False,,,House
204,2025-04-02 11:55:30.359483,75.4,15.0,IoT Alert,True,False,14,False,False,128.0,False,Flat
50,2025-04-02 11:55:30.359483,72.2,14.9,IoT Alert,True,False,60,False,False,424.0,False,Flat
245,2025-04-02 12:55:30.359483,72.0,13.6,IoT Alert,True,False,90,False,False,227.0,False,Block of Flats
224,2025-04-02 13:55:30.359483,71.8,14.7,IoT Alert,True,False,14,False,False,282.0,False,Flat
124,2025-04-02 15:55:30.359483,76.6,15.7,IoT Alert,True,False,30,False,False,262.0,False,Flat
404,2025-04-02 18:55:30.359483,72.7,14.1,IoT Alert,True,True,0,True,False,393.0,False,Flat
470,2025-04-02 18:55:30.359483,70.3,9.8,IoT Alert,True,False,90,True,False,251.0,False,Flat
364,2025-04-02 20:55:30.359483,70.7,14.7,IoT Alert,True,False,7,False,False,,,Flat
398,2025-04-02 20:55:30.359483,72.2,10.4,IoT Alert,True,False,90,False,False,314.0,False,House
59,2025-04-03 02:55:30.359483,70.4,14.5,IoT Alert,True,True,30,False,False,,,Block of Flats
100,2025-04-03 02:55:30.359483,70.2,13.8,IoT Alert,True,False,30,False,False,,,House
92,2025-04-03 04:55:30.359483,76.5,14.9,IoT Alert,True,False,14,False,False,432.0,False,House
347,2025-04-03 05:55:30.359483,73.8,12.8,IoT Alert,True,True,7,False,False,236.0,False,Block of Flats
38,2025-04-03 06:55:30.359483,71.3,15.0,IoT Alert,True,True,0,False,False,171.0,False,Flat
488,2025-04-03 07:55:30.359483,70.8,15.2,IoT Alert,True,True,7,True,False,299.0,False,Flat
170,2025-04-03 10:55:30.359483,74.6,13.4,IoT Alert,True,True,0,True,False,,,House
266,2025-04-03 10:55:30.359483,71.2,15.9,IoT Alert,True,False,30,False,False,140.0,False,Flat
135,2025-04-03 11:55:30.359483,72.0,14.5,IoT Alert,True,True,7,False,False,447.0,False,House
37,2025-04-03 12:55:30.359483,72.8,15.9,IoT Alert,True,False,0,False,False,223.0,True,Flat
98,2025-04-03 14:55:30.359483,75.5,15.6,IoT Alert,True,False,90,False,False,268.0,False,House
336,2025-04-03 15:55:30.359483,72.6,14.8,IoT Alert,True,False,60,False,False,113.0,False,Flat
282,2025-04-03 17:55:30.359483,75.1,13.3,IoT Alert,True,False,90,False,False,116.0,False,Flat
442,2025-04-03 20:55:30.359483,74.7,15.2,IoT Alert,True,False,90,False,False,422.0,False,House
197,2025-04-04 01:55:30.359483,71.4,15.5,IoT Alert,True,True,0,False,False,224.0,True,Flat
226,2025-04-04 01:55:30.359483,75.1,15.8,IoT Alert,True,True,7,False,False,218.0,False,Flat
396,2025-04-04 03:55:30.359483,72.4,15.5,IoT Alert,True,False,30,True,False,278.0,False,Block of Flats
112,2025-04-04 04:55:30.359483,73.1,15.6,IoT Alert,True,False,30,False,False,231.0,False,Flat
454,2025-04-04 04:55:30.359483,70.2,13.1,IoT Alert,True,True,0,True,False,169.0,True,Flat
375,2025-04-04 04:55:30.359483,74.9,15.8,IoT Alert,True,False,60,False,False,3.0,False,Flat
215,2025-04-04 04:55:30.359483,73.8,14.2,IoT Alert,True,True,7,False,False,,,Flat
190,2025-04-04 06:55:30.359483,70.5,15.3,IoT Alert,True,False,7,False,False,,,Flat
336,2025-04-04 07:55:30.359483,75.4,14.9,IoT Alert,True,False,14,False,False,113.0,False,Flat
451,2025-04-04 09:55:30.359483,71.0,13.6,IoT Alert,True,False,14,True,False,10.0,False,Flat
461,2025-04-04 10:55:30.359483,71.3,15.0,IoT Alert,True,False,14,False,False,324.0,False,House
77,2025-04-04 10:55:30.359483,71.1,12.9,IoT Alert,True,True,0,False,False,25.0,False,Flat
118,2025-04-04 14:55:30.359483,70.4,14.7,IoT Alert,True,False,60,True,False,119.0,False,Flat
148,2025-04-04 16:55:30.359483,71.8,15.3,IoT Alert,True,True,7,False,False,259.0,False,House
25,2025-04-04 17:55:30.359483,70.3,13.3,IoT Alert,True,True,0,False,False,138.0,False,Flat
443,2025-04-04 20:55:30.359483,71.6,15.4,IoT Alert,True,False,60,False,False,267.0,False,Flat
315,2025-04-04 20:55:30.359483,70.5,14.3,IoT Alert,True,False,90,True,False,249.0,False,Flat
230,2025-04-04 21:55:30.359483,72.0,12.2,IoT Alert,True,False,60,False,False,108.0,False,Flat
27,2025-04-04 21:55:30.359483,71.8,12.8,IoT Alert,True,False,60,True,False,167.0,False,Flat
27,2025-04-05 03:55:30.359483,70.3,15.2,IoT Alert,True,False,30,False,False,167.0,False,Flat
55,2025-04-05 04:55:30.359483,78.8,14.9,IoT Alert,True,False,14,False,False,,,House
172,2025-04-05 07:55:30.359483,72.4,12.0,IoT Alert,True,True,0,False,False,360.0,False,House
423,2025-04-05 10:55:30.359483,84.7,14.5,IoT Alert,True,False,14,False,False,301.0,True,Flat
388,2025-04-05 11:55:30.359483,71.1,15.2,IoT Alert,True,True,7,False,False,442.0,False,Flat
45,2025-04-05 13:55:30.359483,70.4,14.9,IoT Alert,True,True,7,False,False,323.0,False,House
94,2025-04-05 14:55:30.359483,73.1,14.7,IoT Alert,True,False,30,False,False,42.0,False,Flat
265,2025-04-05 15:55:30.359483,76.3,14.9,IoT Alert,True,False,14,False,False,437.0,True,Flat
104,2025-04-05 15:55:30.359483,70.9,15.7,IoT Alert,True,True,0,False,False,246.0,False,Flat
72,2025-04-05 16:55:30.359483,82.0,11.6,IoT Alert,True,True,7,True,False,,,House
474,2025-04-05 16:55:30.359483,71.4,15.5,IoT Alert,True,False,30,False,False,434.0,True,House
283,2025-04-05 17:55:30.359483,75.6,15.2,IoT Alert,True,True,0,True,False,350.0,False,Flat
445,2025-04-05 17:55:30.359483,74.6,13.6,IoT Alert,True,False,60,False,False,288.0,False,House
29,2025-04-05 18:55:30.359483,72.5,15.9,IoT Alert,True,False,14,False,False,334.0,False,Flat
3,2025-04-05 18:55:30.359483,70.8,15.3,IoT Alert,True,False,14,True,False,35.0,False,Flat
34,2025-04-05 18:55:30.359483,70.2,15.0,IoT Alert,True,True,14,True,False,45.0,True,Flat
408,2025-04-05 23:55:30.359483,73.0,14.1,IoT Alert,True,False,60,True,False,269.0,False,Flat
261,2025-04-06 00:55:30.359483,71.5,15.7,IoT Alert,True,True,7,False,False,374.0,False,Flat
44,2025-04-06 02:55:30.359483,71.7,15.9,IoT Alert,True,False,30,False,False,412.0,False,Flat
144,2025-04-06 03:55:30.359483,72.2,15.0,IoT Alert,True,False,14,False,False,265.0,False,Flat
467,2025-04-06 03:55:30.359483,72.2,15.5,IoT Alert,True,True,7,False,False,,,Flat
194,2025-04-06 04:55:30.359483,70.3,13.1,IoT Alert,True,False,60,False,False,55.0,False,Flat
476,2025-04-06 06:55:30.359483,76.3,14.3,IoT Alert,True,False,30,False,False,31.0,False,Block of Flats
269,2025-04-06 06:55:30.359483,72.2,15.5,IoT Alert,True,False,30,False,False,77.0,False,Flat
269,2025-04-06 07:55:30.359483,79.4,15.3,IoT Alert,True,False,60,False,False,77.0,False,Flat
471,2025-04-06 09:55:30.359483,75.0,15.7,IoT Alert,True,False,60,False,False,133.0,False,House
34,2025-04-06 10:55:30.359483,76.2,15.2,IoT Alert,True,False,30,False,False,45.0,True,Flat
375,2025-04-06 12:55:30.359483,71.6,15.7,IoT Alert,True,False,60,False,False,3.0,False,Flat
34,2025-04-06 13:55:30.359483,71.5,13.7,IoT Alert,True,False,30,False,False,45.0,True,Flat
280,2025-04-06 13:55:30.359483,78.4,14.5,IoT Alert,True,False,30,False,False,395.0,False,House
328,2025-04-06 14:55:30.359483,70.8,15.4,IoT Alert,True,False,30,False,False,368.0,False,House
92,2025-04-06 14:55:30.359483,74.9,15.7,IoT Alert,True,False,30,False,False,432.0,False,House
411,2025-04-06 16:55:30.359483,74.3,13.0,IoT Alert,True,True,0,False,False,54.0,False,Flat
214,2025-04-06 18:55:30.359483,73.0,14.9,IoT Alert,True,False,60,False,False,359.0,False,House
62,2025-04-06 18:55:30.359483,72.2,13.5,IoT Alert,True,False,60,False,False,364.0,False,Flat
426,2025-04-06 19:55:30.359483,71.0,11.6,IoT Alert,True,True,0,False,False,377.0,False,House
397,2025-04-06 21:55:30.359483,75.2,14.7,IoT Alert,True,False,60,False,False,293.0,False,Flat
236,2025-04-07 01:55:30.359483,72.7,10.8,IoT Alert,True,True,0,False,False,,,Flat
358,2025-04-07 01:55:30.359483,70.7,15.7,IoT Alert,True,True,7,False,False,156.0,True,Flat
178,2025-04-07 03:55:30.359483,70.4,14.7,IoT Alert,True,True,30,False,False,240.0,True,Block of Flats
212,2025-04-07 03:55:30.359483,70.7,12.5,IoT Alert,True,True,0,False,False,28.0,False,Flat
189,2025-04-07 03:55:30.359483,73.1,15.9,IoT Alert,True,True,60,False,False,,,Flat
264,2025-04-07 04:55:30.359483,71.0,12.9,IoT Alert,True,False,60,False,False,429.0,False,Flat
481,2025-04-07 06:55:30.359483,71.4,14.9,IoT Alert,True,False,14,False,False,449.0,False,Block of Flats
106,2025-04-07 06:55:30.359483,71.8,15.4,IoT Alert,True,True,0,False,False,418.0,False,House
50,2025-04-07 06:55:30.359483,82.1,13.1,IoT Alert,True,True,7,False,False,424.0,False,Flat
347,2025-04-07 07:55:30.359483,71.3,15.6,IoT Alert,True,False,30,False,False,236.0,False,Block of Flats
273,2025-04-07 08:55:30.359483,71.9,13.1,IoT Alert,True,False,90,False,False,194.0,False,Block of Flats
463,2025-04-07 08:55:30.359483,73.7,11.4,IoT Alert,True,False,30,False,False,155.0,False,Flat
3,2025-04-07 09:55:30.359483,71.2,15.8,IoT Alert,True,True,7,False,False,35.0,False,Flat
214,2025-04-07 10:55:30.359483,75.1,9.6,IoT Alert,True,False,30,True,False,359.0,False,House
467,2025-04-07 11:55:30.359483,75.7,15.0,IoT Alert,True,True,14,False,False,,,Flat
500,2025-04-07 15:55:30.359483,72.6,10.9,IoT Alert,True,True,30,True,False,,,Flat
422,2025-04-07 21:55:30.359483,72.3,12.8,IoT Alert,True,True,0,False,False,348.0,True,Flat
199,2025-04-08 02:55:30.359483,73.3,14.9,IoT Alert,True,False,30,False,False,254.0,False,Flat
273,2025-04-08 02:55:30.359483,73.8,15.3,IoT Alert,True,False,14,False,False,194.0,False,Block of Flats
102,2025-04-08 03:55:30.359483,78.1,15.1,IoT Alert,True,False,90,False,False,29.0,False,Flat
152,2025-04-08 03:55:30.359483,72.7,13.8,IoT Alert,True,True,7,False,False,,,Block of Flats
392,2025-04-08 04:55:30.359483,72.7,15.1,IoT Alert,True,False,30,False,False,70.0,False,Flat
5,2025-04-08 04:55:30.359483,70.8,14.8,IoT Alert,True,False,90,False,False,353.0,False,House
68,2025-04-08 04:55:30.359483,73.0,11.7,IoT Alert,True,True,0,False,False,188.0,False,House
63,2025-04-08 05:55:30.359483,72.4,14.3,IoT Alert,True,False,90,False,False,379.0,False,Flat
229,2025-04-08 06:55:30.359483,74.7,14.8,IoT Alert,True,True,30,True,False,207.0,True,Flat
63,2025-04-08 06:55:30.359483,70.7,15.9,IoT Alert,True,True,0,False,False,379.0,False,Flat
152,2025-04-08 09:55:30.359483,71.0,13.1,IoT Alert,True,False,7,False,False,,,Block of Flats
14,2025-04-08 14:55:30.359483,72.3,15.5,IoT Alert,True,False,30,False,False,439.0,False,House
350,2025-04-08 14:55:30.359483,73.2,14.2,IoT Alert,True,True,0,False,False,311.0,False,Block of Flats
492,2025-04-08 15:55:30.359483,72.8,15.6,IoT Alert,True,True,14,False,False,22.0,True,House
294,2025-04-08 16:55:30.359483,72.8,12.4,IoT Alert,True,True,7,False,False,,,Flat
417,2025-04-08 16:55:30.359483,73.2,14.4,IoT Alert,True,False,30,False,False,256.0,False,Flat
428,2025-04-08 20:55:30.359483,74.9,13.6,IoT Alert,True,False,0,False,False,430.0,True,Flat
383,2025-04-08 20:55:30.359483,70.9,14.6,IoT Alert,True,False,60,False,False,221.0,False,Flat
488,2025-04-08 21:55:30.359483,73.0,12.5,IoT Alert,True,False,90,False,False,299.0,False,Flat
200,2025-04-08 22:55:30.359483,73.4,12.8,IoT Alert,True,True,90,True,False,206.0,True,Flat
240,2025-04-08 22:55:30.359483,83.8,13.8,IoT Alert,True,False,30,False,False,266.0,False,Block of Flats
340,2025-04-08 22:55:30.359483,70.2,15.7,IoT Alert,True,True,0,False,False,433.0,False,Block of Flats
440,2025-04-08 23:55:30.359483,72.0,13.7,IoT Alert,True,False,30,False,False,228.0,False,House
162,2025-04-09 00:55:30.359483,70.5,11.8,IoT Alert,True,True,0,False,False,411.0,False,Block of Flats
451,2025-04-09 03:55:30.359483,70.1,13.9,IoT Alert,True,True,0,False,False,10.0,False,Flat
441,2025-04-09 05:55:30.359483,70.5,15.0,IoT Alert,True,False,7,False,False,33.0,True,Flat
477,2025-04-09 07:55:30.359483,70.9,15.3,IoT Alert,True,False,14,False,False,382.0,False,Flat
136,2025-04-09 09:55:30.359483,70.7,12.1,IoT Alert,True,False,30,False,False,380.0,False,Flat
3,2025-04-09 10:55:30.359483,72.8,14.1,IoT Alert,True,False,30,True,False,35.0,False,Flat
238,2025-04-09 10:55:30.359483,70.2,15.9,IoT Alert,True,False,14,False,False,118.0,False,Flat
425,2025-04-09 12:55:30.359483,70.4,13.9,IoT Alert,True,True,7,False,False,372.0,True,Flat
364,2025-04-09 14:55:30.359483,73.5,13.7,IoT Alert,True,True,90,True,False,,,Flat
458,2025-04-09 14:55:30.359483,70.3,13.7,IoT Alert,True,False,14,False,False,403.0,False,House
149,2025-04-09 15:55:30.359483,79.0,14.6,IoT Alert,True,False,14,False,False,57.0,True,Block of Flats
473,2025-04-09 17:55:30.359483,71.1,14.5,IoT Alert,True,True,0,False,False,92.0,False,Flat
304,2025-04-09 19:55:30.359483,71.7,15.4,IoT Alert,True,False,30,False,False,407.0,True,Block of Flats
89,2025-04-09 20:55:30.359483,75.4,10.9,IoT Alert,True,True,30,False,False,441.0,True,Flat
264,2025-04-09 20:55:30.359483,72.4,15.4,IoT Alert,True,True,7,False,False,429.0,False,Flat
317,2025-04-09 21:55:30.359483,77.4,14.0,IoT Alert,True,True,0,False,False,19.0,False,Flat
144,2025-04-09 21:55:30.359483,76.0,15.8,IoT Alert,True,False,30,False,False,265.0,False,Flat
51,2025-04-09 22:55:30.359483,76.6,14.7,IoT Alert,True,True,30,False,False,,,Flat
140,2025-04-09 22:55:30.359483,78.6,11.2,IoT Alert,True,True,7,False,False,225.0,False,Flat
93,2025-04-09 23:55:30.359483,71.2,15.5,IoT Alert,True,False,90,True,False,198.0,False,Flat
463,2025-04-10 00:55:30.359483,71.6,15.5,IoT Alert,True,True,0,False,False,155.0,False,Flat
342,2025-04-10 00:55:30.359483,70.2,15.6,IoT Alert,True,True,14,False,False,72.0,True,Flat
479,2025-04-10 03:55:30.359483,72.6,15.9,IoT Alert,True,True,90,False,False,209.0,True,Flat
351,2025-04-10 04:55:30.359483,72.0,15.8,IoT Alert,True,True,14,False,False,408.0,True,House
305,2025-04-10 04:55:30.359483,77.3,15.5,IoT Alert,True,False,30,False,False,76.0,False,Flat
487,2025-04-10 06:55:30.359483,71.2,15.8,IoT Alert,True,True,7,True,False,406.0,False,Flat
370,2025-04-10 08:55:30.359483,70.2,12.5,IoT Alert,True,True,7,True,False,180.0,True,Flat
343,2025-04-10 09:55:30.359483,71.4,13.4,IoT Alert,True,False,90,False,False,338.0,False,Block of Flats
177,2025-04-10 13:55:30.359483,72.1,11.6,IoT Alert,True,False,14,False,False,122.0,False,Flat
322,2025-04-10 16:55:30.359483,72.4,15.5,IoT Alert,True,False,60,False,False,85.0,False,Flat
470,2025-04-10 16:55:30.359483,71.9,14.3,IoT Alert,True,True,7,False,False,251.0,False,Flat
295,2025-04-10 19:55:30.359483,72.1,15.6,IoT Alert,True,False,7,False,False,292.0,True,House
8,2025-04-10 21:55:30.359483,70.2,14.1,IoT Alert,True,True,0,False,False,168.0,True,House
474,2025-04-10 21:55:30.359483,72.1,15.4,IoT Alert,True,True,30,False,False,434.0,True,House
202,2025-04-11 00:55:30.359483,70.1,10.0,IoT Alert,True,False,7,False,False,410.0,True,Flat
174,2025-04-11 03:55:30.359483,72.6,15.5,IoT Alert,True,False,60,False,False,34.0,False,Flat
436,2025-04-11 04:55:30.359483,73.3,15.1,IoT Alert,True,True,14,True,False,,,Block of Flats
229,2025-04-11 04:55:30.359483,70.7,15.4,IoT Alert,True,True,90,True,False,207.0,True,Flat
358,2025-04-11 05:55:30.359483,75.9,12.1,IoT Alert,True,False,0,False,False,156.0,True,Flat
465,2025-04-11 05:55:30.359483,81.6,13.2,IoT Alert,True,False,60,False,False,115.0,False,Block of Flats
118,2025-04-11 06:55:30.359483,76.5,15.3,IoT Alert,True,False,30,False,False,119.0,False,Flat
475,2025-04-11 06:55:30.359483,70.6,15.5,IoT Alert,True,False,30,True,False,253.0,False,House
488,2025-04-11 07:55:30.359483,73.8,11.2,IoT Alert,True,False,60,False,False,299.0,False,Flat
286,2025-04-11 07:55:30.359483,72.1,15.3,IoT Alert,True,False,30,True,False,316.0,False,Flat
232,2025-04-11 11:55:30.359483,71.5,14.5,IoT Alert,True,False,30,False,False,125.0,False,Flat
442,2025-04-11 11:55:30.359483,76.1,15.5,IoT Alert,True,True,0,False,False,422.0,False,House
67,2025-04-11 13:55:30.359483,74.9,15.9,IoT Alert,True,True,0,False,False,141.0,False,House
37,2025-04-11 14:55:30.359483,75.1,13.1,IoT Alert,True,True,90,True,False,223.0,True,Flat
190,2025-04-11 14:55:30.359483,71.3,13.8,IoT Alert,True,False,30,False,False,,,Flat
238,2025-04-11 16:55:30.359483,72.9,15.1,IoT Alert,True,False,30,False,False,118.0,False,Flat
110,2025-04-11 16:55:30.359483,87.5,14.8,IoT Alert,True,False,14,False,False,195.0,False,Flat
429,2025-04-11 17:55:30.359483,70.2,15.4,IoT Alert,True,True,0,False,False,163.0,False,Flat
49,2025-04-11 17:55:30.359483,72.7,12.4,IoT Alert,True,True,0,False,False,,,Flat
344,2025-04-11 18:55:30.359483,77.6,13.7,IoT Alert,True,True,30,False,False,,,Flat
381,2025-04-11 20:55:30.359483,70.9,13.7,IoT Alert,True,False,14,False,False,245.0,True,Flat
240,2025-04-11 23:55:30.359483,74.9,15.2,IoT Alert,True,True,7,False,False,266.0,False,Block of Flats
81,2025-04-12 02:55:30.359483,71.2,11.6,IoT Alert,True,False,14,True,False,426.0,False,Flat
264,2025-04-12 03:55:30.359483,70.9,15.3,IoT Alert,True,True,0,False,False,429.0,False,Flat
260,2025-04-12 03:55:30.359483,70.9,15.2,IoT Alert,True,False,14,True,False,417.0,False,Flat
307,2025-04-12 05:55:30.359483,74.8,12.5,IoT Alert,True,True,7,True,False,448.0,False,House
58,2025-04-12 06:55:30.359483,71.3,15.3,IoT Alert,True,False,30,False,False,136.0,False,Flat
357,2025-04-12 07:55:30.359483,71.7,13.0,IoT Alert,True,True,7,False,False,24.0,False,Flat
6,2025-04-12 11:55:30.359483,71.3,13.0,IoT Alert,True,False,14,False,False,151.0,False,Flat
227,2025-04-12 14:55:30.359483,78.9,14.6,IoT Alert,True,True,0,False,False,357.0,True,Flat
267,2025-04-12 15:55:30.359483,70.2,15.8,IoT Alert,True,True,0,False,False,146.0,True,Flat
197,2025-04-12 18:55:30.359483,71.0,13.1,IoT Alert,True,True,7,True,False,224.0,True,Flat
33,2025-04-12 20:55:30.359483,72.7,15.5,IoT Alert,True,True,14,True,False,366.0,True,Block of Flats
24,2025-04-12 20:55:30.359483,74.9,15.1,IoT Alert,True,False,30,True,False,147.0,False,Flat
430,2025-04-12 20:55:30.359483,78.9,15.3,IoT Alert,True,True,7,True,False,358.0,False,Flat
439,2025-04-12 23:55:30.359483,75.0,15.2,IoT Alert,True,True,30,True,False,99.0,True,House
213,2025-04-12 23:55:30.359483,72.5,14.0,IoT Alert,True,True,60,False,False,401.0,True,Block of Flats
354,2025-04-13 01:55:30.359483,71.1,13.8,IoT Alert,True,False,30,False,False,219.0,False,Flat
142,2025-04-13 02:55:30.359483,70.2,15.0,IoT Alert,True,True,0,False,False,186.0,False,Block of Flats
392,2025-04-13 02:55:30.359483,74.9,13.3,IoT Alert,True,False,14,False,False,70.0,False,Flat
289,2025-04-13 03:55:30.359483,73.5,14.3,IoT Alert,True,False,0,False,False,375.0,True,House
472,2025-04-13 04:55:30.359483,71.0,12.8,IoT Alert,True,True,7,True,False,166.0,False,House
116,2025-04-13 05:55:30.359483,74.3,14.3,IoT Alert,True,False,90,False,False,309.0,False,House
280,2025-04-13 05:55:30.359483,72.8,12.2,IoT Alert,True,True,0,False,False,395.0,False,House
357,2025-04-13 06:55:30.359483,71.8,15.6,IoT Alert,True,False,14,True,False,24.0,False,Flat
348,2025-04-13 07:55:30.359483,78.9,13.7,IoT Alert,True,False,30,True,False,96.0,False,Flat
209,2025-04-13 09:55:30.359483,73.1,15.9,IoT Alert,True,False,30,False,False,142.0,False,Flat
265,2025-04-13 09:55:30.359483,76.7,14.4,IoT Alert,True,True,14,True,False,437.0,True,Flat
464,2025-04-13 10:55:30.359483,80.5,15.5,IoT Alert,True,True,0,False,False,385.0,False,Flat
226,2025-04-13 13:55:30.359483,70.6,13.5,IoT Alert,True,True,7,False,False,218.0,False,Flat
490,2025-04-13 15:55:30.359483,74.7,11.3,IoT Alert,True,False,14,True,False,173.0,False,Flat
195,2025-04-13 15:55:30.359483,73.7,13.7,IoT Alert,True,True,0,True,False,12.0,False,House
66,2025-04-13 16:55:30.359483,71.0,13.9,IoT Alert,True,True,7,True,False,325.0,False,House
407,2025-04-13 16:55:30.359483,70.1,14.5,IoT Alert,True,True,0,True,False,13.0,False,House
61,2025-04-13 17:55:30.359483,70.3,11.8,IoT Alert,True,True,0,False,False,160.0,False,House
241,2025-04-13 17:55:30.359483,70.3,15.8,IoT Alert,True,True,7,False,False,342.0,False,House
460,2025-04-13 19:55:30.359483,71.9,12.8,IoT Alert,True,True,0,True,False,,,Flat
43,2025-04-13 21:55:30.359483,70.7,14.8,IoT Alert,True,False,14,False,False,120.0,False,Block of Flats
3,2025-04-13 23:55:30.359483,76.2,15.7,IoT Alert,True,False,30,False,False,35.0,False,Flat
7,2025-04-14 00:55:30.359483,70.9,15.0,IoT Alert,True,False,60,False,False,234.0,False,Flat
56,2025-04-14 01:55:30.359483,73.3,15.1,IoT Alert,True,True,7,False,False,56.0,False,Flat
52,2025-04-14 01:55:30.359483,70.4,14.8,IoT Alert,True,True,0,False,False,341.0,False,Flat
156,2025-04-14 03:55:30.359483,72.5,14.4,IoT Alert,True,True,0,False,False,4.0,False,Block of Flats
244,2025-04-14 04:55:30.359483,74.3,15.7,IoT Alert,True,True,30,False,False,,,House
482,2025-04-14 06:55:30.359483,74.7,12.0,IoT Alert,True,False,30,False,False,300.0,True,Flat
200,2025-04-14 08:55:30.359483,71.3,15.6,IoT Alert,True,False,0,False,False,206.0,True,Flat
446,2025-04-14 09:55:30.359483,71.6,15.2,IoT Alert,True,True,90,True,False,,,Flat
463,2025-04-14 10:55:30.359483,71.8,13.8,IoT Alert,True,True,0,True,False,155.0,False,Flat
258,2025-04-14 12:55:30.359483,71.2,13.5,IoT Alert,True,True,14,True,False,,,House
229,2025-04-14 15:55:30.359483,77.0,14.8,IoT Alert,True,True,30,True,False,207.0,True,Flat
163,2025-04-14 15:55:30.359483,72.4,13.9,IoT Alert,True,False,60,False,False,376.0,False,Flat
16,2025-04-14 18:55:30.359483,72.1,12.0,IoT Alert,True,True,30,True,False,100.0,True,Flat
415,2025-04-14 18:55:30.359483,81.3,15.0,IoT Alert,True,False,60,True,False,88.0,False,Flat
457,2025-04-14 19:55:30.359483,74.5,15.5,IoT Alert,True,False,7,False,False,,,House
448,2025-04-14 20:55:30.359483,70.9,13.4,IoT Alert,True,True,60,False,False,260.0,True,Flat
252,2025-04-14 20:55:30.359483,70.6,14.7,IoT Alert,True,True,0,True,False,404.0,False,Flat
390,2025-04-14 22:55:30.359483,70.6,14.4,IoT Alert,True,False,60,False,False,420.0,False,House
307,2025-04-15 00:55:30.359483,70.1,14.6,IoT Alert,True,False,14,False,False,448.0,False,House
443,2025-04-15 01:55:30.359483,71.0,10.2,IoT Alert,True,False,60,False,False,267.0,False,Flat
186,2025-04-15 02:55:30.359483,76.8,15.3,IoT Alert,True,False,14,False,False,44.0,False,House
253,2025-04-15 05:55:30.359483,71.4,13.7,IoT Alert,True,True,30,False,False,,,Flat
406,2025-04-15 07:55:30.359483,74.6,15.7,IoT Alert,True,True,14,True,False,159.0,True,House
92,2025-04-15 09:55:30.359483,73.6,15.5,IoT Alert,True,False,30,False,False,432.0,False,House
23,2025-04-15 09:55:30.359483,72.3,13.6,IoT Alert,True,True,0,True,False,50.0,True,Flat
318,2025-04-15 12:55:30.359483,71.6,15.5,IoT Alert,True,True,0,True,False,75.0,False,Flat
455,2025-04-15 12:55:30.359483,74.1,14.8,IoT Alert,True,True,7,True,False,185.0,False,House
384,2025-04-15 14:55:30.359483,70.4,10.1,IoT Alert,True,True,0,False,False,330.0,True,Flat
179,2025-04-15 17:55:30.359483,76.0,14.4,IoT Alert,True,False,60,True,False,345.0,False,House
167,2025-04-15 18:55:30.359483,70.2,14.6,IoT Alert,True,True,7,True,False,444.0,True,House
301,2025-04-15 18:55:30.359483,81.4,13.7,IoT Alert,True,False,90,False,False,387.0,False,Block of Flats
141,2025-04-15 19:55:30.359483,73.3,15.9,IoT Alert,True,True,7,True,False,135.0,False,House
486,2025-04-15 19:55:30.359483,90.2,13.1,IoT Alert,True,False,0,False,False,43.0,True,Flat
372,2025-04-15 20:55:30.359483,77.3,14.1,IoT Alert,True,False,30,False,False,15.0,False,Flat
190,2025-04-15 21:55:30.359483,70.5,15.0,IoT Alert,True,True,30,False,False,,,Flat
315,2025-04-15 22:55:30.359483,75.6,14.5,IoT Alert,True,False,14,False,False,249.0,False,Flat
304,2025-04-15 23:55:30.359483,77.2,13.1,IoT Alert,True,True,14,True,False,407.0,True,Block of Flats
201,2025-04-15 23:55:30.359483,72.9,14.4,IoT Alert,True,False,30,False,False,369.0,False,Flat
107,2025-04-15 23:55:30.359483,73.2,12.7,IoT Alert,True,True,7,False,False,,,Flat
292,2025-04-16 03:55:30.359483,72.9,15.7,IoT Alert,True,False,90,False,False,290.0,False,House
186,2025-04-16 04:55:30.359483,71.8,13.6,IoT Alert,True,False,90,False,False,44.0,False,House
317,2025-04-16 05:55:30.359483,70.3,14.3,IoT Alert,True,False,30,True,False,19.0,False,Flat
181,2025-04-16 06:55:30.359483,78.8,14.6,IoT Alert,True,True,0,False,False,87.0,False,Block of Flats
378,2025-04-16 07:55:30.359483,70.1,13.7,IoT Alert,True,True,30,True,False,7.0,True,Flat
432,2025-04-16 07:55:30.359483,71.3,15.3,IoT Alert,True,True,0,False,False,95.0,False,Flat
487,2025-04-16 09:55:30.359483,71.2,12.7,IoT Alert,True,True,0,False,False,406.0,False,Flat
187,2025-04-16 10:55:30.359483,74.4,13.7,IoT Alert,True,True,7,False,False,329.0,False,Flat
333,2025-04-16 10:55:30.359483,73.9,12.1,IoT Alert,True,False,14,False,False,105.0,False,Flat
245,2025-04-16 10:55:30.359483,72.2,15.9,IoT Alert,True,False,60,False,False,227.0,False,Block of Flats
300,2025-04-16 11:55:30.359483,72.8,15.6,IoT Alert,True,False,30,False,False,214.0,False,Flat
240,2025-04-16 12:55:30.359483,71.7,14.1,IoT Alert,True,False,30,True,False,266.0,False,Block of Flats
298,2025-04-16 12:55:30.359483,78.3,13.1,IoT Alert,True,False,14,False,False,255.0,False,House
292,2025-04-16 12:55:30.359483,72.2,14.2,IoT Alert,True,True,7,False,False,290.0,False,House
428,2025-04-16 14:55:30.359483,75.6,14.3,IoT Alert,True,True,7,True,False,430.0,True,Flat
441,2025-04-16 14:55:30.359483,70.5,13.3,IoT Alert,True,True,90,False,False,33.0,True,Flat
463,2025-04-16 21:55:30.359483,70.1,15.7,IoT Alert,True,True,0,True,False,155.0,False,Flat
169,2025-04-16 22:55:30.359483,70.2,15.8,IoT Alert,True,False,60,False,False,190.0,False,Flat
88,2025-04-16 22:55:30.359483,74.3,15.1,IoT Alert,True,True,14,True,False,,,Flat
358,2025-04-16 23:55:30.359483,71.6,14.4,IoT Alert,True,False,14,False,False,156.0,True,Flat
84,2025-04-17 00:55:30.359483,79.4,13.0,IoT Alert,True,True,30,False,False,202.0,True,Flat
105,2025-04-17 07:55:30.359483,79.1,13.4,IoT Alert,True,False,14,False,False,5.0,False,Flat
61,2025-04-17 08:55:30.359483,71.7,13.5,IoT Alert,True,False,60,True,False,160.0,False,House
192,2025-04-17 08:55:30.359483,72.1,13.6,IoT Alert,True,False,90,False,False,,,Block of Flats
8,2025-04-17 09:55:30.359483,73.3,15.5,IoT Alert,True,True,14,True,False,168.0,True,House
201,2025-04-17 09:55:30.359483,70.2,15.9,IoT Alert,True,True,7,True,False,369.0,False,Flat
127,2025-04-17 09:55:30.359483,72.6,15.9,IoT Alert,True,False,14,False,False,129.0,True,Flat
233,2025-04-17 09:55:30.359483,70.9,11.6,IoT Alert,True,False,90,False,False,308.0,False,House
236,2025-04-17 10:55:30.359483,73.1,13.6,IoT Alert,True,False,7,False,False,,,Flat
