tenantid,propertyid,tenant_name,contact_number,email,vulnerability_flag,disability_flag,income_band,age_of_tenant,housing_need_type,support_plan_flag,benefit_status,preferred_contact_method,preferred_language,complaints_made,household_size,tenancy_type
1,362,Tenant 1,7201710492,tenant1@example.com,False,False,<£15k,78,Domestic Abuse,False,Full Housing Benefit,Phone,English,1,2,Introductory
2,74,Tenant 2,7209422179,tenant2@example.com,False,False,£25k–£40k,48,General Needs,False,Full Housing Benefit,Post,Bengali,1,4,Assured Shorthold
3,375,Tenant 3,7250101639,tenant3@example.com,False,False,<£15k,39,General Needs,False,Full Housing Benefit,Text,English,2,3,Assured Shorthold
4,156,Tenant 4,7112838650,tenant4@example.com,False,False,<£15k,60,General Needs,False,Partial,Phone,English,1,5,Assured Shorthold
5,105,Tenant 5,7991605503,tenant5@example.com,True,False,<£15k,84,Overcrowded,True,Partial,Text,English,1,1,Secure
6,395,Tenant 6,7338680070,tenant6@example.com,False,False,£15k–£25k,71,Overcrowded,False,None,Email,Polish,0,3,Secure
7,378,Tenant 7,7312743722,tenant7@example.com,False,False,£25k–£40k,27,Homeless,True,None,Phone,English,0,4,Introductory
8,125,Tenant 8,7499689381,tenant8@example.com,False,True,£15k–£25k,59,General Needs,False,Full Housing Benefit,Email,Other,0,1,Introductory
9,69,Tenant 9,7776776838,tenant9@example.com,False,False,<£15k,81,General Needs,True,Full Housing Benefit,Text,English,0,1,Introductory
10,451,Tenant 10,7190236646,tenant10@example.com,False,False,£25k–£40k,38,General Needs,True,Full Housing Benefit,Text,English,3,3,License
11,10,Tenant 11,7729340221,tenant11@example.com,False,False,£25k–£40k,83,Homeless,True,Partial,Email,English,1,2,Assured Shorthold
12,195,Tenant 12,7972680546,tenant12@example.com,False,False,£25k–£40k,58,General Needs,False,Full Housing Benefit,Post,Arabic,0,3,Assured Shorthold
13,407,Tenant 13,7123407763,tenant13@example.com,False,False,<£15k,41,General Needs,False,Partial,Email,English,0,1,Introductory
14,85,Tenant 14,7312332805,tenant14@example.com,True,False,£15k–£25k,52,Overcrowded,False,Partial,Text,English,0,3,Assured Shorthold
15,372,Tenant 15,7576130756,tenant15@example.com,False,False,£40k+,73,Overcrowded,False,Partial,Email,English,1,1,Assured Shorthold
16,389,Tenant 16,7198761306,tenant16@example.com,False,False,£25k–£40k,47,Overcrowded,False,Partial,Post,English,0,1,Introductory
17,496,Tenant 17,7231563076,tenant17@example.com,False,False,<£15k,74,Overcrowded,False,Full Housing Benefit,Email,English,0,1,Introductory
18,31,Tenant 18,7594989531,tenant18@example.com,False,False,<£15k,64,General Needs,False,None,Post,English,0,3,Secure
19,317,Tenant 19,7280377032,tenant19@example.com,False,False,£15k–£25k,52,Domestic Abuse,False,None,Post,English,0,3,Secure
20,409,Tenant 20,7565098113,tenant20@example.com,False,False,£40k+,36,Overcrowded,False,Full Housing Benefit,Email,English,1,2,Secure
21,491,Tenant 21,7524126612,tenant21@example.com,True,False,£15k–£25k,25,General Needs,True,None,Email,English,0,2,Assured Shorthold
22,492,Tenant 22,7131656371,tenant22@example.com,False,False,£15k–£25k,43,Homeless,False,Partial,Phone,Urdu,0,4,Secure
23,281,Tenant 23,7833594284,tenant23@example.com,False,False,<£15k,47,Overcrowded,True,None,Text,English,3,2,Assured Shorthold
24,357,Tenant 24,7285550328,tenant24@example.com,True,False,£15k–£25k,24,Domestic Abuse,False,None,Post,English,0,3,Assured Shorthold
25,77,Tenant 25,7330549659,tenant25@example.com,False,False,£25k–£40k,84,Move-on,False,Partial,Phone,Polish,0,2,Secure
26,462,Tenant 26,7395259429,tenant26@example.com,False,False,£15k–£25k,82,General Needs,False,Full Housing Benefit,Email,English,2,2,Assured Shorthold
27,498,Tenant 27,7578901124,tenant27@example.com,True,False,£25k–£40k,53,Overcrowded,True,Full Housing Benefit,Text,English,1,2,Secure
28,212,Tenant 28,7137204552,tenant28@example.com,False,False,£40k+,42,General Needs,False,Partial,Phone,English,2,2,Secure
29,102,Tenant 29,7764835755,tenant29@example.com,False,False,<£15k,54,General Needs,False,Partial,Post,English,1,3,Introductory
30,335,Tenant 30,7363909394,tenant30@example.com,False,False,£15k–£25k,18,Homeless,False,Full Housing Benefit,Phone,English,0,2,Secure
31,476,Tenant 31,7416866759,tenant31@example.com,True,False,<£15k,32,General Needs,False,Full Housing Benefit,Post,English,1,1,Secure
32,337,Tenant 32,7542373256,tenant32@example.com,False,False,£25k–£40k,54,Overcrowded,False,None,Email,Bengali,0,4,Assured Shorthold
33,441,Tenant 33,7614355545,tenant33@example.com,False,False,£15k–£25k,30,Homeless,False,None,Text,Polish,1,2,Introductory
34,174,Tenant 34,7194190297,tenant34@example.com,False,False,£15k–£25k,25,General Needs,False,Partial,Text,English,0,2,Secure
35,3,Tenant 35,7511259527,tenant35@example.com,False,False,£25k–£40k,22,General Needs,False,Full Housing Benefit,Text,English,0,4,Assured Shorthold
36,334,Tenant 36,7550149967,tenant36@example.com,False,False,£15k–£25k,77,General Needs,False,Full Housing Benefit,Email,English,0,3,Secure
37,410,Tenant 37,7790042893,tenant37@example.com,False,True,£40k+,18,Overcrowded,True,Full Housing Benefit,Post,English,1,1,Secure
38,71,Tenant 38,7664588547,tenant38@example.com,True,False,£15k–£25k,53,Homeless,False,None,Email,English,0,4,Assured Shorthold
39,210,Tenant 39,7777267364,tenant39@example.com,True,False,<£15k,52,General Needs,False,Full Housing Benefit,Text,Arabic,0,3,Assured Shorthold
40,64,Tenant 40,7683746914,tenant40@example.com,False,False,£15k–£25k,83,Domestic Abuse,False,Partial,Email,English,1,2,Assured Shorthold
41,385,Tenant 41,7120970156,tenant41@example.com,False,False,£25k–£40k,80,Homeless,False,Full Housing Benefit,Email,Arabic,0,1,Assured Shorthold
42,94,Tenant 42,7939575663,tenant42@example.com,False,False,£15k–£25k,40,Move-on,False,Partial,Email,Other,0,3,License
43,486,Tenant 43,7485593692,tenant43@example.com,False,False,£25k–£40k,26,Homeless,False,Partial,Post,English,0,3,Assured Shorthold
44,186,Tenant 44,7684671539,tenant44@example.com,False,False,£40k+,51,General Needs,False,None,Phone,Polish,1,2,Secure
45,34,Tenant 45,7620420638,tenant45@example.com,False,False,<£15k,63,Overcrowded,False,Full Housing Benefit,Phone,English,0,4,Introductory
46,78,Tenant 46,7707363258,tenant46@example.com,False,False,£40k+,21,General Needs,False,Full Housing Benefit,Email,English,0,3,Secure
47,1,Tenant 47,7445320116,tenant47@example.com,False,False,<£15k,47,Overcrowded,False,Full Housing Benefit,Phone,English,0,1,Assured Shorthold
48,12,Tenant 48,7390378111,tenant48@example.com,False,False,<£15k,20,General Needs,True,None,Phone,Polish,1,2,Secure
49,416,Tenant 49,7127984900,tenant49@example.com,False,False,<£15k,31,General Needs,False,None,Email,English,0,1,Secure
50,23,Tenant 50,7741148802,tenant50@example.com,False,False,£25k–£40k,77,Overcrowded,False,Partial,Email,Arabic,0,3,License
51,73,Tenant 51,7131464348,tenant51@example.com,False,False,£15k–£25k,62,General Needs,False,Partial,Text,Urdu,0,1,Introductory
52,183,Tenant 52,7401649155,tenant52@example.com,False,False,<£15k,51,General Needs,False,Partial,Phone,English,1,2,Assured Shorthold
53,132,Tenant 53,7968285490,tenant53@example.com,True,False,£15k–£25k,62,General Needs,False,Full Housing Benefit,Post,Other,1,3,Assured Shorthold
54,411,Tenant 54,7668473595,tenant54@example.com,False,False,£15k–£25k,78,General Needs,False,None,Email,English,0,4,Secure
55,194,Tenant 55,7923390510,tenant55@example.com,False,False,<£15k,33,General Needs,False,Partial,Text,English,0,2,Secure
56,56,Tenant 56,7349926429,tenant56@example.com,False,False,£25k–£40k,83,General Needs,False,Full Housing Benefit,Post,English,1,3,Secure
57,149,Tenant 57,7207518427,tenant57@example.com,False,False,£25k–£40k,57,Homeless,False,Partial,Phone,English,0,1,Assured Shorthold
58,19,Tenant 58,7805302800,tenant58@example.com,False,False,£15k–£25k,34,Overcrowded,False,Full Housing Benefit,Text,English,1,3,Assured Shorthold
59,205,Tenant 59,7386181187,tenant59@example.com,False,False,£40k+,51,Homeless,False,Full Housing Benefit,Email,English,0,1,Assured Shorthold
60,79,Tenant 60,7976479512,tenant60@example.com,False,False,£15k–£25k,33,Overcrowded,False,Partial,Post,English,0,2,Secure
61,495,Tenant 61,7891412300,tenant61@example.com,False,False,£40k+,77,Domestic Abuse,False,Full Housing Benefit,Email,Urdu,1,3,License
62,263,Tenant 62,7920392140,tenant62@example.com,False,False,£15k–£25k,83,Overcrowded,False,Partial,Phone,English,0,1,Assured Shorthold
63,324,Tenant 63,7718144695,tenant63@example.com,False,False,£15k–£25k,83,General Needs,False,Full Housing Benefit,Post,English,0,1,Assured Shorthold
64,484,Tenant 64,7517065508,tenant64@example.com,False,False,<£15k,30,Domestic Abuse,False,Full Housing Benefit,Phone,English,0,3,Assured Shorthold
65,80,Tenant 65,7286521875,tenant65@example.com,False,False,£25k–£40k,73,Overcrowded,True,Full Housing Benefit,Phone,Polish,0,3,Assured Shorthold
66,40,Tenant 66,7353994846,tenant66@example.com,False,False,£15k–£25k,48,General Needs,True,Full Housing Benefit,Text,English,0,3,Secure
67,452,Tenant 67,7441454588,tenant67@example.com,False,False,<£15k,51,Homeless,False,Partial,Email,Somali,0,3,Secure
68,47,Tenant 68,7849070816,tenant68@example.com,False,False,<£15k,56,General Needs,False,Full Housing Benefit,Post,Polish,0,2,Introductory
69,239,Tenant 69,7735185398,tenant69@example.com,False,False,£15k–£25k,84,Homeless,False,Partial,Phone,English,0,2,Secure
70,392,Tenant 70,7855326778,tenant70@example.com,True,False,£15k–£25k,25,General Needs,False,Partial,Phone,English,0,2,Secure
71,353,Tenant 71,7477615830,tenant71@example.com,False,False,£25k–£40k,72,General Needs,False,Partial,Post,English,0,1,Secure
72,342,Tenant 72,7705167856,tenant72@example.com,False,False,£25k–£40k,44,Overcrowded,False,None,Phone,English,0,4,Secure
73,278,Tenant 73,7704633564,tenant73@example.com,False,False,<£15k,70,Homeless,False,Partial,Text,English,1,2,Introductory
74,291,Tenant 74,7998396384,tenant74@example.com,False,False,£25k–£40k,56,General Needs,False,Full Housing Benefit,Text,English,0,2,Assured Shorthold
75,318,Tenant 75,7682101860,tenant75@example.com,False,False,<£15k,82,General Needs,False,Full Housing Benefit,Text,English,0,2,Assured Shorthold
76,305,Tenant 76,7288502642,tenant76@example.com,False,False,£25k–£40k,34,General Needs,False,Full Housing Benefit,Text,English,2,4,Secure
77,269,Tenant 77,7140763261,tenant77@example.com,False,False,£25k–£40k,47,General Needs,False,Partial,Phone,English,0,1,Assured Shorthold
78,70,Tenant 78,7160309911,tenant78@example.com,False,False,£15k–£25k,70,Homeless,False,Full Housing Benefit,Post,English,1,2,Assured Shorthold
79,456,Tenant 79,7746030501,tenant79@example.com,False,False,£25k–£40k,30,Domestic Abuse,True,Partial,Post,English,0,2,Secure
80,466,Tenant 80,7121397518,tenant80@example.com,False,False,£15k–£25k,38,Homeless,False,Partial,Post,English,0,3,Assured Shorthold
81,155,Tenant 81,7613236768,tenant81@example.com,False,False,£15k–£25k,36,General Needs,False,Full Housing Benefit,Post,English,0,1,Secure
82,83,Tenant 82,7456196659,tenant82@example.com,False,True,£25k–£40k,70,General Needs,False,None,Email,English,2,4,Assured Shorthold
83,478,Tenant 83,7316320731,tenant83@example.com,False,True,£15k–£25k,36,Overcrowded,False,Full Housing Benefit,Post,English,0,4,Assured Shorthold
84,173,Tenant 84,7465887237,tenant84@example.com,True,False,£15k–£25k,74,Homeless,False,Full Housing Benefit,Email,Bengali,2,2,Secure
85,322,Tenant 85,7290546084,tenant85@example.com,False,False,£15k–£25k,42,Overcrowded,False,Partial,Email,English,3,3,Secure
86,91,Tenant 86,7163947730,tenant86@example.com,False,False,£25k–£40k,48,Overcrowded,False,Partial,Text,Other,0,4,Assured Shorthold
87,181,Tenant 87,7258604568,tenant87@example.com,False,False,£15k–£25k,72,General Needs,False,Partial,Email,English,1,3,Assured Shorthold
88,415,Tenant 88,7856661933,tenant88@example.com,False,False,<£15k,40,General Needs,False,Partial,Phone,English,1,1,Introductory
89,313,Tenant 89,7931469703,tenant89@example.com,True,False,£25k–£40k,49,General Needs,False,Full Housing Benefit,Email,Arabic,0,2,Assured Shorthold
90,279,Tenant 90,7665104817,tenant90@example.com,False,False,£25k–£40k,79,Move-on,True,None,Text,English,0,3,Secure
91,382,Tenant 91,7177880216,tenant91@example.com,False,False,<£15k,27,Homeless,False,None,Email,English,0,2,Secure
92,473,Tenant 92,7856491925,tenant92@example.com,False,False,<£15k,71,General Needs,False,Partial,Phone,English,3,3,Assured Shorthold
93,363,Tenant 93,7524767500,tenant93@example.com,False,False,<£15k,69,General Needs,False,Full Housing Benefit,Phone,English,0,4,Secure
94,325,Tenant 94,7208482467,tenant94@example.com,False,False,£15k–£25k,37,General Needs,False,Partial,Phone,English,0,4,Assured Shorthold
95,432,Tenant 95,7424017866,tenant95@example.com,True,False,£15k–£25k,49,General Needs,False,Full Housing Benefit,Text,English,0,2,License
96,348,Tenant 96,7246513857,tenant96@example.com,False,False,£25k–£40k,31,Move-on,False,Full Housing Benefit,Text,Bengali,0,1,Assured Shorthold
97,87,Tenant 97,7886356993,tenant97@example.com,False,False,£15k–£25k,67,General Needs,True,None,Post,English,0,5,Secure
98,76,Tenant 98,7950234433,tenant98@example.com,False,True,£15k–£25k,45,Domestic Abuse,False,Full Housing Benefit,Text,English,0,3,Assured Shorthold
99,439,Tenant 99,7623127037,tenant99@example.com,False,False,£15k–£25k,70,Homeless,False,None,Phone,English,0,1,Assured Shorthold
100,16,Tenant 100,7440680449,tenant100@example.com,False,False,£25k–£40k,41,Homeless,False,Partial,Phone,English,2,4,Assured Shorthold
101,250,Tenant 101,7859331874,tenant101@example.com,True,True,£15k–£25k,39,Homeless,False,Full Housing Benefit,Text,English,1,4,License
102,434,Tenant 102,7844704803,tenant102@example.com,True,False,£40k+,47,General Needs,False,Partial,Email,English,0,2,Secure
103,20,Tenant 103,7945026004,tenant103@example.com,False,True,£15k–£25k,80,Overcrowded,False,None,Text,English,2,2,License
104,323,Tenant 104,7339699130,tenant104@example.com,False,False,<£15k,21,General Needs,False,Partial,Text,English,0,2,License
105,333,Tenant 105,7732380409,tenant105@example.com,False,False,£15k–£25k,76,General Needs,False,None,Phone,English,0,1,Secure
106,57,Tenant 106,7506286844,tenant106@example.com,False,False,£15k–£25k,25,Overcrowded,False,Partial,Post,English,0,2,Secure
107,302,Tenant 107,7888121101,tenant107@example.com,False,False,£15k–£25k,29,Domestic Abuse,True,Partial,Phone,Somali,0,3,Secure
108,230,Tenant 108,7416235507,tenant108@example.com,False,False,<£15k,48,General Needs,True,None,Post,English,1,1,Secure
109,332,Tenant 109,7290812817,tenant109@example.com,False,False,<£15k,51,Overcrowded,False,Full Housing Benefit,Phone,English,0,2,Secure
110,133,Tenant 110,7101930485,tenant110@example.com,True,False,£25k–£40k,66,Homeless,False,Partial,Text,Other,2,2,Assured Shorthold
111,138,Tenant 111,7715076673,tenant111@example.com,False,False,<£15k,74,Overcrowded,False,Full Housing Benefit,Phone,English,0,2,Secure
112,424,Tenant 112,7927672827,tenant112@example.com,True,True,£25k–£40k,43,Overcrowded,False,None,Phone,Romanian,0,4,Secure
113,336,Tenant 113,7134770706,tenant113@example.com,False,False,<£15k,35,General Needs,True,None,Phone,English,1,2,Introductory
114,26,Tenant 114,7746809909,tenant114@example.com,False,False,£15k–£25k,55,General Needs,True,Full Housing Benefit,Text,Polish,0,2,Secure
115,465,Tenant 115,7968449816,tenant115@example.com,False,False,£15k–£25k,67,General Needs,False,Partial,Text,English,1,3,Introductory
116,282,Tenant 116,7337184468,tenant116@example.com,False,False,£15k–£25k,25,General Needs,False,None,Text,English,2,2,Secure
117,248,Tenant 117,7707254955,tenant117@example.com,False,False,£15k–£25k,58,General Needs,False,Full Housing Benefit,Text,English,1,1,Secure
118,238,Tenant 118,7632774653,tenant118@example.com,False,False,<£15k,23,Overcrowded,False,Partial,Post,English,1,2,Assured Shorthold
119,118,Tenant 119,7455589390,tenant119@example.com,False,False,<£15k,61,General Needs,False,None,Post,English,1,1,Assured Shorthold
120,43,Tenant 120,7183544242,tenant120@example.com,True,False,£15k–£25k,81,General Needs,False,Full Housing Benefit,Email,English,2,1,Introductory
121,221,Tenant 121,7472384530,tenant121@example.com,False,False,£15k–£25k,46,General Needs,False,Partial,Text,Somali,1,2,Assured Shorthold
122,177,Tenant 122,7280267742,tenant122@example.com,False,False,£40k+,45,General Needs,False,Full Housing Benefit,Post,English,0,2,Introductory
123,321,Tenant 123,7195268824,tenant123@example.com,True,False,£25k–£40k,28,Overcrowded,False,None,Phone,English,0,4,Secure
124,154,Tenant 124,7819433407,tenant124@example.com,False,False,£25k–£40k,82,Homeless,False,None,Text,Somali,0,2,Secure
125,232,Tenant 125,7883064819,tenant125@example.com,True,False,£25k–£40k,36,Overcrowded,False,None,Email,English,0,2,Introductory
126,228,Tenant 126,7579565240,tenant126@example.com,True,False,£15k–£25k,26,Domestic Abuse,False,Partial,Email,English,1,3,Introductory
127,418,Tenant 127,7384769690,tenant127@example.com,False,False,<£15k,44,General Needs,True,None,Email,English,1,1,License
128,204,Tenant 128,7367942460,tenant128@example.com,False,False,£40k+,51,General Needs,False,None,Phone,English,2,3,Assured Shorthold
129,127,Tenant 129,7172794091,tenant129@example.com,False,False,£15k–£25k,61,Homeless,False,Full Housing Benefit,Post,English,1,1,Secure
130,330,Tenant 130,7375584366,tenant130@example.com,False,True,£15k–£25k,32,General Needs,False,None,Phone,English,1,5,Introductory
131,32,Tenant 131,7216001265,tenant131@example.com,False,False,<£15k,68,Domestic Abuse,False,Full Housing Benefit,Text,Somali,1,1,Secure
132,114,Tenant 132,7101375634,tenant132@example.com,False,False,£15k–£25k,30,Overcrowded,False,Partial,Email,English,0,2,License
133,471,Tenant 133,7514396801,tenant133@example.com,False,True,£15k–£25k,66,Homeless,False,Full Housing Benefit,Phone,English,1,1,Introductory
134,272,Tenant 134,7886606608,tenant134@example.com,True,False,£25k–£40k,73,Overcrowded,False,Full Housing Benefit,Phone,English,0,5,Assured Shorthold
135,141,Tenant 135,7278604541,tenant135@example.com,False,False,£15k–£25k,68,General Needs,False,Full Housing Benefit,Post,English,0,2,Introductory
136,58,Tenant 136,7629442753,tenant136@example.com,False,False,£15k–£25k,54,Overcrowded,False,Partial,Post,English,0,2,Introductory
137,193,Tenant 137,7477131597,tenant137@example.com,True,False,£40k+,34,General Needs,True,Full Housing Benefit,Email,English,0,1,Secure
138,25,Tenant 138,7503026384,tenant138@example.com,False,False,<£15k,75,General Needs,True,Partial,Phone,English,0,3,License
139,18,Tenant 139,7989924715,tenant139@example.com,True,True,£15k–£25k,46,Domestic Abuse,True,Full Housing Benefit,Phone,English,0,1,Assured Shorthold
140,266,Tenant 140,7946892378,tenant140@example.com,False,False,<£15k,50,General Needs,False,Full Housing Benefit,Post,English,0,4,Introductory
141,67,Tenant 141,7798973247,tenant141@example.com,False,False,£25k–£40k,77,General Needs,True,Partial,Phone,English,1,1,Secure
142,209,Tenant 142,7837832868,tenant142@example.com,False,False,£40k+,72,Overcrowded,False,None,Phone,English,0,1,Introductory
143,480,Tenant 143,7274651099,tenant143@example.com,False,False,<£15k,27,Move-on,False,Full Housing Benefit,Phone,English,0,1,Secure
144,95,Tenant 144,7179144854,tenant144@example.com,False,False,£25k–£40k,64,Overcrowded,False,Partial,Post,English,0,2,Secure
145,254,Tenant 145,7135876704,tenant145@example.com,False,False,<£15k,40,Overcrowded,False,None,Email,English,1,2,License
146,267,Tenant 146,7121558591,tenant146@example.com,False,False,£40k+,38,Homeless,False,Partial,Text,English,0,1,Secure
147,24,Tenant 147,7380383739,tenant147@example.com,True,False,£25k–£40k,30,General Needs,False,Full Housing Benefit,Email,Bengali,1,3,Secure
148,223,Tenant 148,7179672074,tenant148@example.com,False,False,£25k–£40k,50,General Needs,False,Full Housing Benefit,Text,English,0,2,License
149,262,Tenant 149,7282649071,tenant149@example.com,False,False,<£15k,41,Homeless,False,None,Phone,English,2,2,License
150,427,Tenant 150,7272769884,tenant150@example.com,False,False,£40k+,28,Overcrowded,True,Full Housing Benefit,Email,English,1,2,Assured Shorthold
151,6,Tenant 151,7180533234,tenant151@example.com,False,False,£25k–£40k,34,General Needs,False,None,Text,English,0,2,Assured Shorthold
152,117,Tenant 152,7199970392,tenant152@example.com,False,False,£15k–£25k,64,Overcrowded,False,Partial,Post,Romanian,0,2,Assured Shorthold
153,46,Tenant 153,7737835435,tenant153@example.com,False,False,£25k–£40k,42,Homeless,False,None,Post,English,0,1,Secure
154,17,Tenant 154,7618334675,tenant154@example.com,False,False,<£15k,38,Move-on,True,None,Email,English,2,1,Secure
155,463,Tenant 155,7133278698,tenant155@example.com,True,False,£25k–£40k,29,General Needs,True,None,Email,English,0,4,Assured Shorthold
156,358,Tenant 156,7801835431,tenant156@example.com,True,False,<£15k,54,Overcrowded,False,Full Housing Benefit,Phone,English,1,4,Introductory
157,4,Tenant 157,7752102334,tenant157@example.com,False,False,£25k–£40k,59,General Needs,False,None,Email,Somali,0,2,Introductory
158,219,Tenant 158,7268688902,tenant158@example.com,False,False,£15k–£25k,34,General Needs,False,Partial,Phone,English,0,2,Introductory
159,406,Tenant 159,7208724746,tenant159@example.com,False,False,<£15k,65,Overcrowded,False,Partial,Phone,Arabic,1,3,Secure
160,61,Tenant 160,7320708138,tenant160@example.com,False,False,<£15k,45,General Needs,False,Partial,Post,English,1,2,Assured Shorthold
161,111,Tenant 161,7539460908,tenant161@example.com,False,False,<£15k,58,Domestic Abuse,True,None,Post,Somali,0,1,Secure
162,319,Tenant 162,7694973692,tenant162@example.com,False,False,£15k–£25k,64,General Needs,False,None,Text,English,0,1,Assured Shorthold
163,429,Tenant 163,7883803621,tenant163@example.com,False,False,£15k–£25k,35,General Needs,False,None,Post,English,0,3,Assured Shorthold
164,30,Tenant 164,7384825874,tenant164@example.com,False,False,£15k–£25k,30,General Needs,True,Partial,Post,English,1,3,Introductory
165,438,Tenant 165,7402283096,tenant165@example.com,False,False,<£15k,30,Homeless,False,Partial,Email,Other,1,1,Secure
166,472,Tenant 166,7355065530,tenant166@example.com,False,False,<£15k,48,General Needs,False,Partial,Post,Bengali,1,1,Secure
167,27,Tenant 167,7153295652,tenant167@example.com,False,True,£25k–£40k,19,Overcrowded,True,Full Housing Benefit,Text,English,2,1,Secure
168,8,Tenant 168,7713933158,tenant168@example.com,False,False,<£15k,33,Overcrowded,False,Full Housing Benefit,Email,Urdu,0,3,Introductory
169,454,Tenant 169,7627151698,tenant169@example.com,False,False,£40k+,26,Homeless,False,Full Housing Benefit,Text,English,2,1,Assured Shorthold
170,109,Tenant 170,7158524142,tenant170@example.com,False,False,£25k–£40k,55,General Needs,False,Full Housing Benefit,Post,Other,2,1,Secure
171,38,Tenant 171,7104096941,tenant171@example.com,False,False,£15k–£25k,71,General Needs,False,Full Housing Benefit,Text,English,2,3,Secure
172,158,Tenant 172,7194090232,tenant172@example.com,False,False,£15k–£25k,73,Homeless,False,Full Housing Benefit,Email,English,0,1,Assured Shorthold
173,490,Tenant 173,7984652998,tenant173@example.com,False,False,£25k–£40k,62,General Needs,False,Full Housing Benefit,Phone,Arabic,0,3,Secure
174,119,Tenant 174,7771186296,tenant174@example.com,False,False,<£15k,51,Overcrowded,False,Full Housing Benefit,Text,English,1,1,Introductory
175,115,Tenant 175,7615748688,tenant175@example.com,True,True,<£15k,26,General Needs,False,None,Text,English,0,1,Assured Shorthold
176,176,Tenant 176,7204138894,tenant176@example.com,True,False,<£15k,25,Overcrowded,False,Partial,Email,English,2,1,Secure
177,374,Tenant 177,7322214072,tenant177@example.com,False,False,£25k–£40k,24,General Needs,False,Full Housing Benefit,Email,Arabic,0,3,Secure
178,182,Tenant 178,7785252000,tenant178@example.com,False,False,<£15k,53,Domestic Abuse,False,Partial,Text,English,0,4,License
179,145,Tenant 179,7187978213,tenant179@example.com,False,False,£15k–£25k,35,General Needs,True,Full Housing Benefit,Post,Other,0,3,Secure
180,370,Tenant 180,7224026766,tenant180@example.com,False,False,£40k+,20,Homeless,False,None,Text,English,0,2,Secure
181,391,Tenant 181,7942754807,tenant181@example.com,False,True,£25k–£40k,45,Overcrowded,False,None,Email,English,0,3,Introductory
182,196,Tenant 182,7605672755,tenant182@example.com,False,False,£15k–£25k,61,Homeless,False,Full Housing Benefit,Phone,English,0,1,License
183,405,Tenant 183,7809786356,tenant183@example.com,False,False,<£15k,38,General Needs,False,Partial,Phone,English,0,2,License
184,276,Tenant 184,7197857474,tenant184@example.com,False,True,£25k–£40k,45,General Needs,False,None,Post,English,0,4,Introductory
185,455,Tenant 185,7684250873,tenant185@example.com,False,True,£15k–£25k,71,Overcrowded,True,None,Text,Polish,0,1,Secure
186,142,Tenant 186,7298514700,tenant186@example.com,True,True,<£15k,71,General Needs,False,Partial,Phone,English,1,1,Secure
187,366,Tenant 187,7509573649,tenant187@example.com,False,False,<£15k,82,General Needs,False,Partial,Text,English,2,1,Introductory
188,68,Tenant 188,7300341906,tenant188@example.com,False,False,£40k+,38,General Needs,False,Full Housing Benefit,Email,Romanian,0,1,Assured Shorthold
189,211,Tenant 189,7147907058,tenant189@example.com,False,False,£15k–£25k,30,General Needs,False,None,Phone,English,0,1,Assured Shorthold
190,169,Tenant 190,7572167680,tenant190@example.com,False,False,£25k–£40k,74,Overcrowded,False,Full Housing Benefit,Post,English,0,2,License
191,494,Tenant 191,7382824466,tenant191@example.com,False,False,£25k–£40k,66,Homeless,True,None,Email,English,1,2,Secure
192,376,Tenant 192,7998806471,tenant192@example.com,False,False,£15k–£25k,71,General Needs,False,Partial,Post,English,0,4,Assured Shorthold
193,401,Tenant 193,7705855162,tenant193@example.com,False,False,£15k–£25k,27,General Needs,False,Partial,Email,English,0,3,Secure
194,273,Tenant 194,7262275325,tenant194@example.com,False,False,£15k–£25k,70,General Needs,False,Partial,Phone,English,0,2,Assured Shorthold
195,110,Tenant 195,7847829989,tenant195@example.com,False,False,£15k–£25k,61,Overcrowded,True,Full Housing Benefit,Post,English,1,2,Secure
196,249,Tenant 196,7203833652,tenant196@example.com,False,False,£15k–£25k,64,Overcrowded,False,Full Housing Benefit,Post,English,0,2,Secure
197,146,Tenant 197,7817411121,tenant197@example.com,False,False,£25k–£40k,70,General Needs,False,Full Housing Benefit,Email,English,0,2,Secure
198,93,Tenant 198,7967776836,tenant198@example.com,False,False,£15k–£25k,63,General Needs,False,Full Housing Benefit,Post,English,1,2,Assured Shorthold
199,153,Tenant 199,7544514776,tenant199@example.com,False,False,£25k–£40k,30,General Needs,False,None,Email,English,0,3,Assured Shorthold
200,368,Tenant 200,7733213949,tenant200@example.com,False,True,£15k–£25k,54,General Needs,False,Full Housing Benefit,Email,English,1,2,Assured Shorthold
201,468,Tenant 201,7694425527,tenant201@example.com,False,False,£15k–£25k,41,General Needs,True,Full Housing Benefit,Email,English,2,2,License
202,84,Tenant 202,7515652006,tenant202@example.com,False,False,£15k–£25k,19,Homeless,False,None,Email,English,3,2,Secure
203,246,Tenant 203,7549502766,tenant203@example.com,False,False,£15k–£25k,31,Overcrowded,False,None,Phone,Polish,1,2,Secure
204,166,Tenant 204,7837733572,tenant204@example.com,False,False,£25k–£40k,27,General Needs,False,None,Email,English,0,4,Introductory
205,164,Tenant 205,7714947283,tenant205@example.com,False,False,<£15k,52,General Needs,False,None,Text,Somali,0,3,Secure
206,200,Tenant 206,7611382735,tenant206@example.com,False,False,£15k–£25k,42,Homeless,True,Full Housing Benefit,Post,English,0,1,License
207,229,Tenant 207,7184777341,tenant207@example.com,False,False,<£15k,20,Homeless,False,Full Housing Benefit,Text,English,0,4,Secure
208,75,Tenant 208,7866979905,tenant208@example.com,False,False,£15k–£25k,34,General Needs,False,None,Phone,Romanian,0,2,License
209,479,Tenant 209,7639127345,tenant209@example.com,False,False,£15k–£25k,29,Homeless,False,Partial,Text,Other,0,4,Secure
210,359,Tenant 210,7654928450,tenant210@example.com,False,False,£15k–£25k,71,Overcrowded,False,Full Housing Benefit,Post,English,2,3,Introductory
211,251,Tenant 211,7713627778,tenant211@example.com,False,False,£40k+,41,General Needs,False,None,Text,English,0,2,Assured Shorthold
212,120,Tenant 212,7766013190,tenant212@example.com,False,False,£15k–£25k,46,General Needs,False,Full Housing Benefit,Phone,Romanian,1,1,License
213,311,Tenant 213,7229151674,tenant213@example.com,False,True,£25k–£40k,60,General Needs,False,Full Housing Benefit,Email,English,1,2,Secure
214,300,Tenant 214,7582152746,tenant214@example.com,False,False,£15k–£25k,42,Overcrowded,False,Partial,Text,English,0,2,Assured Shorthold
215,256,Tenant 215,7279491823,tenant215@example.com,False,False,£15k–£25k,77,General Needs,True,Partial,Phone,Polish,1,3,License
216,355,Tenant 216,7968078090,tenant216@example.com,False,False,<£15k,82,Overcrowded,False,Partial,Phone,Arabic,1,2,Assured Shorthold
217,400,Tenant 217,7235491190,tenant217@example.com,False,False,<£15k,45,Overcrowded,False,Full Housing Benefit,Post,Polish,0,1,Assured Shorthold
218,226,Tenant 218,7554595339,tenant218@example.com,False,False,£15k–£25k,33,General Needs,False,None,Post,Polish,2,3,Assured Shorthold
219,354,Tenant 219,7833500385,tenant219@example.com,False,False,£15k–£25k,64,General Needs,False,Full Housing Benefit,Text,Arabic,1,5,Assured Shorthold
220,235,Tenant 220,7316809172,tenant220@example.com,False,False,<£15k,75,General Needs,False,Full Housing Benefit,Email,English,1,2,Assured Shorthold
221,383,Tenant 221,7258783057,tenant221@example.com,False,False,<£15k,44,General Needs,False,None,Phone,English,0,1,Assured Shorthold
222,275,Tenant 222,7376903372,tenant222@example.com,False,False,<£15k,70,General Needs,False,None,Text,English,2,2,License
223,37,Tenant 223,7880720904,tenant223@example.com,False,False,£40k+,59,Homeless,True,None,Phone,Urdu,1,1,Secure
224,197,Tenant 224,7193445007,tenant224@example.com,False,False,£15k–£25k,76,Domestic Abuse,False,None,Phone,English,0,4,Secure
225,140,Tenant 225,7697391512,tenant225@example.com,False,False,£15k–£25k,64,Overcrowded,False,Partial,Email,English,1,1,License
226,365,Tenant 226,7692763677,tenant226@example.com,False,False,<£15k,51,Overcrowded,False,Partial,Email,English,0,2,Introductory
227,245,Tenant 227,7396568375,tenant227@example.com,False,False,£15k–£25k,54,General Needs,True,Full Housing Benefit,Text,English,1,2,Assured Shorthold
228,440,Tenant 228,7591942526,tenant228@example.com,True,False,<£15k,23,Domestic Abuse,False,Partial,Email,English,0,2,Assured Shorthold
229,287,Tenant 229,7944552318,tenant229@example.com,False,False,<£15k,24,General Needs,False,Full Housing Benefit,Email,Bengali,0,3,Secure
230,60,Tenant 230,7769003354,tenant230@example.com,False,False,£15k–£25k,42,General Needs,False,Full Housing Benefit,Text,English,0,3,Secure
231,112,Tenant 231,7661096687,tenant231@example.com,False,False,<£15k,50,General Needs,False,Partial,Email,English,1,1,Assured Shorthold
232,90,Tenant 232,7550535448,tenant232@example.com,False,False,<£15k,72,General Needs,False,Partial,Post,English,1,1,Secure
233,437,Tenant 233,7545004139,tenant233@example.com,False,False,<£15k,75,General Needs,False,Full Housing Benefit,Phone,English,1,1,Assured Shorthold
234,7,Tenant 234,7259128258,tenant234@example.com,False,False,<£15k,24,Move-on,False,Full Housing Benefit,Phone,English,0,4,Secure
235,361,Tenant 235,7731289471,tenant235@example.com,False,False,<£15k,74,Overcrowded,False,Partial,Phone,English,2,4,License
236,347,Tenant 236,7914301516,tenant236@example.com,False,False,£15k–£25k,29,General Needs,False,Full Housing Benefit,Phone,English,0,2,License
237,339,Tenant 237,7213424523,tenant237@example.com,False,False,£25k–£40k,33,Overcrowded,False,None,Text,English,0,3,Assured Shorthold
238,159,Tenant 238,7937029745,tenant238@example.com,False,False,£15k–£25k,60,Homeless,False,Partial,Phone,English,0,3,Assured Shorthold
239,151,Tenant 239,7943687944,tenant239@example.com,True,False,£15k–£25k,24,General Needs,False,Partial,Phone,English,1,1,Secure
240,178,Tenant 240,7675132064,tenant240@example.com,False,False,<£15k,68,Overcrowded,False,Partial,Phone,English,0,4,Introductory
241,394,Tenant 241,7541189818,tenant241@example.com,False,False,£40k+,49,General Needs,False,None,Phone,English,0,2,Assured Shorthold
242,185,Tenant 242,7511289794,tenant242@example.com,False,False,£15k–£25k,25,General Needs,False,Full Housing Benefit,Post,English,0,2,Secure
243,450,Tenant 243,7621392697,tenant243@example.com,False,False,<£15k,62,General Needs,False,Partial,Phone,English,0,2,License
244,11,Tenant 244,7753868135,tenant244@example.com,False,False,£15k–£25k,76,Domestic Abuse,False,Partial,Post,English,0,1,Introductory
245,381,Tenant 245,7140228456,tenant245@example.com,False,False,<£15k,21,Homeless,True,Full Housing Benefit,Text,Bengali,0,1,License
246,104,Tenant 246,7395723682,tenant246@example.com,False,False,£15k–£25k,84,General Needs,False,None,Email,English,0,3,Assured Shorthold
247,82,Tenant 247,7254460628,tenant247@example.com,False,False,£15k–£25k,46,Domestic Abuse,False,None,Phone,English,1,1,Assured Shorthold
248,39,Tenant 248,7753538609,tenant248@example.com,True,False,£25k–£40k,46,General Needs,False,Partial,Email,English,1,3,Assured Shorthold
249,315,Tenant 249,7844813102,tenant249@example.com,False,False,£15k–£25k,45,General Needs,False,None,Email,Other,1,1,License
250,168,Tenant 250,7141642429,tenant250@example.com,True,False,£25k–£40k,61,General Needs,False,None,Text,Polish,1,2,Introductory
251,470,Tenant 251,7455939049,tenant251@example.com,False,False,£40k+,21,Overcrowded,False,Partial,Email,English,0,2,Secure
252,297,Tenant 252,7355098831,tenant252@example.com,False,False,<£15k,26,Domestic Abuse,True,None,Post,Polish,0,2,Secure
253,475,Tenant 253,7900742774,tenant253@example.com,True,True,<£15k,22,General Needs,False,Partial,Email,English,0,3,Secure
254,199,Tenant 254,7388390253,tenant254@example.com,False,False,£15k–£25k,73,Overcrowded,True,Partial,Email,English,0,2,Introductory
255,298,Tenant 255,7121724902,tenant255@example.com,False,False,£15k–£25k,67,Overcrowded,True,Partial,Email,English,0,2,License
256,417,Tenant 256,7977661452,tenant256@example.com,False,False,£15k–£25k,32,General Needs,False,None,Phone,English,0,2,Secure
257,147,Tenant 257,7425402780,tenant257@example.com,False,False,£40k+,49,General Needs,False,Full Housing Benefit,Phone,Polish,0,3,Assured Shorthold
258,393,Tenant 258,7401019924,tenant258@example.com,False,False,£25k–£40k,45,General Needs,False,None,Post,English,0,4,Secure
259,148,Tenant 259,7847520637,tenant259@example.com,True,False,£15k–£25k,39,General Needs,False,None,Post,English,1,3,License
260,448,Tenant 260,7205460113,tenant260@example.com,False,False,£15k–£25k,34,Homeless,False,Full Housing Benefit,Phone,English,1,1,Introductory
261,288,Tenant 261,7244295352,tenant261@example.com,False,False,£25k–£40k,76,General Needs,False,None,Post,English,0,1,Introductory
262,124,Tenant 262,7898567178,tenant262@example.com,False,False,£40k+,74,General Needs,False,Full Housing Benefit,Phone,English,0,2,Assured Shorthold
263,369,Tenant 263,7931109347,tenant263@example.com,True,False,£25k–£40k,43,Homeless,False,Full Housing Benefit,Text,English,0,2,Assured Shorthold
264,97,Tenant 264,7389287503,tenant264@example.com,False,False,<£15k,42,General Needs,False,Partial,Email,English,1,1,Secure
265,144,Tenant 265,7547506309,tenant265@example.com,False,False,£15k–£25k,27,General Needs,False,Full Housing Benefit,Email,English,1,2,Secure
266,240,Tenant 266,7793159203,tenant266@example.com,False,False,<£15k,62,General Needs,False,None,Post,English,0,2,Introductory
267,443,Tenant 267,7301794412,tenant267@example.com,False,False,<£15k,28,General Needs,False,None,Phone,Polish,1,2,Introductory
268,98,Tenant 268,7326978821,tenant268@example.com,False,False,<£15k,70,General Needs,False,Partial,Phone,English,0,3,License
269,408,Tenant 269,7895583423,tenant269@example.com,False,False,£15k–£25k,45,Domestic Abuse,True,Full Housing Benefit,Post,English,0,1,License
270,123,Tenant 270,7915499713,tenant270@example.com,False,False,£15k–£25k,82,Overcrowded,False,Full Housing Benefit,Phone,English,0,1,Assured Shorthold
271,184,Tenant 271,7501483027,tenant271@example.com,False,False,<£15k,66,General Needs,False,Partial,Text,English,0,3,Introductory
272,203,Tenant 272,7653266624,tenant272@example.com,True,False,£15k–£25k,64,General Needs,False,None,Email,English,0,2,License
273,247,Tenant 273,7270695366,tenant273@example.com,False,True,£15k–£25k,69,General Needs,True,Partial,Post,Arabic,0,3,Introductory
274,306,Tenant 274,7434065879,tenant274@example.com,False,False,£15k–£25k,71,General Needs,False,Full Housing Benefit,Post,Other,0,2,Secure
275,299,Tenant 275,7644167285,tenant275@example.com,False,False,<£15k,77,General Needs,False,Partial,Phone,English,0,1,Assured Shorthold
276,352,Tenant 276,7245652883,tenant276@example.com,False,False,£15k–£25k,74,General Needs,False,Partial,Post,English,1,3,Secure
277,387,Tenant 277,7662948033,tenant277@example.com,False,False,£25k–£40k,64,General Needs,True,None,Text,English,1,3,License
278,396,Tenant 278,7131082848,tenant278@example.com,True,False,<£15k,48,General Needs,False,Full Housing Benefit,Phone,English,0,3,Assured Shorthold
279,285,Tenant 279,7306978174,tenant279@example.com,False,False,<£15k,63,General Needs,False,None,Phone,English,1,2,Secure
280,126,Tenant 280,7998696871,tenant280@example.com,False,False,£15k–£25k,43,General Needs,False,Partial,Phone,Urdu,0,2,Assured Shorthold
281,303,Tenant 281,7367888133,tenant281@example.com,False,False,£40k+,22,General Needs,False,None,Phone,English,0,2,Assured Shorthold
282,224,Tenant 282,7590108029,tenant282@example.com,False,False,£15k–£25k,69,Overcrowded,False,Full Housing Benefit,Text,English,0,1,Secure
283,419,Tenant 283,7486949792,tenant283@example.com,False,False,£15k–£25k,71,Domestic Abuse,False,Partial,Phone,English,0,4,Secure
284,220,Tenant 284,7313792490,tenant284@example.com,False,False,£15k–£25k,50,Homeless,False,None,Post,English,0,1,Assured Shorthold
285,130,Tenant 285,7495514868,tenant285@example.com,False,False,£15k–£25k,67,General Needs,False,Full Housing Benefit,Text,English,1,5,Assured Shorthold
286,421,Tenant 286,7642375317,tenant286@example.com,False,False,<£15k,55,Homeless,False,None,Email,English,0,2,Introductory
287,290,Tenant 287,7782266083,tenant287@example.com,False,False,£15k–£25k,44,Move-on,False,Partial,Email,Urdu,0,1,Assured Shorthold
288,445,Tenant 288,7831405402,tenant288@example.com,False,True,£40k+,32,General Needs,False,Full Housing Benefit,Post,Polish,1,2,Introductory
289,377,Tenant 289,7359779054,tenant289@example.com,False,False,£15k–£25k,78,Overcrowded,False,Full Housing Benefit,Post,English,0,4,Assured Shorthold
290,292,Tenant 290,7624830763,tenant290@example.com,False,True,£25k–£40k,38,General Needs,False,Partial,Text,English,0,3,Assured Shorthold
291,356,Tenant 291,7578999915,tenant291@example.com,True,False,£25k–£40k,63,Homeless,False,Full Housing Benefit,Email,Polish,1,3,Introductory
292,295,Tenant 292,7609578849,tenant292@example.com,False,False,<£15k,23,Homeless,False,Partial,Email,English,0,3,Assured Shorthold
293,397,Tenant 293,7691990078,tenant293@example.com,False,False,£40k+,55,General Needs,False,Full Housing Benefit,Email,English,0,3,Secure
294,341,Tenant 294,7469634556,tenant294@example.com,False,False,<£15k,79,Domestic Abuse,False,Partial,Email,English,0,3,Secure
295,113,Tenant 295,7999423880,tenant295@example.com,False,False,£15k–£25k,79,Homeless,False,Full Housing Benefit,Email,English,0,1,Introductory
296,180,Tenant 296,7904190892,tenant296@example.com,False,False,<£15k,63,General Needs,False,None,Phone,Somali,0,2,Assured Shorthold
297,308,Tenant 297,7197057590,tenant297@example.com,False,False,<£15k,30,General Needs,False,None,Post,Urdu,1,1,Assured Shorthold
298,433,Tenant 298,7129474736,tenant298@example.com,False,False,£15k–£25k,20,Overcrowded,False,None,Phone,English,0,5,Secure
299,488,Tenant 299,7153312407,tenant299@example.com,True,False,<£15k,23,General Needs,False,Partial,Email,English,1,4,Secure
300,482,Tenant 300,7714457408,tenant300@example.com,False,False,£15k–£25k,25,Homeless,False,Full Housing Benefit,Text,English,0,1,Secure
301,423,Tenant 301,7330122826,tenant301@example.com,False,False,£15k–£25k,61,Homeless,True,None,Text,English,0,3,Secure
302,234,Tenant 302,7795118868,tenant302@example.com,True,False,<£15k,50,General Needs,False,Full Housing Benefit,Email,Arabic,1,4,Assured Shorthold
303,312,Tenant 303,7827669728,tenant303@example.com,False,False,<£15k,67,General Needs,False,Full Housing Benefit,Email,English,0,1,Secure
304,165,Tenant 304,7388926290,tenant304@example.com,False,False,£15k–£25k,28,General Needs,False,Full Housing Benefit,Text,English,0,2,Assured Shorthold
305,137,Tenant 305,7539705006,tenant305@example.com,False,False,£15k–£25k,45,General Needs,True,Partial,Phone,English,1,4,License
306,198,Tenant 306,7121531054,tenant306@example.com,False,False,£25k–£40k,58,General Needs,False,None,Phone,English,0,1,Secure
307,259,Tenant 307,7924174943,tenant307@example.com,False,False,£15k–£25k,33,General Needs,False,Partial,Email,English,0,3,Assured Shorthold
308,233,Tenant 308,7109554136,tenant308@example.com,False,True,£25k–£40k,65,Overcrowded,False,Partial,Phone,English,0,2,Introductory
309,116,Tenant 309,7242071170,tenant309@example.com,False,False,£15k–£25k,73,General Needs,False,Full Housing Benefit,Text,English,0,4,Secure
310,121,Tenant 310,7285972787,tenant310@example.com,False,False,£15k–£25k,81,Overcrowded,False,None,Phone,Polish,1,5,Assured Shorthold
311,350,Tenant 311,7959922040,tenant311@example.com,False,False,£15k–£25k,76,Domestic Abuse,False,Partial,Email,English,0,4,Introductory
312,225,Tenant 312,7340271240,tenant312@example.com,False,False,<£15k,79,Homeless,False,Partial,Text,English,1,2,License
313,403,Tenant 313,7753204271,tenant313@example.com,False,False,£15k–£25k,28,Homeless,False,Full Housing Benefit,Phone,English,0,4,Secure
314,398,Tenant 314,7865299271,tenant314@example.com,False,False,£25k–£40k,35,General Needs,False,None,Post,Somali,1,3,License
315,128,Tenant 315,7790137154,tenant315@example.com,False,False,£15k–£25k,36,General Needs,True,Partial,Text,Romanian,0,2,Assured Shorthold
316,286,Tenant 316,7555059083,tenant316@example.com,False,True,£25k–£40k,72,General Needs,False,Full Housing Benefit,Text,English,0,3,Secure
317,412,Tenant 317,7474423649,tenant317@example.com,False,False,£25k–£40k,43,Domestic Abuse,False,Full Housing Benefit,Post,English,0,1,Assured Shorthold
318,108,Tenant 318,7370581558,tenant318@example.com,False,False,£25k–£40k,23,Overcrowded,False,Partial,Post,Urdu,0,2,License
319,371,Tenant 319,7601113183,tenant319@example.com,False,False,£40k+,21,Overcrowded,False,Partial,Text,English,0,1,Assured Shorthold
320,326,Tenant 320,7827133833,tenant320@example.com,True,False,£15k–£25k,46,Overcrowded,False,Full Housing Benefit,Post,English,0,1,Secure
321,134,Tenant 321,7985097007,tenant321@example.com,False,False,£15k–£25k,76,General Needs,True,None,Email,Urdu,0,1,Assured Shorthold
322,453,Tenant 322,7526439295,tenant322@example.com,False,False,£15k–£25k,34,General Needs,False,Full Housing Benefit,Email,English,2,3,Secure
323,45,Tenant 323,7209856785,tenant323@example.com,False,False,£15k–£25k,60,General Needs,True,Partial,Email,English,0,2,Secure
324,461,Tenant 324,7649233665,tenant324@example.com,False,False,£15k–£25k,83,Overcrowded,False,None,Text,English,1,3,Secure
325,66,Tenant 325,7501826151,tenant325@example.com,False,False,£25k–£40k,51,General Needs,False,Partial,Post,English,0,1,Secure
326,284,Tenant 326,7795078308,tenant326@example.com,False,True,£15k–£25k,25,General Needs,True,Partial,Post,English,1,2,Secure
327,86,Tenant 327,7753962570,tenant327@example.com,False,True,£15k–£25k,30,General Needs,False,Full Housing Benefit,Phone,Polish,2,2,Secure
328,243,Tenant 328,7420486085,tenant328@example.com,False,False,<£15k,25,General Needs,False,Full Housing Benefit,Phone,English,0,3,Assured Shorthold
329,187,Tenant 329,7216076355,tenant329@example.com,False,False,£15k–£25k,82,Domestic Abuse,False,None,Post,English,0,2,Secure
330,384,Tenant 330,7168544512,tenant330@example.com,True,False,<£15k,60,Overcrowded,False,Partial,Post,English,2,3,Secure
331,160,Tenant 331,7396871629,tenant331@example.com,False,False,£25k–£40k,56,Domestic Abuse,False,None,Post,English,0,4,Introductory
332,13,Tenant 332,7449113269,tenant332@example.com,False,False,£15k–£25k,76,General Needs,False,Full Housing Benefit,Text,Other,2,3,Assured Shorthold
333,36,Tenant 333,7380404354,tenant333@example.com,False,False,<£15k,61,Homeless,False,Full Housing Benefit,Post,English,2,1,Assured Shorthold
334,29,Tenant 334,7863531123,tenant334@example.com,False,False,<£15k,26,Homeless,False,Full Housing Benefit,Phone,English,0,1,Secure
335,171,Tenant 335,7420824516,tenant335@example.com,False,False,£15k–£25k,54,Homeless,False,Partial,Text,Somali,0,4,Secure
336,143,Tenant 336,7260985353,tenant336@example.com,False,False,£15k–£25k,53,Homeless,False,Full Housing Benefit,Post,English,0,1,Secure
337,399,Tenant 337,7921921869,tenant337@example.com,False,False,£15k–£25k,45,General Needs,False,None,Phone,English,0,4,Secure
338,343,Tenant 338,7160961339,tenant338@example.com,False,False,<£15k,59,General Needs,False,Partial,Text,English,0,2,Secure
339,222,Tenant 339,7533897383,tenant339@example.com,True,False,£15k–£25k,60,Move-on,False,None,Post,English,3,4,Secure
340,96,Tenant 340,7443152572,tenant340@example.com,False,False,£15k–£25k,59,Homeless,False,Full Housing Benefit,Post,English,0,3,Secure
341,52,Tenant 341,7250248163,tenant341@example.com,False,False,£15k–£25k,83,Move-on,False,None,Post,English,0,5,Secure
342,241,Tenant 342,7127332385,tenant342@example.com,False,False,£15k–£25k,72,Move-on,False,None,Text,Polish,1,2,Assured Shorthold
343,485,Tenant 343,7634050001,tenant343@example.com,False,False,£15k–£25k,65,Overcrowded,False,None,Phone,English,1,3,Secure
344,379,Tenant 344,7378556835,tenant344@example.com,False,False,<£15k,39,Domestic Abuse,False,None,Phone,English,2,2,Secure
345,179,Tenant 345,7534434754,tenant345@example.com,False,False,£40k+,44,Domestic Abuse,True,None,Email,English,1,2,Assured Shorthold
346,42,Tenant 346,7891060070,tenant346@example.com,False,False,£15k–£25k,84,General Needs,False,Partial,Post,English,0,3,Assured Shorthold
347,499,Tenant 347,7726016935,tenant347@example.com,False,False,£15k–£25k,30,General Needs,False,Full Housing Benefit,Email,Arabic,1,4,Secure
348,422,Tenant 348,7714225883,tenant348@example.com,False,False,<£15k,62,Homeless,False,Full Housing Benefit,Email,English,1,5,Introductory
349,207,Tenant 349,7468472812,tenant349@example.com,False,False,£15k–£25k,27,Domestic Abuse,False,None,Phone,English,0,3,Assured Shorthold
350,283,Tenant 350,7865974442,tenant350@example.com,True,False,<£15k,26,General Needs,False,Partial,Text,English,0,2,Secure
351,255,Tenant 351,7836928463,tenant351@example.com,False,False,£15k–£25k,71,General Needs,False,None,Text,English,0,2,Introductory
352,413,Tenant 352,7785383997,tenant352@example.com,True,False,£40k+,44,General Needs,False,Partial,Phone,English,0,3,License
353,5,Tenant 353,7610816782,tenant353@example.com,False,False,£15k–£25k,51,General Needs,False,Full Housing Benefit,Text,English,0,1,Secure
354,257,Tenant 354,7484933362,tenant354@example.com,False,False,<£15k,18,Overcrowded,False,Full Housing Benefit,Email,English,0,1,Secure
355,449,Tenant 355,7422331737,tenant355@example.com,False,False,<£15k,49,Homeless,False,Partial,Post,Polish,0,2,Introductory
356,101,Tenant 356,7806108387,tenant356@example.com,False,True,£15k–£25k,84,General Needs,False,Partial,Phone,English,0,2,Assured Shorthold
357,227,Tenant 357,7294493146,tenant357@example.com,True,True,<£15k,37,Homeless,False,Full Housing Benefit,Post,English,0,2,Secure
358,430,Tenant 358,7204800493,tenant358@example.com,False,False,<£15k,52,General Needs,False,Partial,Text,English,1,1,Secure
359,214,Tenant 359,7237378973,tenant359@example.com,False,False,£25k–£40k,34,General Needs,False,Full Housing Benefit,Post,Polish,0,1,Secure
360,172,Tenant 360,7377725308,tenant360@example.com,True,False,£15k–£25k,35,General Needs,True,Partial,Text,English,0,1,Assured Shorthold
361,99,Tenant 361,7967952618,tenant361@example.com,False,False,<£15k,62,Domestic Abuse,False,Full Housing Benefit,Text,Bengali,3,5,Assured Shorthold
362,293,Tenant 362,7919177195,tenant362@example.com,False,False,£40k+,70,General Needs,False,None,Email,English,0,2,Secure
363,216,Tenant 363,7829835592,tenant363@example.com,False,False,<£15k,82,Move-on,True,Full Housing Benefit,Text,Arabic,0,2,Assured Shorthold
364,62,Tenant 364,7802693852,tenant364@example.com,False,False,£40k+,18,General Needs,False,Partial,Email,Other,0,3,Assured Shorthold
365,48,Tenant 365,7338642889,tenant365@example.com,False,False,£15k–£25k,75,General Needs,False,Full Housing Benefit,Email,Arabic,0,1,Secure
366,33,Tenant 366,7339796534,tenant366@example.com,False,False,£25k–£40k,43,Domestic Abuse,False,Full Housing Benefit,Email,Somali,0,4,Secure
367,268,Tenant 367,7429730298,tenant367@example.com,False,False,£15k–£25k,37,General Needs,False,Full Housing Benefit,Phone,English,0,3,Assured Shorthold
368,328,Tenant 368,7946205663,tenant368@example.com,False,False,£25k–£40k,27,General Needs,False,Partial,Phone,English,0,1,Introductory
369,201,Tenant 369,7499090969,tenant369@example.com,False,False,£40k+,76,Overcrowded,True,Partial,Text,English,1,2,Assured Shorthold
370,447,Tenant 370,7728751749,tenant370@example.com,False,False,<£15k,58,Homeless,False,Full Housing Benefit,Email,English,0,4,Assured Shorthold
371,28,Tenant 371,7597959181,tenant371@example.com,False,False,£40k+,22,Homeless,False,Partial,Phone,English,1,4,Secure
372,425,Tenant 372,7605234798,tenant372@example.com,False,False,£15k–£25k,82,Homeless,True,None,Email,English,1,2,Assured Shorthold
373,231,Tenant 373,7781178315,tenant373@example.com,False,False,£15k–£25k,34,Homeless,False,None,Post,English,2,3,Assured Shorthold
374,261,Tenant 374,7723106450,tenant374@example.com,False,False,£15k–£25k,39,General Needs,False,Full Housing Benefit,Post,English,0,1,Secure
375,289,Tenant 375,7176467315,tenant375@example.com,False,False,£15k–£25k,58,Homeless,False,Partial,Post,Bengali,0,5,Secure
376,163,Tenant 376,7308889819,tenant376@example.com,False,False,<£15k,28,Overcrowded,False,Full Housing Benefit,Text,English,0,1,Secure
377,426,Tenant 377,7228651382,tenant377@example.com,False,False,£15k–£25k,73,General Needs,False,Full Housing Benefit,Email,English,0,4,Secure
378,139,Tenant 378,7509814203,tenant378@example.com,True,False,£15k–£25k,68,Homeless,False,None,Post,Arabic,1,3,Secure
379,63,Tenant 379,7420357050,tenant379@example.com,False,False,£25k–£40k,38,General Needs,False,Full Housing Benefit,Phone,Other,2,3,Secure
380,136,Tenant 380,7158048598,tenant380@example.com,False,False,£25k–£40k,43,Overcrowded,False,Partial,Post,English,0,2,Secure
381,129,Tenant 381,7247494816,tenant381@example.com,False,False,£15k–£25k,36,Homeless,False,Partial,Post,Arabic,0,1,Secure
382,477,Tenant 382,7467938988,tenant382@example.com,False,False,£15k–£25k,77,General Needs,False,Partial,Post,Other,1,1,Introductory
383,9,Tenant 383,7711392447,tenant383@example.com,False,False,<£15k,64,General Needs,True,Partial,Text,Other,2,1,Assured Shorthold
384,327,Tenant 384,7253785761,tenant384@example.com,False,True,<£15k,43,General Needs,False,Full Housing Benefit,Phone,English,0,1,Assured Shorthold
385,464,Tenant 385,7868443155,tenant385@example.com,True,True,<£15k,57,General Needs,False,Full Housing Benefit,Email,English,2,3,Introductory
386,65,Tenant 386,7936381727,tenant386@example.com,False,False,£15k–£25k,22,General Needs,False,Partial,Phone,English,0,2,Assured Shorthold
387,301,Tenant 387,7623535947,tenant387@example.com,False,False,<£15k,38,Overcrowded,False,Full Housing Benefit,Email,English,1,1,Secure
388,15,Tenant 388,7777566277,tenant388@example.com,False,False,£40k+,21,Overcrowded,False,Full Housing Benefit,Text,English,1,5,Assured Shorthold
389,157,Tenant 389,7436525794,tenant389@example.com,False,False,£15k–£25k,40,General Needs,False,Full Housing Benefit,Text,English,0,4,Assured Shorthold
390,41,Tenant 390,7162291621,tenant390@example.com,False,False,£15k–£25k,32,General Needs,False,Full Housing Benefit,Text,Somali,1,4,Assured Shorthold
391,380,Tenant 391,7585388459,tenant391@example.com,False,False,£15k–£25k,25,General Needs,True,Full Housing Benefit,Text,English,0,5,Assured Shorthold
392,469,Tenant 392,7324822604,tenant392@example.com,False,False,<£15k,58,Domestic Abuse,False,Full Housing Benefit,Email,Bengali,0,1,Secure
393,404,Tenant 393,7930584689,tenant393@example.com,False,False,£15k–£25k,36,Domestic Abuse,False,Partial,Post,English,0,2,Secure
394,217,Tenant 394,7718774770,tenant394@example.com,False,False,£15k–£25k,63,General Needs,False,Partial,Email,English,1,3,Secure
395,280,Tenant 395,7270118413,tenant395@example.com,False,True,£15k–£25k,45,Overcrowded,True,None,Phone,Urdu,0,3,Assured Shorthold
396,435,Tenant 396,7943113786,tenant396@example.com,False,False,£15k–£25k,32,General Needs,False,Full Housing Benefit,Text,English,1,1,Assured Shorthold
397,431,Tenant 397,7937252824,tenant397@example.com,False,True,£40k+,54,General Needs,True,Full Housing Benefit,Text,English,0,3,Secure
398,338,Tenant 398,7238948590,tenant398@example.com,False,True,£25k–£40k,18,Domestic Abuse,False,Full Housing Benefit,Phone,Arabic,0,1,License
399,237,Tenant 399,7565694083,tenant399@example.com,False,False,£15k–£25k,84,General Needs,False,Partial,Email,English,2,1,Assured Shorthold
400,208,Tenant 400,7561075177,tenant400@example.com,False,False,£15k–£25k,41,General Needs,False,Partial,Post,English,0,2,Secure
401,213,Tenant 401,7560662565,tenant401@example.com,False,False,£15k–£25k,44,Homeless,True,Full Housing Benefit,Post,Arabic,0,2,Secure
402,296,Tenant 402,7511582876,tenant402@example.com,False,False,<£15k,57,General Needs,False,None,Phone,English,2,2,Secure
403,458,Tenant 403,7140507249,tenant403@example.com,False,False,£15k–£25k,80,General Needs,False,Full Housing Benefit,Post,Polish,2,1,Secure
404,252,Tenant 404,7314119421,tenant404@example.com,True,False,<£15k,78,General Needs,False,Partial,Email,English,0,4,Secure
405,489,Tenant 405,7500614581,tenant405@example.com,False,True,£15k–£25k,53,Overcrowded,False,Partial,Email,Somali,0,2,Secure
406,487,Tenant 406,7445973716,tenant406@example.com,False,False,£15k–£25k,41,General Needs,False,None,Phone,English,0,1,Secure
407,304,Tenant 407,7994672466,tenant407@example.com,False,False,<£15k,41,Domestic Abuse,True,Partial,Email,Other,1,4,Secure
408,351,Tenant 408,7304630191,tenant408@example.com,False,False,£40k+,21,Homeless,False,None,Text,Polish,0,5,Introductory
409,270,Tenant 409,7826652789,tenant409@example.com,False,False,£40k+,84,General Needs,False,Full Housing Benefit,Phone,English,0,4,Secure
410,202,Tenant 410,7772899961,tenant410@example.com,False,True,£25k–£40k,51,Homeless,True,None,Email,English,0,3,Assured Shorthold
411,162,Tenant 411,7367171793,tenant411@example.com,False,False,£15k–£25k,74,Overcrowded,False,Full Housing Benefit,Phone,Other,0,3,Assured Shorthold
412,44,Tenant 412,7844666527,tenant412@example.com,True,False,£25k–£40k,66,General Needs,False,None,Post,English,0,2,License
413,218,Tenant 413,7435106513,tenant413@example.com,True,False,<£15k,70,General Needs,False,Partial,Email,English,1,1,Secure
414,402,Tenant 414,7210282113,tenant414@example.com,False,False,£25k–£40k,40,General Needs,False,None,Text,English,1,2,Secure
415,191,Tenant 415,7640453426,tenant415@example.com,False,False,<£15k,70,General Needs,False,Partial,Email,English,0,2,License
416,310,Tenant 416,7428688580,tenant416@example.com,False,False,£25k–£40k,79,Domestic Abuse,False,Partial,Phone,English,0,2,Introductory
417,260,Tenant 417,7170101400,tenant417@example.com,False,False,<£15k,58,Overcrowded,False,Partial,Phone,English,0,3,Introductory
418,106,Tenant 418,7420192227,tenant418@example.com,False,False,£25k–£40k,74,Overcrowded,False,Partial,Email,English,1,2,Secure
419,54,Tenant 419,7589547144,tenant419@example.com,False,False,£40k+,77,General Needs,False,Full Housing Benefit,Text,English,0,1,Secure
420,390,Tenant 420,7658655427,tenant420@example.com,False,False,<£15k,71,General Needs,False,Full Housing Benefit,Text,English,1,1,Assured Shorthold
421,2,Tenant 421,7662767039,tenant421@example.com,False,False,£15k–£25k,74,General Needs,False,Full Housing Benefit,Text,English,0,3,License
422,442,Tenant 422,7565644493,tenant422@example.com,False,False,£40k+,27,General Needs,False,Full Housing Benefit,Phone,English,1,1,Assured Shorthold
423,483,Tenant 423,7243655310,tenant423@example.com,False,False,£15k–£25k,57,Homeless,False,None,Email,Urdu,0,4,Assured Shorthold
424,50,Tenant 424,7626325353,tenant424@example.com,False,False,£25k–£40k,24,Move-on,False,Full Housing Benefit,Post,English,2,2,Secure
425,420,Tenant 425,7905430477,tenant425@example.com,False,False,£15k–£25k,55,Homeless,True,None,Phone,English,1,2,Introductory
426,81,Tenant 426,7277042316,tenant426@example.com,False,False,£15k–£25k,78,General Needs,False,Full Housing Benefit,Text,Arabic,0,2,Secure
427,206,Tenant 427,7120535029,tenant427@example.com,False,False,<£15k,20,Domestic Abuse,False,Full Housing Benefit,Email,English,0,3,Secure
428,35,Tenant 428,7340863230,tenant428@example.com,False,False,<£15k,68,General Needs,False,None,Text,Arabic,0,2,Assured Shorthold
429,264,Tenant 429,7240881133,tenant429@example.com,False,False,£25k–£40k,64,Domestic Abuse,True,Partial,Post,English,1,3,Assured Shorthold
430,428,Tenant 430,7888208775,tenant430@example.com,True,False,£15k–£25k,55,Homeless,False,Partial,Text,English,1,2,Secure
431,367,Tenant 431,7733177858,tenant431@example.com,False,False,£15k–£25k,53,Homeless,False,Partial,Text,English,0,2,Secure
432,92,Tenant 432,7281445989,tenant432@example.com,False,False,£15k–£25k,58,General Needs,False,Partial,Post,English,1,4,Assured Shorthold
433,340,Tenant 433,7493624575,tenant433@example.com,False,True,£15k–£25k,30,General Needs,True,Full Housing Benefit,Email,English,0,3,Secure
434,474,Tenant 434,7798512415,tenant434@example.com,True,False,£25k–£40k,75,Homeless,True,None,Phone,English,1,3,Assured Shorthold
435,53,Tenant 435,7140118673,tenant435@example.com,True,False,£40k+,67,Homeless,False,None,Email,English,0,4,Secure
436,346,Tenant 436,7787539531,tenant436@example.com,False,False,£15k–£25k,47,General Needs,False,Partial,Post,English,0,4,Assured Shorthold
437,265,Tenant 437,7928123020,tenant437@example.com,False,False,£25k–£40k,79,Homeless,False,Full Housing Benefit,Text,English,0,3,Assured Shorthold
438,242,Tenant 438,7769085879,tenant438@example.com,False,False,£25k–£40k,42,General Needs,False,Partial,Email,English,0,3,Secure
439,14,Tenant 439,7737721108,tenant439@example.com,False,False,£15k–£25k,44,General Needs,True,Full Housing Benefit,Phone,English,0,3,Secure
440,316,Tenant 440,7810784787,tenant440@example.com,False,False,£40k+,68,Homeless,False,Full Housing Benefit,Post,English,1,3,Secure
441,89,Tenant 441,7801762883,tenant441@example.com,True,False,<£15k,74,Homeless,False,Full Housing Benefit,Email,English,0,3,Secure
442,388,Tenant 442,7151791998,tenant442@example.com,False,False,<£15k,64,General Needs,False,Partial,Phone,English,0,3,License
443,274,Tenant 443,7224328383,tenant443@example.com,True,False,£25k–£40k,56,Domestic Abuse,False,None,Post,Arabic,0,1,Secure
444,167,Tenant 444,7577078832,tenant444@example.com,False,False,£15k–£25k,33,Domestic Abuse,False,Partial,Phone,English,2,4,Introductory
445,329,Tenant 445,7232709191,tenant445@example.com,False,False,£25k–£40k,39,General Needs,False,Partial,Post,Polish,0,4,Secure
446,493,Tenant 446,7371375678,tenant446@example.com,False,False,£25k–£40k,71,General Needs,False,Partial,Text,English,0,1,Assured Shorthold
447,135,Tenant 447,7853625262,tenant447@example.com,False,True,<£15k,38,General Needs,False,Full Housing Benefit,Email,English,0,3,Introductory
448,307,Tenant 448,7320648482,tenant448@example.com,False,False,£25k–£40k,33,General Needs,False,Full Housing Benefit,Phone,Other,1,1,Assured Shorthold
449,481,Tenant 449,7836307746,tenant449@example.com,False,False,£15k–£25k,76,Domestic Abuse,True,None,Post,English,0,2,Assured Shorthold
450,320,Tenant 450,7109990686,tenant450@example.com,False,False,£15k–£25k,48,Homeless,True,Full Housing Benefit,Phone,English,1,3,Assured Shorthold
